source,id,name,name_clean,name_norm,name_tokens,description,description_clean,description_norm,description_tokens,category,category_clean,category_norm,category_tokens,price,rating,time_minutes,latitude,longitude,vote_count,htm_weekday,htm_weekend,rating_normalized,price_normalized,category_standardized,category_id,unified_price,merged_id,indoor,outdoor
dataset2,42,Affandi Museum,affandi museum,affandi museum,"['affandi', 'museum']",museum affandi merupakan salah satu museum seni di daerah istimewa yogyakarta indonesia museum yang berada di tepi sungai gajah wong ini menyimpan berbagai macam lukisan karya affandi selain itu museum ini juga menyimpan banyak benda peninggalan affandi lainnya seperti mobil sepeda onthel dan masih banyak lagi ada lebih dari lukisan termasuk beberapa potret diri dan karya dari seniman terkenal lainnya seperti sudjojono hendra gunawan dan barli jangan lupa untuk mengambil foto rumah affandi yang ikonis dengan atap yang berbentuk pelepah pisang,museum affandi merupakan salah satu museum seni di daerah istimewa yogyakarta indonesia museum yang berada di tepi sungai gajah wong ini menyimpan berbagai macam lukisan karya affandi selain itu museum ini juga menyimpan banyak benda peninggalan affandi lainnya seperti mobil sepeda onthel dan masih banyak lagi ada lebih dari lukisan termasuk beberapa potret diri dan karya dari seniman terkenal lainnya seperti sudjojono hendra gunawan dan barli jangan lupa untuk mengambil foto rumah affandi yang ikonis dengan atap yang berbentuk pelepah pisang,museum affandi merupakan salah satu museum seni di daerah istimewa yogyakarta indonesia museum yang berada di tepi sungai gajah wong ini menyimpan berbagai macam lukisan karya affandi selain itu museum ini juga menyimpan banyak benda peninggalan affandi lainnya seperti mobil sepeda onthel dan masih banyak lagi ada lebih dari lukisan termasuk beberapa potret diri dan karya dari seniman terkenal lainnya seperti sudjojono hendra gunawan dan barli jangan lupa untuk mengambil foto rumah affandi yang ikonis dengan atap yang berbentuk pelepah pisang,"['museum', 'affandi', 'merupakan', 'salah', 'satu', 'museum', 'seni', 'daerah', 'istimewa', 'yogyakarta', 'indonesia', 'museum', 'yang', 'berada', 'tepi', 'sungai', 'gajah', 'wong', 'ini', 'menyimpan', 'berbagai', 'macam', 'lukisan', 'karya', 'affandi', 'selain', 'itu', 'museum', 'ini', 'juga', 'menyimpan', 'banyak', 'benda', 'peninggalan', 'affandi', 'lainnya', 'seperti', 'mobil', 'sepeda', 'onthel', 'dan', 'masih', 'banyak', 'lagi', 'ada', 'lebih', 'dari', 'lukisan', 'termasuk', 'beberapa', 'potret', 'diri', 'dan', 'karya', 'dari', 'seniman', 'terkenal', 'lainnya', 'seperti', 'sudjojono', 'hendra', 'gunawan', 'dan', 'barli', 'jangan', 'lupa', 'untuk', 'mengambil', 'foto', 'rumah', 'affandi', 'yang', 'ikonis', 'dengan', 'atap', 'yang', 'berbentuk', 'pelepah', 'pisang']",Budaya_Dan_Sejarah,budaya dan sejarah,budaya dan sejarah,"['budaya', 'dan', 'sejarah']",0.0,4.6,,-7.782713,110.396397,1848.0,30000.0,30000.0,0.92,0.0217391304347826,budaya,2,30000.0,1,1,0
dataset2,466,Agro Tourism Bhumi Merapi,agro tourism bhumi merapi,agro tourism bhumi merapi,"['agro', 'tourism', 'bhumi', 'merapi']",agrowisata bhumi merapi yogyakarta tempat wisata yang terletak di daerah kaliurang ini menawarkan wisata edukasi bagi para pengunjungnya dibangun pada tahun dengan luas hektar tempat wisata ini menawarkan konsep pertanian perkebunan dan peternakan jadi selain liburan para pengunjung pun bisa mendapatkan banyak ilmu suasananya yang sejuk dan nyaman juga membuat para pengunjung betah berlama lama disana berbagai aktivitas wisata bisa dilakukan di tempat wisata ini utamanya kegiatan kegiatan yang berhubungan dengan pertanian peternakan dan perkebunan berikut beberapa diantaranya identik dengan wisata edukasi taman rekreasi ini menyediakan tempat belajar budidaya hewan bagi para pengunjungnya diantaranya kambing dan kelinci kambing yang dipelajari adalah jenis kambing ettawa kegiatan yang dilakukan diantaranya adalah memerah susu kambing memberikan susu dot bagi anak kambing mengolah susu untuk dijadikan yogurt dan ice cream pengolahan pakan ternak dan pengolahan kotoran kambing menjadi pupuk organik dan biogas sedangkan kelinci yang ada disini adalah kelinci hias dan kelinci pedaging dan pengunjung juga bisa memberi makan kepada kelinci selain itu ada juga binatang berjenis reptile yang dipelihara disini seperti ular kura kura dan reptile lainnya yang dapat digunakan sebagai sarana edukasi,agrowisata bhumi merapi yogyakarta tempat wisata yang terletak di daerah kaliurang ini menawarkan wisata edukasi bagi para pengunjungnya dibangun pada tahun dengan luas hektar tempat wisata ini menawarkan konsep pertanian perkebunan dan peternakan jadi selain liburan para pengunjung pun bisa mendapatkan banyak ilmu suasananya yang sejuk dan nyaman juga membuat para pengunjung betah berlama lama disana berbagai aktivitas wisata bisa dilakukan di tempat wisata ini utamanya kegiatan kegiatan yang berhubungan dengan pertanian peternakan dan perkebunan berikut beberapa diantaranya identik dengan wisata edukasi taman rekreasi ini menyediakan tempat belajar budidaya hewan bagi para pengunjungnya diantaranya kambing dan kelinci kambing yang dipelajari adalah jenis kambing ettawa kegiatan yang dilakukan diantaranya adalah memerah susu kambing memberikan susu dot bagi anak kambing mengolah susu untuk dijadikan yogurt dan ice cream pengolahan pakan ternak dan pengolahan kotoran kambing menjadi pupuk organik dan biogas sedangkan kelinci yang ada disini adalah kelinci hias dan kelinci pedaging dan pengunjung juga bisa memberi makan kepada kelinci selain itu ada juga binatang berjenis reptile yang dipelihara disini seperti ular kura kura dan reptile lainnya yang dapat digunakan sebagai sarana edukasi,agrowisata bhumi merapi yogyakarta tempat wisata yang terletak di daerah kaliurang ini menawarkan wisata edukasi bagi para pengunjungnya dibangun pada tahun dengan luas hektar tempat wisata ini menawarkan konsep pertanian perkebunan dan peternakan jadi selain liburan para pengunjung pun bisa mendapatkan banyak ilmu suasananya yang sejuk dan nyaman juga membuat para pengunjung betah berlama lama disana berbagai aktivitas wisata bisa dilakukan di tempat wisata ini utamanya kegiatan kegiatan yang berhubungan dengan pertanian peternakan dan perkebunan berikut beberapa diantaranya identik dengan wisata edukasi taman rekreasi ini menyediakan tempat belajar budidaya hewan bagi para pengunjungnya diantaranya kambing dan kelinci kambing yang dipelajari adalah jenis kambing ettawa kegiatan yang dilakukan diantaranya adalah memerah susu kambing memberikan susu dot bagi anak kambing mengolah susu untuk dijadikan yogurt dan ice cream pengolahan pakan ternak dan pengolahan kotoran kambing menjadi pupuk organik dan biogas sedangkan kelinci yang ada disini adalah kelinci hias dan kelinci pedaging dan pengunjung juga bisa memberi makan kepada kelinci selain itu ada juga binatang berjenis reptile yang dipelihara disini seperti ular kura kura dan reptile lainnya yang dapat digunakan sebagai sarana edukasi,"['agrowisata', 'bhumi', 'merapi', 'yogyakarta', 'tempat', 'wisata', 'yang', 'terletak', 'daerah', 'kaliurang', 'ini', 'menawarkan', 'wisata', 'edukasi', 'bagi', 'para', 'pengunjungnya', 'dibangun', 'pada', 'tahun', 'dengan', 'luas', 'hektar', 'tempat', 'wisata', 'ini', 'menawarkan', 'konsep', 'pertanian', 'perkebunan', 'dan', 'peternakan', 'jadi', 'selain', 'liburan', 'para', 'pengunjung', 'pun', 'bisa', 'mendapatkan', 'banyak', 'ilmu', 'suasananya', 'yang', 'sejuk', 'dan', 'nyaman', 'juga', 'membuat', 'para', 'pengunjung', 'betah', 'berlama', 'lama', 'disana', 'berbagai', 'aktivitas', 'wisata', 'bisa', 'dilakukan', 'tempat', 'wisata', 'ini', 'utamanya', 'kegiatan', 'kegiatan', 'yang', 'berhubungan', 'dengan', 'pertanian', 'peternakan', 'dan', 'perkebunan', 'berikut', 'beberapa', 'diantaranya', 'identik', 'dengan', 'wisata', 'edukasi', 'taman', 'rekreasi', 'ini', 'menyediakan', 'tempat', 'belajar', 'budidaya', 'hewan', 'bagi', 'para', 'pengunjungnya', 'diantaranya', 'kambing', 'dan', 'kelinci', 'kambing', 'yang', 'dipelajari', 'adalah', 'jenis', 'kambing', 'ettawa', 'kegiatan', 'yang', 'dilakukan', 'diantaranya', 'adalah', 'memerah', 'susu', 'kambing', 'memberikan', 'susu', 'dot', 'bagi', 'anak', 'kambing', 'mengolah', 'susu', 'untuk', 'dijadikan', 'yogurt', 'dan', 'ice', 'cream', 'pengolahan', 'pakan', 'ternak', 'dan', 'pengolahan', 'kotoran', 'kambing', 'menjadi', 'pupuk', 'organik', 'dan', 'biogas', 'sedangkan', 'kelinci', 'yang', 'ada', 'disini', 'adalah', 'kelinci', 'hias', 'dan', 'kelinci', 'pedaging', 'dan', 'pengunjung', 'juga', 'bisa', 'memberi', 'makan', 'kepada', 'kelinci', 'selain', 'itu', 'ada', 'juga', 'binatang', 'berjenis', 'reptile', 'yang', 'dipelihara', 'disini', 'seperti', 'ular', 'kura', 'kura', 'dan', 'reptile', 'lainnya', 'yang', 'dapat', 'digunakan', 'sebagai', 'sarana', 'edukasi']",Agrowisata,agrowisata,agrowisata,['agrowisata'],0.0,4.5,,-7.6400756,110.4264098,7697.0,30000.0,30000.0,0.9,0.0217391304347826,lainnya,7,30000.0,2,0,1
dataset2,454,Air Terjun Banyu Nibo,air terjun banyu nibo,air terjun banyu nibo,"['air', 'terjun', 'banyu', 'nibo']",air terjun mungil yang dikelilingi pepohonan cocok untuk healing dan eksplorasi,air terjun mungil yang dikelilingi pepohonan cocok untuk healing dan eksplorasi,air terjun mungil yang dikelilingi pepohonan cocok untuk healing dan eksplorasi,"['air', 'terjun', 'mungil', 'yang', 'dikelilingi', 'pepohonan', 'cocok', 'untuk', 'healing', 'dan', 'eksplorasi']",Wisata Air,wisata air,wisata air,"['wisata', 'air']",0.0,4.3,,-7.9033828,110.4572075,99.0,0.0,0.0,0.86,0.0,wisata air,5,0.0,3,0,1
dataset2,299,Air Terjun Kedung Manglu,air terjun kedung manglu,air terjun kedung manglu,"['air', 'terjun', 'kedung', 'manglu']",air terjun yang tersembunyi dengan suasana alami cocok untuk petualangan dan menikmati keindahan alam,air terjun yang tersembunyi dengan suasana alami cocok untuk petualangan dan menikmati keindahan alam,air terjun yang tersembunyi dengan suasana alami cocok untuk petualangan dan menikmati keindahan alam,"['air', 'terjun', 'yang', 'tersembunyi', 'dengan', 'suasana', 'alami', 'cocok', 'untuk', 'petualangan', 'dan', 'menikmati', 'keindahan', 'alam']",Wisata Air,wisata air,wisata air,"['wisata', 'air']",0.0,5.0,,-7.937667,110.408222,1.0,5000.0,5000.0,1.0,0.0036231884057971,wisata air,5,5000.0,4,0,1
dataset1,132,Air Terjun Kedung Pedut,air terjun kedung pedut,air terjun kedung pedut,"['air', 'terjun', 'kedung', 'pedut']","Air Terjun Kedung Pedut atau biasa disebut Curug Kedung Pedut berasal dari istilah bahasa Jawa. Curug yang berarti air terjun, kedung berarti kubangan atau kolam, dan pedut berarti kabut. Air Terjun Kedung Pedut merupakan salah satu wisata alam yang di Kulonprogo yang dikenal karena keindahan warna airnya.","air terjun kedung pedut atau biasa disebut curug kedung pedut berasal dari istilah bahasa jawa. curug yang berarti air terjun, kedung berarti kubangan atau kolam, dan pedut berarti kabut. air terjun kedung pedut merupakan salah satu wisata alam yang di kulonprogo yang dikenal karena keindahan warna airnya.",air terjun kedung pedut atau biasa disebut curug kedung pedut berasal dari istilah bahasa jawa curug yang berarti air terjun kedung berarti kubangan atau kolam dan pedut berarti kabut air terjun kedung pedut merupakan salah satu wisata alam yang di kulonprogo yang dikenal karena keindahan warna airnya,"['air', 'terjun', 'kedung', 'pedut', 'atau', 'biasa', 'disebut', 'curug', 'kedung', 'pedut', 'berasal', 'dari', 'istilah', 'bahasa', 'jawa', 'curug', 'yang', 'berarti', 'air', 'terjun', 'kedung', 'berarti', 'kubangan', 'atau', 'kolam', 'dan', 'pedut', 'berarti', 'kabut', 'air', 'terjun', 'kedung', 'pedut', 'merupakan', 'salah', 'satu', 'wisata', 'alam', 'yang', 'kulonprogo', 'yang', 'dikenal', 'karena', 'keindahan', 'warna', 'airnya']",Cagar Alam,cagar alam,cagar alam,"['cagar', 'alam']",20000.0,4.5,60.0,-7.7699875,110.1210707,0.0,0.0,0.0,0.9,,cagar alam,1,20000.0,5,0,1
dataset2,148,Air Terjun Sindet,air terjun sindet,air terjun sindet,"['air', 'terjun', 'sindet']",air terjun dengan aliran yang deras dan lingkungan hijau menjadi destinasi favorit untuk wisata alam,air terjun dengan aliran yang deras dan lingkungan hijau menjadi destinasi favorit untuk wisata alam,air terjun dengan aliran yang deras dan lingkungan hijau menjadi destinasi favorit untuk wisata alam,"['air', 'terjun', 'dengan', 'aliran', 'yang', 'deras', 'dan', 'lingkungan', 'hijau', 'menjadi', 'destinasi', 'favorit', 'untuk', 'wisata', 'alam']",Wisata Air,wisata air,wisata air,"['wisata', 'air']",0.0,1.0,,-7.9011588,110.3934474,1.0,10000.0,10000.0,0.2,0.0072463768115942,wisata air,5,10000.0,6,0,1
dataset1,192,Air Terjun Sri Gethuk,air terjun sri gethuk,air terjun sri gethuk,"['air', 'terjun', 'sri', 'gethuk']","Air Terjun Sri Gethuk merupakan salah satu objek wisata alam yang terletak di Kecamatan Playen, Kabupaten Gunungkidul, Yogyakarta. Air terjun ini berada di tepi Sungai Oyo sehingga untuk menikmatinya harus menyelusuri sungai dengan rakit. Sepanjang perjalanan akan disuguhi pemandangan berupa tebing tebing kapur dikanan-kiri dan rimbunnya pepohonan. Jika di musim kemarau, air sungai akan sangat jernih berwana kehijauan dan tenang.\nAir terjun Sri Gethuk ini memiliki 3 sumber mata air yaitu mata air Ngandong, Dong Poh, dan Ngumbul. Ketiga mata air ini berkumpul dan mengalir melalui tebing tinggi hingga membentuk air terjun Sri Gethuk. Air Terjun Sri Gethuk memiliki tinggi sekira 25 meter dengan 3-5 terjunan air terjun tergantung musim. Air yang tak pernah kering itu jatuh tak membuat kolam namun langsung merayapi bebatuan kapur yang rapi di tepi sungai. Air terjun ini sedang dalam tahap pengembangan untuk menjadi destinasi wisata andalan Kabupaten Gunungkidul selain dari pantai dan pegunungan karst.\nAir Terjun Sri Gethuk juga disebut sebagai Air Terjun Slempret. Nama Slempret sendiri berasal dari legenda yang ada di Desa Bleberan. Menurut cerita yang beredar di masyarakat, air tejun ini merupakan pusatnya para jin dengan pimpinan Jin Anggo Menduro. Air terjun ini bermula dari tiga sumber mata air yaitu Kedungpoh, Ngandong, dan Ngumbul. Ketiga sumber mata air tersebut mengalir menjadi satu dan membentuk butiran-butiran air yang jatuh dari tebing bebatuan karst yang tandus.","air terjun sri gethuk merupakan salah satu objek wisata alam yang terletak di kecamatan playen, kabupaten gunungkidul, yogyakarta. air terjun ini berada di tepi sungai oyo sehingga untuk menikmatinya harus menyelusuri sungai dengan rakit. sepanjang perjalanan akan disuguhi pemandangan berupa tebing tebing kapur dikanan kiri dan rimbunnya pepohonan. jika di musim kemarau, air sungai akan sangat jernih berwana kehijauan dan tenang. nair terjun sri gethuk ini memiliki 3 sumber mata air yaitu mata air ngandong, dong poh, dan ngumbul. ketiga mata air ini berkumpul dan mengalir melalui tebing tinggi hingga membentuk air terjun sri gethuk. air terjun sri gethuk memiliki tinggi sekira 25 meter dengan 3 5 terjunan air terjun tergantung musim. air yang tak pernah kering itu jatuh tak membuat kolam namun langsung merayapi bebatuan kapur yang rapi di tepi sungai. air terjun ini sedang dalam tahap pengembangan untuk menjadi destinasi wisata andalan kabupaten gunungkidul selain dari pantai dan pegunungan karst. nair terjun sri gethuk juga disebut sebagai air terjun slempret. nama slempret sendiri berasal dari legenda yang ada di desa bleberan. menurut cerita yang beredar di masyarakat, air tejun ini merupakan pusatnya para jin dengan pimpinan jin anggo menduro. air terjun ini bermula dari tiga sumber mata air yaitu kedungpoh, ngandong, dan ngumbul. ketiga sumber mata air tersebut mengalir menjadi satu dan membentuk butiran butiran air yang jatuh dari tebing bebatuan karst yang tandus.",air terjun sri gethuk merupakan salah satu objek wisata alam yang terletak di kecamatan playen kabupaten gunungkidul yogyakarta air terjun ini berada di tepi sungai oyo sehingga untuk menikmatinya harus menyelusuri sungai dengan rakit sepanjang perjalanan akan disuguhi pemandangan berupa tebing tebing kapur dikanan kiri dan rimbunnya pepohonan jika di musim kemarau air sungai akan sangat jernih berwana kehijauan dan tenang nair terjun sri gethuk ini memiliki 3 sumber mata air yaitu mata air ngandong dong poh dan ngumbul ketiga mata air ini berkumpul dan mengalir melalui tebing tinggi hingga membentuk air terjun sri gethuk air terjun sri gethuk memiliki tinggi sekira 25 meter dengan 3 5 terjunan air terjun tergantung musim air yang tak pernah kering itu jatuh tak membuat kolam namun langsung merayapi bebatuan kapur yang rapi di tepi sungai air terjun ini sedang dalam tahap pengembangan untuk menjadi destinasi wisata andalan kabupaten gunungkidul selain dari pantai dan pegunungan karst nair terjun sri gethuk juga disebut sebagai air terjun slempret nama slempret sendiri berasal dari legenda yang ada di desa bleberan menurut cerita yang beredar di masyarakat air tejun ini merupakan pusatnya para jin dengan pimpinan jin anggo menduro air terjun ini bermula dari tiga sumber mata air yaitu kedungpoh ngandong dan ngumbul ketiga sumber mata air tersebut mengalir menjadi satu dan membentuk butiran butiran air yang jatuh dari tebing bebatuan karst yang tandus,"['air', 'terjun', 'sri', 'gethuk', 'merupakan', 'salah', 'satu', 'objek', 'wisata', 'alam', 'yang', 'terletak', 'kecamatan', 'playen', 'kabupaten', 'gunungkidul', 'yogyakarta', 'air', 'terjun', 'ini', 'berada', 'tepi', 'sungai', 'oyo', 'sehingga', 'untuk', 'menikmatinya', 'harus', 'menyelusuri', 'sungai', 'dengan', 'rakit', 'sepanjang', 'perjalanan', 'akan', 'disuguhi', 'pemandangan', 'berupa', 'tebing', 'tebing', 'kapur', 'dikanan', 'kiri', 'dan', 'rimbunnya', 'pepohonan', 'jika', 'musim', 'kemarau', 'air', 'sungai', 'akan', 'sangat', 'jernih', 'berwana', 'kehijauan', 'dan', 'tenang', 'nair', 'terjun', 'sri', 'gethuk', 'ini', 'memiliki', 'sumber', 'mata', 'air', 'yaitu', 'mata', 'air', 'ngandong', 'dong', 'poh', 'dan', 'ngumbul', 'ketiga', 'mata', 'air', 'ini', 'berkumpul', 'dan', 'mengalir', 'melalui', 'tebing', 'tinggi', 'hingga', 'membentuk', 'air', 'terjun', 'sri', 'gethuk', 'air', 'terjun', 'sri', 'gethuk', 'memiliki', 'tinggi', 'sekira', 'meter', 'dengan', 'terjunan', 'air', 'terjun', 'tergantung', 'musim', 'air', 'yang', 'tak', 'pernah', 'kering', 'itu', 'jatuh', 'tak', 'membuat', 'kolam', 'namun', 'langsung', 'merayapi', 'bebatuan', 'kapur', 'yang', 'rapi', 'tepi', 'sungai', 'air', 'terjun', 'ini', 'sedang', 'dalam', 'tahap', 'pengembangan', 'untuk', 'menjadi', 'destinasi', 'wisata', 'andalan', 'kabupaten', 'gunungkidul', 'selain', 'dari', 'pantai', 'dan', 'pegunungan', 'karst', 'nair', 'terjun', 'sri', 'gethuk', 'juga', 'disebut', 'sebagai', 'air', 'terjun', 'slempret', 'nama', 'slempret', 'sendiri', 'berasal', 'dari', 'legenda', 'yang', 'ada', 'desa', 'bleberan', 'menurut', 'cerita', 'yang', 'beredar', 'masyarakat', 'air', 'tejun', 'ini', 'merupakan', 'pusatnya', 'para', 'jin', 'dengan', 'pimpinan', 'jin', 'anggo', 'menduro', 'air', 'terjun', 'ini', 'bermula', 'dari', 'tiga', 'sumber', 'mata', 'air', 'yaitu', 'kedungpoh', 'ngandong', 'dan', 'ngumbul', 'ketiga', 'sumber', 'mata', 'air', 'tersebut', 'mengalir', 'menjadi', 'satu', 'dan', 'membentuk', 'butiran', 'butiran', 'air', 'yang', 'jatuh', 'dari', 'tebing', 'bebatuan', 'karst', 'yang', 'tandus']",Cagar Alam,cagar alam,cagar alam,"['cagar', 'alam']",15000.0,4.4,,-7.943178,110.48924,0.0,0.0,0.0,0.8800000000000001,,cagar alam,1,15000.0,7,0,1
dataset2,330,Aisha tour planner & transport service,aisha tour planner transport service,aisha tour planner transport service,"['aisha', 'tour', 'planner', 'transport', 'service']",layanan perencanaan tour dan transportasi privat di yogyakarta menyediakan paket city tour antar jemput bandara hingga trip luar kota,layanan perencanaan tour dan transportasi privat di yogyakarta menyediakan paket city tour antar jemput bandara hingga trip luar kota,layanan perencanaan tour dan transportasi privat di yogyakarta menyediakan paket city tour antar jemput bandara hingga trip luar kota,"['layanan', 'perencanaan', 'tour', 'dan', 'transportasi', 'privat', 'yogyakarta', 'menyediakan', 'paket', 'city', 'tour', 'antar', 'jemput', 'bandara', 'hingga', 'trip', 'luar', 'kota']",Agrowisata,agrowisata,agrowisata,['agrowisata'],0.0,5.0,,-7.7972273,110.3905519,2.0,5000.0,5000.0,1.0,0.0036231884057971,lainnya,7,5000.0,8,0,1
dataset1,96,Alun Alun Selatan Yogyakarta,alun alun selatan yogyakarta,alun alun selatan yogyakarta,"['alun', 'alun', 'selatan', 'yogyakarta']","Alun-alun Selatan atau yang sekarang lebih dikenal sebagai Alun-alun Kidul (Alkid) yaitu alun-alun yang terletak di sebelah selatan karaton Yogyakarta. Alun-alun ini berbentuk tanah lapang luas berpasir, dengan luas sekitar 160m x 160 m. Alun-alun ini dikelilingi pagar tembok batu bata setinggi 2,20 m, tebal pagar tembok 30 cm, sudah banyak yang runtuh dan rusak. Adapun pagar tembok yang dapat disaksikan sekarang adalah pagar tembok baru, yang dibangun oleh Sri Sultan Hamengkubuwono ke VII pada masa pemerintahannya tahun 1877 -1921 M.","alun alun selatan atau yang sekarang lebih dikenal sebagai alun alun kidul alkid yaitu alun alun yang terletak di sebelah selatan karaton yogyakarta. alun alun ini berbentuk tanah lapang luas berpasir, dengan luas sekitar 160m x 160 m. alun alun ini dikelilingi pagar tembok batu bata setinggi 2,20 m, tebal pagar tembok 30 cm, sudah banyak yang runtuh dan rusak. adapun pagar tembok yang dapat disaksikan sekarang adalah pagar tembok baru, yang dibangun oleh sri sultan hamengkubuwono ke vii pada masa pemerintahannya tahun 1877 1921 m.",alun alun selatan atau yang sekarang lebih dikenal sebagai alun alun kidul alkid yaitu alun alun yang terletak di sebelah selatan karaton yogyakarta alun alun ini berbentuk tanah lapang luas berpasir dengan luas sekitar 160m x 160 m alun alun ini dikelilingi pagar tembok batu bata setinggi 220 m tebal pagar tembok 30 cm sudah banyak yang runtuh dan rusak adapun pagar tembok yang dapat disaksikan sekarang adalah pagar tembok baru yang dibangun oleh sri sultan hamengkubuwono ke vii pada masa pemerintahannya tahun 1877 1921 m,"['alun', 'alun', 'selatan', 'atau', 'yang', 'sekarang', 'lebih', 'dikenal', 'sebagai', 'alun', 'alun', 'kidul', 'alkid', 'yaitu', 'alun', 'alun', 'yang', 'terletak', 'sebelah', 'selatan', 'karaton', 'yogyakarta', 'alun', 'alun', 'ini', 'berbentuk', 'tanah', 'lapang', 'luas', 'berpasir', 'dengan', 'luas', 'sekitar', '160m', '160', 'alun', 'alun', 'ini', 'dikelilingi', 'pagar', 'tembok', 'batu', 'bata', 'setinggi', '220', 'tebal', 'pagar', 'tembok', 'sudah', 'banyak', 'yang', 'runtuh', 'dan', 'rusak', 'adapun', 'pagar', 'tembok', 'yang', 'dapat', 'disaksikan', 'sekarang', 'adalah', 'pagar', 'tembok', 'baru', 'yang', 'dibangun', 'oleh', 'sri', 'sultan', 'hamengkubuwono', 'vii', 'pada', 'masa', 'pemerintahannya', 'tahun', '1877', '1921']",Taman Hiburan,taman hiburan,taman hiburan,"['taman', 'hiburan']",0.0,4.6,60.0,-7.8116719,110.363238,0.0,0.0,0.0,0.92,,taman hiburan,3,0.0,9,1,1
dataset2,50,Andi Bayou Museum,andi bayou museum,andi bayou museum,"['andi', 'bayou', 'museum']",museum pribadi yang menampilkan koleksi seni dan budaya memberikan wawasan tentang kreativitas lokal,museum pribadi yang menampilkan koleksi seni dan budaya memberikan wawasan tentang kreativitas lokal,museum pribadi yang menampilkan koleksi seni dan budaya memberikan wawasan tentang kreativitas lokal,"['museum', 'pribadi', 'yang', 'menampilkan', 'koleksi', 'seni', 'dan', 'budaya', 'memberikan', 'wawasan', 'tentang', 'kreativitas', 'lokal']",Museum,museum,museum,['museum'],0.0,5.0,,-7.7759703,110.3485938,1.0,0.0,0.0,1.0,0.0,museum,6,0.0,10,1,0
dataset2,67,ARTJOG MMXIX,artjog mmxix,artjog mmxix,"['artjog', 'mmxix']",pameran seni kontemporer berskala internasional yang diadakan tahunan di yogyakarta tahun mengusung tema keberagaman dan inklusivitas,pameran seni kontemporer berskala internasional yang diadakan tahunan di yogyakarta tahun mengusung tema keberagaman dan inklusivitas,pameran seni kontemporer berskala internasional yang diadakan tahunan di yogyakarta tahun mengusung tema keberagaman dan inklusivitas,"['pameran', 'seni', 'kontemporer', 'berskala', 'internasional', 'yang', 'diadakan', 'tahunan', 'yogyakarta', 'tahun', 'mengusung', 'tema', 'keberagaman', 'dan', 'inklusivitas']",Budaya_Dan_Sejarah,budaya dan sejarah,budaya dan sejarah,"['budaya', 'dan', 'sejarah']",0.0,4.7,,-7.7996687,110.3533668,223.0,50000.0,50000.0,0.94,0.036231884057971,budaya,2,50000.0,11,1,0
dataset2,65,BACKSPACE Art Lab and Museum,backspace art lab and museum,backspace art lab and museum,"['backspace', 'art', 'lab', 'and', 'museum']",ruang seni dan museum yang menampilkan karya seni kontemporer dan eksperimen kreatif,ruang seni dan museum yang menampilkan karya seni kontemporer dan eksperimen kreatif,ruang seni dan museum yang menampilkan karya seni kontemporer dan eksperimen kreatif,"['ruang', 'seni', 'dan', 'museum', 'yang', 'menampilkan', 'karya', 'seni', 'kontemporer', 'dan', 'eksperimen', 'kreatif']",Budaya_Dan_Sejarah,budaya dan sejarah,budaya dan sejarah,"['budaya', 'dan', 'sejarah']",0.0,5.0,,-7.8503547,110.351145,1.0,10000.0,10000.0,1.0,0.0072463768115942,budaya,2,10000.0,12,1,0
dataset2,334,Bahasa Kopi,bahasa kopi,bahasa kopi,"['bahasa', 'kopi']",kafe edukatif yang menggabungkan pengalaman ngopi dengan pelatihan bahasa diskusi budaya dan ruang komunitas kreatif,kafe edukatif yang menggabungkan pengalaman ngopi dengan pelatihan bahasa diskusi budaya dan ruang komunitas kreatif,kafe edukatif yang menggabungkan pengalaman ngopi dengan pelatihan bahasa diskusi budaya dan ruang komunitas kreatif,"['kafe', 'edukatif', 'yang', 'menggabungkan', 'pengalaman', 'ngopi', 'dengan', 'pelatihan', 'bahasa', 'diskusi', 'budaya', 'dan', 'ruang', 'komunitas', 'kreatif']",Kuliner,kuliner,kuliner,['kuliner'],0.0,4.6,,-7.7344993,110.3897969,183.0,0.0,0.0,0.92,0.0,lainnya,7,0.0,13,1,0
dataset2,361,Bale Banjar Sangkring,bale banjar sangkring,bale banjar sangkring,"['bale', 'banjar', 'sangkring']",galeri seni kontemporer yang menjadi ruang ekspresi kreatif seniman yogyakarta selain pameran seni tempat ini juga menjadi ruang diskusi pertunjukan dan kegiatan budaya,galeri seni kontemporer yang menjadi ruang ekspresi kreatif seniman yogyakarta selain pameran seni tempat ini juga menjadi ruang diskusi pertunjukan dan kegiatan budaya,galeri seni kontemporer yang menjadi ruang ekspresi kreatif seniman yogyakarta selain pameran seni tempat ini juga menjadi ruang diskusi pertunjukan dan kegiatan budaya,"['galeri', 'seni', 'kontemporer', 'yang', 'menjadi', 'ruang', 'ekspresi', 'kreatif', 'seniman', 'yogyakarta', 'selain', 'pameran', 'seni', 'tempat', 'ini', 'juga', 'menjadi', 'ruang', 'diskusi', 'pertunjukan', 'dan', 'kegiatan', 'budaya']",Budaya_Dan_Sejarah,budaya dan sejarah,budaya dan sejarah,"['budaya', 'dan', 'sejarah']",0.0,4.6,,-7.8122863,110.343125,633.0,25000.0,25000.0,0.92,0.0181159420289855,budaya,2,25000.0,14,1,0
dataset2,147,Balong Waterpark,balong waterpark,balong waterpark,"['balong', 'waterpark']",full of splash and fun itulah slogan yang diusung oleh balong waterpark di dalam waterpark ini akan kita temukan dua buah kolam utama yang diperuntukkan untuk balita dan orang dewasa selain itu berbagai wahana permainan semacam ember tumbah water coaster hingga family slide juga tersedia untuk dinikmati suasana di dalam lokasi cukup sejuk dan bersih berbagai fasilitas umum juga sudah disiapkan untuk memberi kenyamanan bagi para pengunjung waterpark ini sangat recomended sebagai tujuan rekreasi akhir pekan bersama keluarga anak anak bisa bermain sepuasnya orang dewasa juga bisa bersantai dengan nyamannya,full of splash and fun itulah slogan yang diusung oleh balong waterpark di dalam waterpark ini akan kita temukan dua buah kolam utama yang diperuntukkan untuk balita dan orang dewasa selain itu berbagai wahana permainan semacam ember tumbah water coaster hingga family slide juga tersedia untuk dinikmati suasana di dalam lokasi cukup sejuk dan bersih berbagai fasilitas umum juga sudah disiapkan untuk memberi kenyamanan bagi para pengunjung waterpark ini sangat recomended sebagai tujuan rekreasi akhir pekan bersama keluarga anak anak bisa bermain sepuasnya orang dewasa juga bisa bersantai dengan nyamannya,full of splash and fun itulah slogan yang diusung oleh balong waterpark di dalam waterpark ini akan kita temukan dua buah kolam utama yang diperuntukkan untuk balita dan orang dewasa selain itu berbagai wahana permainan semacam ember tumbah water coaster hingga family slide juga tersedia untuk dinikmati suasana di dalam lokasi cukup sejuk dan bersih berbagai fasilitas umum juga sudah disiapkan untuk memberi kenyamanan bagi para pengunjung waterpark ini sangat recomended sebagai tujuan rekreasi akhir pekan bersama keluarga anak anak bisa bermain sepuasnya orang dewasa juga bisa bersantai dengan nyamannya,"['full', 'splash', 'and', 'fun', 'itulah', 'slogan', 'yang', 'diusung', 'oleh', 'balong', 'waterpark', 'dalam', 'waterpark', 'ini', 'akan', 'kita', 'temukan', 'dua', 'buah', 'kolam', 'utama', 'yang', 'diperuntukkan', 'untuk', 'balita', 'dan', 'orang', 'dewasa', 'selain', 'itu', 'berbagai', 'wahana', 'permainan', 'semacam', 'ember', 'tumbah', 'water', 'coaster', 'hingga', 'family', 'slide', 'juga', 'tersedia', 'untuk', 'dinikmati', 'suasana', 'dalam', 'lokasi', 'cukup', 'sejuk', 'dan', 'bersih', 'berbagai', 'fasilitas', 'umum', 'juga', 'sudah', 'disiapkan', 'untuk', 'memberi', 'kenyamanan', 'bagi', 'para', 'pengunjung', 'waterpark', 'ini', 'sangat', 'recomended', 'sebagai', 'tujuan', 'rekreasi', 'akhir', 'pekan', 'bersama', 'keluarga', 'anak', 'anak', 'bisa', 'bermain', 'sepuasnya', 'orang', 'dewasa', 'juga', 'bisa', 'bersantai', 'dengan', 'nyamannya']",Wisata Air,wisata air,wisata air,"['wisata', 'air']",0.0,4.2,,-7.8434924,110.4103899,2376.0,15000.0,20000.0,0.8400000000000001,0.0108695652173913,wisata air,5,15000.0,15,0,1
dataset2,112,Bangunan Jembatan Merah,bangunan jembatan merah,bangunan jembatan merah,"['bangunan', 'jembatan', 'merah']",jembatan bersejarah dengan arsitektur klasik yang menjadi saksi bisu perjalanan kota,jembatan bersejarah dengan arsitektur klasik yang menjadi saksi bisu perjalanan kota,jembatan bersejarah dengan arsitektur klasik yang menjadi saksi bisu perjalanan kota,"['jembatan', 'bersejarah', 'dengan', 'arsitektur', 'klasik', 'yang', 'menjadi', 'saksi', 'bisu', 'perjalanan', 'kota']",Buatan,buatan,buatan,['buatan'],0.0,4.6,,-7.7633465,110.3942161,8.0,0.0,0.0,0.92,0.0,taman hiburan,3,0.0,16,1,1
dataset2,429,Batu Papal,batu papal,batu papal,"['batu', 'papal']",batu papal adalah kawasan wisata alam di perbukitan gunungkidul dengan hamparan batu kapur besar dan pemandangan menakjubkan spot ini populer untuk menikmati sunrise dan sunset serta sebagai tempat foto estetik di alam terbuka,batu papal adalah kawasan wisata alam di perbukitan gunungkidul dengan hamparan batu kapur besar dan pemandangan menakjubkan spot ini populer untuk menikmati sunrise dan sunset serta sebagai tempat foto estetik di alam terbuka,batu papal adalah kawasan wisata alam di perbukitan gunungkidul dengan hamparan batu kapur besar dan pemandangan menakjubkan spot ini populer untuk menikmati sunrise dan sunset serta sebagai tempat foto estetik di alam terbuka,"['batu', 'papal', 'adalah', 'kawasan', 'wisata', 'alam', 'perbukitan', 'gunungkidul', 'dengan', 'hamparan', 'batu', 'kapur', 'besar', 'dan', 'pemandangan', 'menakjubkan', 'spot', 'ini', 'populer', 'untuk', 'menikmati', 'sunrise', 'dan', 'sunset', 'serta', 'sebagai', 'tempat', 'foto', 'estetik', 'alam', 'terbuka']",Alam,alam,alam,['alam'],0.0,4.2,,-7.789479,110.5185664,497.0,0.0,0.0,0.8400000000000001,0.0,cagar alam,1,0.0,17,0,1
dataset1,140,Bendung Lepen,bendung lepen,bendung lepen,"['bendung', 'lepen']","Bendung Lepen sendiri dulunya merupakan saluran irigasi yang tidak sebersih sekarang ini. Sebelumnya, tempat ini merupakan saluran irigasi yang kumuh disertai taman desa yang tak terurus. Namun, kesadaran para pemuda akan kebersihan lingkungan mengubah kali (sungai/lepen) yang semula begitu kotor menjadi tempat wisata yang disenangi banyak orang. Bendung Lepen sekarang menjadi indah dan dipenuhi ikan nila dan gurame. Jika dulunya hanya menjadi taman wisata yang tidak terurus dan kumuh, sekarang ini Bendung Lepen menjadi destinasi wisata yang nyaman dikunjungi bersama keluarga. Bahkan di kala pandemi COVID-19 ini, Bendung Lepen tidak kekurangan peminat. Masih banyak anak-anak yang menikmati senja dengan riang sambil memberi makan ikan di kali. Tentunya ditemani oleh orang tuanya yang juga bisa mencuci mata melihat aliran air yang jernih dengan ikan warna-warni yang berenang di kali. Selain itu, banyak juga anak muda yang duduk-duduk di taman sembari menikmati udara sore yang sejuk ditemani segelas es teh.","bendung lepen sendiri dulunya merupakan saluran irigasi yang tidak sebersih sekarang ini. sebelumnya, tempat ini merupakan saluran irigasi yang kumuh disertai taman desa yang tak terurus. namun, kesadaran para pemuda akan kebersihan lingkungan mengubah kali sungai lepen yang semula begitu kotor menjadi tempat wisata yang disenangi banyak orang. bendung lepen sekarang menjadi indah dan dipenuhi ikan nila dan gurame. jika dulunya hanya menjadi taman wisata yang tidak terurus dan kumuh, sekarang ini bendung lepen menjadi destinasi wisata yang nyaman dikunjungi bersama keluarga. bahkan di kala pandemi covid 19 ini, bendung lepen tidak kekurangan peminat. masih banyak anak anak yang menikmati senja dengan riang sambil memberi makan ikan di kali. tentunya ditemani oleh orang tuanya yang juga bisa mencuci mata melihat aliran air yang jernih dengan ikan warna warni yang berenang di kali. selain itu, banyak juga anak muda yang duduk duduk di taman sembari menikmati udara sore yang sejuk ditemani segelas es teh.",bendung lepen sendiri dulunya merupakan saluran irigasi yang tidak sebersih sekarang ini sebelumnya tempat ini merupakan saluran irigasi yang kumuh disertai taman desa yang tak terurus namun kesadaran para pemuda akan kebersihan lingkungan mengubah kali sungai lepen yang semula begitu kotor menjadi tempat wisata yang disenangi banyak orang bendung lepen sekarang menjadi indah dan dipenuhi ikan nila dan gurame jika dulunya hanya menjadi taman wisata yang tidak terurus dan kumuh sekarang ini bendung lepen menjadi destinasi wisata yang nyaman dikunjungi bersama keluarga bahkan di kala pandemi covid 19 ini bendung lepen tidak kekurangan peminat masih banyak anak anak yang menikmati senja dengan riang sambil memberi makan ikan di kali tentunya ditemani oleh orang tuanya yang juga bisa mencuci mata melihat aliran air yang jernih dengan ikan warna warni yang berenang di kali selain itu banyak juga anak muda yang duduk duduk di taman sembari menikmati udara sore yang sejuk ditemani segelas es teh,"['bendung', 'lepen', 'sendiri', 'dulunya', 'merupakan', 'saluran', 'irigasi', 'yang', 'tidak', 'sebersih', 'sekarang', 'ini', 'sebelumnya', 'tempat', 'ini', 'merupakan', 'saluran', 'irigasi', 'yang', 'kumuh', 'disertai', 'taman', 'desa', 'yang', 'tak', 'terurus', 'namun', 'kesadaran', 'para', 'pemuda', 'akan', 'kebersihan', 'lingkungan', 'mengubah', 'kali', 'sungai', 'lepen', 'yang', 'semula', 'begitu', 'kotor', 'menjadi', 'tempat', 'wisata', 'yang', 'disenangi', 'banyak', 'orang', 'bendung', 'lepen', 'sekarang', 'menjadi', 'indah', 'dan', 'dipenuhi', 'ikan', 'nila', 'dan', 'gurame', 'jika', 'dulunya', 'hanya', 'menjadi', 'taman', 'wisata', 'yang', 'tidak', 'terurus', 'dan', 'kumuh', 'sekarang', 'ini', 'bendung', 'lepen', 'menjadi', 'destinasi', 'wisata', 'yang', 'nyaman', 'dikunjungi', 'bersama', 'keluarga', 'bahkan', 'kala', 'pandemi', 'covid', 'ini', 'bendung', 'lepen', 'tidak', 'kekurangan', 'peminat', 'masih', 'banyak', 'anak', 'anak', 'yang', 'menikmati', 'senja', 'dengan', 'riang', 'sambil', 'memberi', 'makan', 'ikan', 'kali', 'tentunya', 'ditemani', 'oleh', 'orang', 'tuanya', 'yang', 'juga', 'bisa', 'mencuci', 'mata', 'melihat', 'aliran', 'air', 'yang', 'jernih', 'dengan', 'ikan', 'warna', 'warni', 'yang', 'berenang', 'kali', 'selain', 'itu', 'banyak', 'juga', 'anak', 'muda', 'yang', 'duduk', 'duduk', 'taman', 'sembari', 'menikmati', 'udara', 'sore', 'yang', 'sejuk', 'ditemani', 'segelas', 'teh']",Taman Hiburan,taman hiburan,taman hiburan,"['taman', 'hiburan']",0.0,4.6,60.0,-7.8316668,110.3945119,0.0,0.0,0.0,0.92,,taman hiburan,3,0.0,18,1,1
dataset2,207,Bendungan Kamijoro,bendungan kamijoro,bendungan kamijoro,"['bendungan', 'kamijoro']",bendungan kamijoro adalah bendungan yang menahan aliran sungai progo dan mengalirkan sebagian airnya untuk pengairan areal persawahan tapi bendungan kamijoro bukan sembarang bendungan di atas bendungan ini terbentang jembatan sepanjang meter dengan lebar meter jembatan bendungan kamijoro menghubungkan bantul dan kulon progo tepatnya di dusun plambongan desa triwidadi kecamatan pajangan kabupaten bantul dengan dusun kaliwiru desa tuksono kecamatan sentolo kulon progo tanpa jembatan itu orang harus memutar sangat jauh jembatan ini menjadi landscape baru untuk bantul dan kulon progo bentuknya mirip jembatan ampera di palembang lengkap dengan tiang yang menjulang tinggi dan hiasan tali tali baja yang seolah menyangga beban jembatan bendungan ini jadi salah satu daya tarik wisata sekaligus mampu menggerakkan ekonomi mikro masyarakat di sekitarnya karena banyak yang berkunjung ke sana masyarakat setempat memanfaatkan kesempatan itu untuk berjualan aneka jajanan dan makanan bendungan kamijoro diresmikan langsung oleh presiden joko widodo pada akhir lalu dan hingga kini jadi salah satu magnet wisata di kulon progo dan bantul selain jembatan yang cantik ada juga taman bendungan kamijoro yang bisa jadi pilihan tempat untuk bersantai duduk dan menikmati hembusan angin bendungan yang semilir taman ini berada di sisi barat atau masuk wilayah kulon progo terdapat taman dari sini kita bisa berfoto dengan background jembatan sekaligus bendungan yang megah sedang di sisi timur atau masuk wilayah bantul terdapat sebuah sistem pengairan yang tertata canggih dan modern terdapat beberapa pintu pintu air dengan kontrol elektrik di area taman terdapat plaza yang besar untuk berfoto foto bersantai ataupun berkumpul mengadakan kegiatan massal salah satu spot foto yang jadi favorit pengunjung adalah di bagian undakan tertinggi plaza dengan latar belakang tulisan bendungan kamijoro jika kamu ingin berkunjung ke sini membawa keluarga tak perlu khawatir bendungan kamijoro sangat ramah keluarga tak jauh dari taman terdapat aneka mainan anak anak seperti ayunan jungkat jungkit hingga papan luncur taman juga dikemas sebagai wisata edukasi bagi keluarga dengan ditanam banyak jenis buah buahan seperti durian kelengkeng sawo hingga jambu kristal area taman sudah dibangun untuk pedestrian sehingga sangat nyaman untuk berjalan kaki,bendungan kamijoro adalah bendungan yang menahan aliran sungai progo dan mengalirkan sebagian airnya untuk pengairan areal persawahan tapi bendungan kamijoro bukan sembarang bendungan di atas bendungan ini terbentang jembatan sepanjang meter dengan lebar meter jembatan bendungan kamijoro menghubungkan bantul dan kulon progo tepatnya di dusun plambongan desa triwidadi kecamatan pajangan kabupaten bantul dengan dusun kaliwiru desa tuksono kecamatan sentolo kulon progo tanpa jembatan itu orang harus memutar sangat jauh jembatan ini menjadi landscape baru untuk bantul dan kulon progo bentuknya mirip jembatan ampera di palembang lengkap dengan tiang yang menjulang tinggi dan hiasan tali tali baja yang seolah menyangga beban jembatan bendungan ini jadi salah satu daya tarik wisata sekaligus mampu menggerakkan ekonomi mikro masyarakat di sekitarnya karena banyak yang berkunjung ke sana masyarakat setempat memanfaatkan kesempatan itu untuk berjualan aneka jajanan dan makanan bendungan kamijoro diresmikan langsung oleh presiden joko widodo pada akhir lalu dan hingga kini jadi salah satu magnet wisata di kulon progo dan bantul selain jembatan yang cantik ada juga taman bendungan kamijoro yang bisa jadi pilihan tempat untuk bersantai duduk dan menikmati hembusan angin bendungan yang semilir taman ini berada di sisi barat atau masuk wilayah kulon progo terdapat taman dari sini kita bisa berfoto dengan background jembatan sekaligus bendungan yang megah sedang di sisi timur atau masuk wilayah bantul terdapat sebuah sistem pengairan yang tertata canggih dan modern terdapat beberapa pintu pintu air dengan kontrol elektrik di area taman terdapat plaza yang besar untuk berfoto foto bersantai ataupun berkumpul mengadakan kegiatan massal salah satu spot foto yang jadi favorit pengunjung adalah di bagian undakan tertinggi plaza dengan latar belakang tulisan bendungan kamijoro jika kamu ingin berkunjung ke sini membawa keluarga tak perlu khawatir bendungan kamijoro sangat ramah keluarga tak jauh dari taman terdapat aneka mainan anak anak seperti ayunan jungkat jungkit hingga papan luncur taman juga dikemas sebagai wisata edukasi bagi keluarga dengan ditanam banyak jenis buah buahan seperti durian kelengkeng sawo hingga jambu kristal area taman sudah dibangun untuk pedestrian sehingga sangat nyaman untuk berjalan kaki,bendungan kamijoro adalah bendungan yang menahan aliran sungai progo dan mengalirkan sebagian airnya untuk pengairan areal persawahan tapi bendungan kamijoro bukan sembarang bendungan di atas bendungan ini terbentang jembatan sepanjang meter dengan lebar meter jembatan bendungan kamijoro menghubungkan bantul dan kulon progo tepatnya di dusun plambongan desa triwidadi kecamatan pajangan kabupaten bantul dengan dusun kaliwiru desa tuksono kecamatan sentolo kulon progo tanpa jembatan itu orang harus memutar sangat jauh jembatan ini menjadi landscape baru untuk bantul dan kulon progo bentuknya mirip jembatan ampera di palembang lengkap dengan tiang yang menjulang tinggi dan hiasan tali tali baja yang seolah menyangga beban jembatan bendungan ini jadi salah satu daya tarik wisata sekaligus mampu menggerakkan ekonomi mikro masyarakat di sekitarnya karena banyak yang berkunjung ke sana masyarakat setempat memanfaatkan kesempatan itu untuk berjualan aneka jajanan dan makanan bendungan kamijoro diresmikan langsung oleh presiden joko widodo pada akhir lalu dan hingga kini jadi salah satu magnet wisata di kulon progo dan bantul selain jembatan yang cantik ada juga taman bendungan kamijoro yang bisa jadi pilihan tempat untuk bersantai duduk dan menikmati hembusan angin bendungan yang semilir taman ini berada di sisi barat atau masuk wilayah kulon progo terdapat taman dari sini kita bisa berfoto dengan background jembatan sekaligus bendungan yang megah sedang di sisi timur atau masuk wilayah bantul terdapat sebuah sistem pengairan yang tertata canggih dan modern terdapat beberapa pintu pintu air dengan kontrol elektrik di area taman terdapat plaza yang besar untuk berfoto foto bersantai ataupun berkumpul mengadakan kegiatan massal salah satu spot foto yang jadi favorit pengunjung adalah di bagian undakan tertinggi plaza dengan latar belakang tulisan bendungan kamijoro jika kamu ingin berkunjung ke sini membawa keluarga tak perlu khawatir bendungan kamijoro sangat ramah keluarga tak jauh dari taman terdapat aneka mainan anak anak seperti ayunan jungkat jungkit hingga papan luncur taman juga dikemas sebagai wisata edukasi bagi keluarga dengan ditanam banyak jenis buah buahan seperti durian kelengkeng sawo hingga jambu kristal area taman sudah dibangun untuk pedestrian sehingga sangat nyaman untuk berjalan kaki,"['bendungan', 'kamijoro', 'adalah', 'bendungan', 'yang', 'menahan', 'aliran', 'sungai', 'progo', 'dan', 'mengalirkan', 'sebagian', 'airnya', 'untuk', 'pengairan', 'areal', 'persawahan', 'tapi', 'bendungan', 'kamijoro', 'bukan', 'sembarang', 'bendungan', 'atas', 'bendungan', 'ini', 'terbentang', 'jembatan', 'sepanjang', 'meter', 'dengan', 'lebar', 'meter', 'jembatan', 'bendungan', 'kamijoro', 'menghubungkan', 'bantul', 'dan', 'kulon', 'progo', 'tepatnya', 'dusun', 'plambongan', 'desa', 'triwidadi', 'kecamatan', 'pajangan', 'kabupaten', 'bantul', 'dengan', 'dusun', 'kaliwiru', 'desa', 'tuksono', 'kecamatan', 'sentolo', 'kulon', 'progo', 'tanpa', 'jembatan', 'itu', 'orang', 'harus', 'memutar', 'sangat', 'jauh', 'jembatan', 'ini', 'menjadi', 'landscape', 'baru', 'untuk', 'bantul', 'dan', 'kulon', 'progo', 'bentuknya', 'mirip', 'jembatan', 'ampera', 'palembang', 'lengkap', 'dengan', 'tiang', 'yang', 'menjulang', 'tinggi', 'dan', 'hiasan', 'tali', 'tali', 'baja', 'yang', 'seolah', 'menyangga', 'beban', 'jembatan', 'bendungan', 'ini', 'jadi', 'salah', 'satu', 'daya', 'tarik', 'wisata', 'sekaligus', 'mampu', 'menggerakkan', 'ekonomi', 'mikro', 'masyarakat', 'sekitarnya', 'karena', 'banyak', 'yang', 'berkunjung', 'sana', 'masyarakat', 'setempat', 'memanfaatkan', 'kesempatan', 'itu', 'untuk', 'berjualan', 'aneka', 'jajanan', 'dan', 'makanan', 'bendungan', 'kamijoro', 'diresmikan', 'langsung', 'oleh', 'presiden', 'joko', 'widodo', 'pada', 'akhir', 'lalu', 'dan', 'hingga', 'kini', 'jadi', 'salah', 'satu', 'magnet', 'wisata', 'kulon', 'progo', 'dan', 'bantul', 'selain', 'jembatan', 'yang', 'cantik', 'ada', 'juga', 'taman', 'bendungan', 'kamijoro', 'yang', 'bisa', 'jadi', 'pilihan', 'tempat', 'untuk', 'bersantai', 'duduk', 'dan', 'menikmati', 'hembusan', 'angin', 'bendungan', 'yang', 'semilir', 'taman', 'ini', 'berada', 'sisi', 'barat', 'atau', 'masuk', 'wilayah', 'kulon', 'progo', 'terdapat', 'taman', 'dari', 'sini', 'kita', 'bisa', 'berfoto', 'dengan', 'background', 'jembatan', 'sekaligus', 'bendungan', 'yang', 'megah', 'sedang', 'sisi', 'timur', 'atau', 'masuk', 'wilayah', 'bantul', 'terdapat', 'sebuah', 'sistem', 'pengairan', 'yang', 'tertata', 'canggih', 'dan', 'modern', 'terdapat', 'beberapa', 'pintu', 'pintu', 'air', 'dengan', 'kontrol', 'elektrik', 'area', 'taman', 'terdapat', 'plaza', 'yang', 'besar', 'untuk', 'berfoto', 'foto', 'bersantai', 'ataupun', 'berkumpul', 'mengadakan', 'kegiatan', 'massal', 'salah', 'satu', 'spot', 'foto', 'yang', 'jadi', 'favorit', 'pengunjung', 'adalah', 'bagian', 'undakan', 'tertinggi', 'plaza', 'dengan', 'latar', 'belakang', 'tulisan', 'bendungan', 'kamijoro', 'jika', 'kamu', 'ingin', 'berkunjung', 'sini', 'membawa', 'keluarga', 'tak', 'perlu', 'khawatir', 'bendungan', 'kamijoro', 'sangat', 'ramah', 'keluarga', 'tak', 'jauh', 'dari', 'taman', 'terdapat', 'aneka', 'mainan', 'anak', 'anak', 'seperti', 'ayunan', 'jungkat', 'jungkit', 'hingga', 'papan', 'luncur', 'taman', 'juga', 'dikemas', 'sebagai', 'wisata', 'edukasi', 'bagi', 'keluarga', 'dengan', 'ditanam', 'banyak', 'jenis', 'buah', 'buahan', 'seperti', 'durian', 'kelengkeng', 'sawo', 'hingga', 'jambu', 'kristal', 'area', 'taman', 'sudah', 'dibangun', 'untuk', 'pedestrian', 'sehingga', 'sangat', 'nyaman', 'untuk', 'berjalan', 'kaki']",Buatan,buatan,buatan,['buatan'],0.0,4.3,,-7.8787758,110.2662888,1563.0,0.0,0.0,0.86,0.0,taman hiburan,3,0.0,19,1,1
dataset2,502,Beneran waterpark,beneran waterpark,beneran waterpark,"['beneran', 'waterpark']",taman air yang menawarkan berbagai wahana permainan air untuk keluarga dan anak anak,taman air yang menawarkan berbagai wahana permainan air untuk keluarga dan anak anak,taman air yang menawarkan berbagai wahana permainan air untuk keluarga dan anak anak,"['taman', 'air', 'yang', 'menawarkan', 'berbagai', 'wahana', 'permainan', 'air', 'untuk', 'keluarga', 'dan', 'anak', 'anak']",Wisata Air,wisata air,wisata air,"['wisata', 'air']",0.0,5.0,,-7.6560857,110.3858688,1.0,4000.0,4000.0,1.0,0.0028985507246376,wisata air,5,4000.0,20,0,1
dataset1,147,Bentara Budaya Yogyakarta (BBY),bentara budaya yogyakarta bby,bentara budaya yogyakarta bby,"['bentara', 'budaya', 'yogyakarta', 'bby']","Bentara Budaya Yogyakarta adalah pusat budaya yang terletak di Yogyakarta, Indonesia. Bentara Budaya Yogyakarta dibuka pada 26 September 1982, didanai oleh Kompas Gramedia Group. Bentara Budaya Yogyakarta adalah cabang dari Bentara Budaya Jakarta, sebuah lembaga budaya yang dikelola oleh Kompas Gramedia Group yang juga memiliki beberapa pusat budaya di Jakarta, Surakarta (sebagai Balai Soedjatmoko), dan Bali.","bentara budaya yogyakarta adalah pusat budaya yang terletak di yogyakarta, indonesia. bentara budaya yogyakarta dibuka pada 26 september 1982, didanai oleh kompas gramedia group. bentara budaya yogyakarta adalah cabang dari bentara budaya jakarta, sebuah lembaga budaya yang dikelola oleh kompas gramedia group yang juga memiliki beberapa pusat budaya di jakarta, surakarta sebagai balai soedjatmoko , dan bali.",bentara budaya yogyakarta adalah pusat budaya yang terletak di yogyakarta indonesia bentara budaya yogyakarta dibuka pada 26 september 1982 didanai oleh kompas gramedia group bentara budaya yogyakarta adalah cabang dari bentara budaya jakarta sebuah lembaga budaya yang dikelola oleh kompas gramedia group yang juga memiliki beberapa pusat budaya di jakarta surakarta sebagai balai soedjatmoko dan bali,"['bentara', 'budaya', 'yogyakarta', 'adalah', 'pusat', 'budaya', 'yang', 'terletak', 'yogyakarta', 'indonesia', 'bentara', 'budaya', 'yogyakarta', 'dibuka', 'pada', 'september', '1982', 'didanai', 'oleh', 'kompas', 'gramedia', 'group', 'bentara', 'budaya', 'yogyakarta', 'adalah', 'cabang', 'dari', 'bentara', 'budaya', 'jakarta', 'sebuah', 'lembaga', 'budaya', 'yang', 'dikelola', 'oleh', 'kompas', 'gramedia', 'group', 'yang', 'juga', 'memiliki', 'beberapa', 'pusat', 'budaya', 'jakarta', 'surakarta', 'sebagai', 'balai', 'soedjatmoko', 'dan', 'bali']",Budaya,budaya,budaya,['budaya'],0.0,4.5,,-7.7857242,110.3746954,0.0,0.0,0.0,0.9,,budaya,2,0.0,21,1,0
dataset2,336,Bintang Pradana Jogja Tour,bintang pradana jogja tour,bintang pradana jogja tour,"['bintang', 'pradana', 'jogja', 'tour']",layanan tur yang menyediakan paket wisata lengkap di yogyakarta dan sekitarnya,layanan tur yang menyediakan paket wisata lengkap di yogyakarta dan sekitarnya,layanan tur yang menyediakan paket wisata lengkap di yogyakarta dan sekitarnya,"['layanan', 'tur', 'yang', 'menyediakan', 'paket', 'wisata', 'lengkap', 'yogyakarta', 'dan', 'sekitarnya']",Agrowisata,agrowisata,agrowisata,['agrowisata'],0.0,4.0,,-7.7593783,110.3716453,1.0,370000.0,370000.0,0.8,0.2681159420289855,lainnya,7,370000.0,22,0,1
dataset1,127,Blue Lagoon Jogja,blue lagoon jogja,blue lagoon jogja,"['blue', 'lagoon', 'jogja']","Blue Lagoon adalah salah satu wisata air Jogja yang sudah sangat terkenal dan banyak dikunjungi oleh wisatawan dari berbagai daerah penjuru. Banyak yang menganggap bahwa Blue Lagoon sebagai surga wisata Jogja tersembunyi. Meskipun keindahan yang ditawarkan oleh tempat ini sangat mahal, namun untuk bisa menikmatinya kamu tidak perlu merogoh kocek dalam2. Karena budget untuk masuk ke area wisata ini tidak semahal yang ada di Islandia.","blue lagoon adalah salah satu wisata air jogja yang sudah sangat terkenal dan banyak dikunjungi oleh wisatawan dari berbagai daerah penjuru. banyak yang menganggap bahwa blue lagoon sebagai surga wisata jogja tersembunyi. meskipun keindahan yang ditawarkan oleh tempat ini sangat mahal, namun untuk bisa menikmatinya kamu tidak perlu merogoh kocek dalam2. karena budget untuk masuk ke area wisata ini tidak semahal yang ada di islandia.",blue lagoon adalah salah satu wisata air jogja yang sudah sangat terkenal dan banyak dikunjungi oleh wisatawan dari berbagai daerah penjuru banyak yang menganggap bahwa blue lagoon sebagai surga wisata jogja tersembunyi meskipun keindahan yang ditawarkan oleh tempat ini sangat mahal namun untuk bisa menikmatinya kamu tidak perlu merogoh kocek dalam2 karena budget untuk masuk ke area wisata ini tidak semahal yang ada di islandia,"['blue', 'lagoon', 'adalah', 'salah', 'satu', 'wisata', 'air', 'jogja', 'yang', 'sudah', 'sangat', 'terkenal', 'dan', 'banyak', 'dikunjungi', 'oleh', 'wisatawan', 'dari', 'berbagai', 'daerah', 'penjuru', 'banyak', 'yang', 'menganggap', 'bahwa', 'blue', 'lagoon', 'sebagai', 'surga', 'wisata', 'jogja', 'tersembunyi', 'meskipun', 'keindahan', 'yang', 'ditawarkan', 'oleh', 'tempat', 'ini', 'sangat', 'mahal', 'namun', 'untuk', 'bisa', 'menikmatinya', 'kamu', 'tidak', 'perlu', 'merogoh', 'kocek', 'dalam2', 'karena', 'budget', 'untuk', 'masuk', 'area', 'wisata', 'ini', 'tidak', 'semahal', 'yang', 'ada', 'islandia']",Taman Hiburan,taman hiburan,taman hiburan,"['taman', 'hiburan']",10000.0,4.3,,-7.7044358,110.45026,0.0,0.0,0.0,0.86,,taman hiburan,3,10000.0,23,1,1
dataset2,360,Borobudur Prambanan Tour,borobudur prambanan tour,borobudur prambanan tour,"['borobudur', 'prambanan', 'tour']",paket wisata menjelajahi dua candi ikonik indonesia dengan panduan berpengalaman,paket wisata menjelajahi dua candi ikonik indonesia dengan panduan berpengalaman,paket wisata menjelajahi dua candi ikonik indonesia dengan panduan berpengalaman,"['paket', 'wisata', 'menjelajahi', 'dua', 'candi', 'ikonik', 'indonesia', 'dengan', 'panduan', 'berpengalaman']",Agrowisata,agrowisata,agrowisata,['agrowisata'],0.0,5.0,,-7.8208261,110.3769404,10.0,300000.0,300000.0,1.0,0.217391304347826,lainnya,7,300000.0,24,0,1
dataset2,238,Brahma Temple,brahma temple,brahma temple,"['brahma', 'temple']",candi di kompleks prambanan yang didedikasikan untuk dewa brahma arsitekturnya megah dan simetris,candi di kompleks prambanan yang didedikasikan untuk dewa brahma arsitekturnya megah dan simetris,candi di kompleks prambanan yang didedikasikan untuk dewa brahma arsitekturnya megah dan simetris,"['candi', 'kompleks', 'prambanan', 'yang', 'didedikasikan', 'untuk', 'dewa', 'brahma', 'arsitekturnya', 'megah', 'dan', 'simetris']",Budaya_Dan_Sejarah,budaya dan sejarah,budaya dan sejarah,"['budaya', 'dan', 'sejarah']",0.0,4.5,,-7.7523837,110.4912216,103.0,25000.0,25000.0,0.9,0.0181159420289855,budaya,2,25000.0,25,1,0
dataset2,157,Brug Londho River Track,brug londho river track,brug londho river track,"['brug', 'londho', 'river', 'track']",jalur wisata alam di ngaglik sleman yang menawarkan pengalaman menyusuri sungai dan pemandangan sawah yang asri,jalur wisata alam di ngaglik sleman yang menawarkan pengalaman menyusuri sungai dan pemandangan sawah yang asri,jalur wisata alam di ngaglik sleman yang menawarkan pengalaman menyusuri sungai dan pemandangan sawah yang asri,"['jalur', 'wisata', 'alam', 'ngaglik', 'sleman', 'yang', 'menawarkan', 'pengalaman', 'menyusuri', 'sungai', 'dan', 'pemandangan', 'sawah', 'yang', 'asri']",Agrowisata,agrowisata,agrowisata,['agrowisata'],0.0,3.9,,-7.7064216,110.4195737,48.0,0.0,0.0,0.78,0.0,lainnya,7,0.0,26,0,1
dataset1,112,Bukit Bintang Yogyakarta,bukit bintang yogyakarta,bukit bintang yogyakarta,"['bukit', 'bintang', 'yogyakarta']","Bukit Bintang merupakan salah satu lokasi nongkrong favorit di Yogyakarta. Saat malam tiba, pemandangan Yogyakarta sangatlah indah!Terletak di perbatasan Bantul dan Gunungkidul, siapa pun yang berkunjung ke kawasan ini dapat menikmati taburan gemintang di langit malam serta kerlip benderang lampu kota dari ketinggian.Kota ini memiliki Bukit Bintang yang selalu ramai dipadati kawula muda untuk menikmati keindahan malam. Bukit Bintang menjadi tempat yang sempurna untuk menikmati senja hingga malam tiba.","bukit bintang merupakan salah satu lokasi nongkrong favorit di yogyakarta. saat malam tiba, pemandangan yogyakarta sangatlah indah terletak di perbatasan bantul dan gunungkidul, siapa pun yang berkunjung ke kawasan ini dapat menikmati taburan gemintang di langit malam serta kerlip benderang lampu kota dari ketinggian.kota ini memiliki bukit bintang yang selalu ramai dipadati kawula muda untuk menikmati keindahan malam. bukit bintang menjadi tempat yang sempurna untuk menikmati senja hingga malam tiba.",bukit bintang merupakan salah satu lokasi nongkrong favorit di yogyakarta saat malam tiba pemandangan yogyakarta sangatlah indah terletak di perbatasan bantul dan gunungkidul siapa pun yang berkunjung ke kawasan ini dapat menikmati taburan gemintang di langit malam serta kerlip benderang lampu kota dari ketinggiankota ini memiliki bukit bintang yang selalu ramai dipadati kawula muda untuk menikmati keindahan malam bukit bintang menjadi tempat yang sempurna untuk menikmati senja hingga malam tiba,"['bukit', 'bintang', 'merupakan', 'salah', 'satu', 'lokasi', 'nongkrong', 'favorit', 'yogyakarta', 'saat', 'malam', 'tiba', 'pemandangan', 'yogyakarta', 'sangatlah', 'indah', 'terletak', 'perbatasan', 'bantul', 'dan', 'gunungkidul', 'siapa', 'pun', 'yang', 'berkunjung', 'kawasan', 'ini', 'dapat', 'menikmati', 'taburan', 'gemintang', 'langit', 'malam', 'serta', 'kerlip', 'benderang', 'lampu', 'kota', 'dari', 'ketinggiankota', 'ini', 'memiliki', 'bukit', 'bintang', 'yang', 'selalu', 'ramai', 'dipadati', 'kawula', 'muda', 'untuk', 'menikmati', 'keindahan', 'malam', 'bukit', 'bintang', 'menjadi', 'tempat', 'yang', 'sempurna', 'untuk', 'menikmati', 'senja', 'hingga', 'malam', 'tiba']",Taman Hiburan,taman hiburan,taman hiburan,"['taman', 'hiburan']",25000.0,4.5,90.0,-7.8458407,110.4798457,0.0,0.0,0.0,0.9,,taman hiburan,3,25000.0,27,1,1
dataset2,402,Bukit Gunung Kidul Pantai Indrayanti,bukit gunung kidul pantai indrayanti,bukit gunung kidul pantai indrayanti,"['bukit', 'gunung', 'kidul', 'pantai', 'indrayanti']",bukit dengan pemandangan spektakuler yang menghadap ke pantai indrayanti terkenal dengan pasir putih dan ombak yang tenang,bukit dengan pemandangan spektakuler yang menghadap ke pantai indrayanti terkenal dengan pasir putih dan ombak yang tenang,bukit dengan pemandangan spektakuler yang menghadap ke pantai indrayanti terkenal dengan pasir putih dan ombak yang tenang,"['bukit', 'dengan', 'pemandangan', 'spektakuler', 'yang', 'menghadap', 'pantai', 'indrayanti', 'terkenal', 'dengan', 'pasir', 'putih', 'dan', 'ombak', 'yang', 'tenang']",Pantai,pantai,pantai,['pantai'],0.0,4.7,,-8.1501214,110.6121077,30.0,10000.0,10000.0,0.94,0.0072463768115942,bahari,4,10000.0,28,0,1
dataset2,460,Bukit Klangon,bukit klangon,bukit klangon,"['bukit', 'klangon']",di bukit klangon kita akan disuguhkan pemandangan luar biasa dari gunung merapi kita bisa melihat gunung berapi aktif ini dengan jarak yang begitu dekat kita tak perlu mendaki hingga puncaknya karena di bukit klangon ini kita sudah bisa melihat puncak gunung merapi dengan cukup jelas di sini terdapat beberapa gardu pandang yang bisa kita gunakan untuk melihat eksotisme alam sekitar bukit gardu pandang ini juga biasa menjadi spot foto jadi jangan sampai anda melupakan kamera anda untuk berburu pemandangan yang instagenic,di bukit klangon kita akan disuguhkan pemandangan luar biasa dari gunung merapi kita bisa melihat gunung berapi aktif ini dengan jarak yang begitu dekat kita tak perlu mendaki hingga puncaknya karena di bukit klangon ini kita sudah bisa melihat puncak gunung merapi dengan cukup jelas di sini terdapat beberapa gardu pandang yang bisa kita gunakan untuk melihat eksotisme alam sekitar bukit gardu pandang ini juga biasa menjadi spot foto jadi jangan sampai anda melupakan kamera anda untuk berburu pemandangan yang instagenic,di bukit klangon kita akan disuguhkan pemandangan luar biasa dari gunung merapi kita bisa melihat gunung berapi aktif ini dengan jarak yang begitu dekat kita tak perlu mendaki hingga puncaknya karena di bukit klangon ini kita sudah bisa melihat puncak gunung merapi dengan cukup jelas di sini terdapat beberapa gardu pandang yang bisa kita gunakan untuk melihat eksotisme alam sekitar bukit gardu pandang ini juga biasa menjadi spot foto jadi jangan sampai anda melupakan kamera anda untuk berburu pemandangan yang instagenic,"['bukit', 'klangon', 'kita', 'akan', 'disuguhkan', 'pemandangan', 'luar', 'biasa', 'dari', 'gunung', 'merapi', 'kita', 'bisa', 'melihat', 'gunung', 'berapi', 'aktif', 'ini', 'dengan', 'jarak', 'yang', 'begitu', 'dekat', 'kita', 'tak', 'perlu', 'mendaki', 'hingga', 'puncaknya', 'karena', 'bukit', 'klangon', 'ini', 'kita', 'sudah', 'bisa', 'melihat', 'puncak', 'gunung', 'merapi', 'dengan', 'cukup', 'jelas', 'sini', 'terdapat', 'beberapa', 'gardu', 'pandang', 'yang', 'bisa', 'kita', 'gunakan', 'untuk', 'melihat', 'eksotisme', 'alam', 'sekitar', 'bukit', 'gardu', 'pandang', 'ini', 'juga', 'biasa', 'menjadi', 'spot', 'foto', 'jadi', 'jangan', 'sampai', 'anda', 'melupakan', 'kamera', 'anda', 'untuk', 'berburu', 'pemandangan', 'yang', 'instagenic']",Alam,alam,alam,['alam'],0.0,4.5,,-7.5768966,110.4548266,5280.0,5000.0,5000.0,0.9,0.0036231884057971,cagar alam,1,5000.0,29,0,1
dataset1,129,Bukit Lintang Sewu,bukit lintang sewu,bukit lintang sewu,"['bukit', 'lintang', 'sewu']","Bukit Lintang Sewu ini berasal ketika pada saat malam hari di bukit ini terlihat ribuan bintang – bintang yang membentang luas di angkasa. Dalam bahasa Jawa Bukit Seribu Bintang adalah Bukit Lintang Sewu (lintang: bintang, sewu: seribu). Pemandangan alam yang tidak kalah mempesona membuat Bukit Langit Sewu ini menjadi tempat favorit bagi pecinta alam. Pada saat menuju bukit, pengunjung akan disuguhkan dengan pepohonan pinus, tetapi saat sampai pengunjung akan disuguhkan panorama hutan Kayu Putih yang menjadi keunikan tempat wisata ini. Diatas pohon Kayu Putih ini juga terdapat Burung Alap-alap yang melintas diatas pohonnya. Selain itu pengunjung juga akan dimanjakan dengan deretan pegunungan seperti Gunung merbabu, Gunung Sumbing, Menoreh, dan Gunung Merapi.","bukit lintang sewu ini berasal ketika pada saat malam hari di bukit ini terlihat ribuan bintang bintang yang membentang luas di angkasa. dalam bahasa jawa bukit seribu bintang adalah bukit lintang sewu lintang bintang, sewu seribu . pemandangan alam yang tidak kalah mempesona membuat bukit langit sewu ini menjadi tempat favorit bagi pecinta alam. pada saat menuju bukit, pengunjung akan disuguhkan dengan pepohonan pinus, tetapi saat sampai pengunjung akan disuguhkan panorama hutan kayu putih yang menjadi keunikan tempat wisata ini. diatas pohon kayu putih ini juga terdapat burung alap alap yang melintas diatas pohonnya. selain itu pengunjung juga akan dimanjakan dengan deretan pegunungan seperti gunung merbabu, gunung sumbing, menoreh, dan gunung merapi.",bukit lintang sewu ini berasal ketika pada saat malam hari di bukit ini terlihat ribuan bintang bintang yang membentang luas di angkasa dalam bahasa jawa bukit seribu bintang adalah bukit lintang sewu lintang bintang sewu seribu pemandangan alam yang tidak kalah mempesona membuat bukit langit sewu ini menjadi tempat favorit bagi pecinta alam pada saat menuju bukit pengunjung akan disuguhkan dengan pepohonan pinus tetapi saat sampai pengunjung akan disuguhkan panorama hutan kayu putih yang menjadi keunikan tempat wisata ini diatas pohon kayu putih ini juga terdapat burung alap alap yang melintas diatas pohonnya selain itu pengunjung juga akan dimanjakan dengan deretan pegunungan seperti gunung merbabu gunung sumbing menoreh dan gunung merapi,"['bukit', 'lintang', 'sewu', 'ini', 'berasal', 'ketika', 'pada', 'saat', 'malam', 'hari', 'bukit', 'ini', 'terlihat', 'ribuan', 'bintang', 'bintang', 'yang', 'membentang', 'luas', 'angkasa', 'dalam', 'bahasa', 'jawa', 'bukit', 'seribu', 'bintang', 'adalah', 'bukit', 'lintang', 'sewu', 'lintang', 'bintang', 'sewu', 'seribu', 'pemandangan', 'alam', 'yang', 'tidak', 'kalah', 'mempesona', 'membuat', 'bukit', 'langit', 'sewu', 'ini', 'menjadi', 'tempat', 'favorit', 'bagi', 'pecinta', 'alam', 'pada', 'saat', 'menuju', 'bukit', 'pengunjung', 'akan', 'disuguhkan', 'dengan', 'pepohonan', 'pinus', 'tetapi', 'saat', 'sampai', 'pengunjung', 'akan', 'disuguhkan', 'panorama', 'hutan', 'kayu', 'putih', 'yang', 'menjadi', 'keunikan', 'tempat', 'wisata', 'ini', 'diatas', 'pohon', 'kayu', 'putih', 'ini', 'juga', 'terdapat', 'burung', 'alap', 'alap', 'yang', 'melintas', 'diatas', 'pohonnya', 'selain', 'itu', 'pengunjung', 'juga', 'akan', 'dimanjakan', 'dengan', 'deretan', 'pegunungan', 'seperti', 'gunung', 'merbabu', 'gunung', 'sumbing', 'menoreh', 'dan', 'gunung', 'merapi']",Taman Hiburan,taman hiburan,taman hiburan,"['taman', 'hiburan']",2000.0,4.5,60.0,-7.9157997,110.4366436,0.0,0.0,0.0,0.9,,taman hiburan,3,2000.0,30,1,1
dataset1,120,Bukit Panguk Kediwung,bukit panguk kediwung,bukit panguk kediwung,"['bukit', 'panguk', 'kediwung']","Bukit Panguk Kediwung adalah salah satu obyek wisata yang menawarkan pemandangan alam dari ketinggian. Jika dibandingkan dengan obyek wisata perbukitan lain di Bantul memang Bukit Panguk Kediwung termasuk baru karena dibuka pada tahun 2016. Namun jangan salah, lokasi ini sudah mencuri hati banyak pengunjung dari dalam maupun luar kota. Bukit Panguk Kediwung berlokasi di Kediwung, Mangunan, Dlingo, Bantul, Yogyakarta. Jangan khawatir untuk tersesat karena di sepanjang jalan menuju ke lokasi kita akan melihat beberapa papan petunjuk. Kurang lebih berjarak 20 km dari pusat Kota Yogyakarta. Dari pusat Kota Yogyakarta anda bisa bergerak menuju ke selatan tepatnya ke arah Jalan Imogiri Timur, ikuti jalan hingga menemukan Pasar Imogiri, lalu belok kiri dan lanjutkan perjalanan menuju ke arah Dlingo, dari sana anda akan mulai melihat petunjuk jalan menuju Bukit Panguk Kediwung. Akses jalan menuju Bukit Panguk Kediwung sudah diaspal halus hanya saja konturnya sedikit naik turun namun masih dalam kategori aman. Sangat disarankan untuk menggunakan kendaraan pribadi karena akses ke sini menggunakan kendaraan umum cukup sulit.","bukit panguk kediwung adalah salah satu obyek wisata yang menawarkan pemandangan alam dari ketinggian. jika dibandingkan dengan obyek wisata perbukitan lain di bantul memang bukit panguk kediwung termasuk baru karena dibuka pada tahun 2016. namun jangan salah, lokasi ini sudah mencuri hati banyak pengunjung dari dalam maupun luar kota. bukit panguk kediwung berlokasi di kediwung, mangunan, dlingo, bantul, yogyakarta. jangan khawatir untuk tersesat karena di sepanjang jalan menuju ke lokasi kita akan melihat beberapa papan petunjuk. kurang lebih berjarak 20 km dari pusat kota yogyakarta. dari pusat kota yogyakarta anda bisa bergerak menuju ke selatan tepatnya ke arah jalan imogiri timur, ikuti jalan hingga menemukan pasar imogiri, lalu belok kiri dan lanjutkan perjalanan menuju ke arah dlingo, dari sana anda akan mulai melihat petunjuk jalan menuju bukit panguk kediwung. akses jalan menuju bukit panguk kediwung sudah diaspal halus hanya saja konturnya sedikit naik turun namun masih dalam kategori aman. sangat disarankan untuk menggunakan kendaraan pribadi karena akses ke sini menggunakan kendaraan umum cukup sulit.",bukit panguk kediwung adalah salah satu obyek wisata yang menawarkan pemandangan alam dari ketinggian jika dibandingkan dengan obyek wisata perbukitan lain di bantul memang bukit panguk kediwung termasuk baru karena dibuka pada tahun 2016 namun jangan salah lokasi ini sudah mencuri hati banyak pengunjung dari dalam maupun luar kota bukit panguk kediwung berlokasi di kediwung mangunan dlingo bantul yogyakarta jangan khawatir untuk tersesat karena di sepanjang jalan menuju ke lokasi kita akan melihat beberapa papan petunjuk kurang lebih berjarak 20 km dari pusat kota yogyakarta dari pusat kota yogyakarta anda bisa bergerak menuju ke selatan tepatnya ke arah jalan imogiri timur ikuti jalan hingga menemukan pasar imogiri lalu belok kiri dan lanjutkan perjalanan menuju ke arah dlingo dari sana anda akan mulai melihat petunjuk jalan menuju bukit panguk kediwung akses jalan menuju bukit panguk kediwung sudah diaspal halus hanya saja konturnya sedikit naik turun namun masih dalam kategori aman sangat disarankan untuk menggunakan kendaraan pribadi karena akses ke sini menggunakan kendaraan umum cukup sulit,"['bukit', 'panguk', 'kediwung', 'adalah', 'salah', 'satu', 'obyek', 'wisata', 'yang', 'menawarkan', 'pemandangan', 'alam', 'dari', 'ketinggian', 'jika', 'dibandingkan', 'dengan', 'obyek', 'wisata', 'perbukitan', 'lain', 'bantul', 'memang', 'bukit', 'panguk', 'kediwung', 'termasuk', 'baru', 'karena', 'dibuka', 'pada', 'tahun', '2016', 'namun', 'jangan', 'salah', 'lokasi', 'ini', 'sudah', 'mencuri', 'hati', 'banyak', 'pengunjung', 'dari', 'dalam', 'maupun', 'luar', 'kota', 'bukit', 'panguk', 'kediwung', 'berlokasi', 'kediwung', 'mangunan', 'dlingo', 'bantul', 'yogyakarta', 'jangan', 'khawatir', 'untuk', 'tersesat', 'karena', 'sepanjang', 'jalan', 'menuju', 'lokasi', 'kita', 'akan', 'melihat', 'beberapa', 'papan', 'petunjuk', 'kurang', 'lebih', 'berjarak', 'dari', 'pusat', 'kota', 'yogyakarta', 'dari', 'pusat', 'kota', 'yogyakarta', 'anda', 'bisa', 'bergerak', 'menuju', 'selatan', 'tepatnya', 'arah', 'jalan', 'imogiri', 'timur', 'ikuti', 'jalan', 'hingga', 'menemukan', 'pasar', 'imogiri', 'lalu', 'belok', 'kiri', 'dan', 'lanjutkan', 'perjalanan', 'menuju', 'arah', 'dlingo', 'dari', 'sana', 'anda', 'akan', 'mulai', 'melihat', 'petunjuk', 'jalan', 'menuju', 'bukit', 'panguk', 'kediwung', 'akses', 'jalan', 'menuju', 'bukit', 'panguk', 'kediwung', 'sudah', 'diaspal', 'halus', 'hanya', 'saja', 'konturnya', 'sedikit', 'naik', 'turun', 'namun', 'masih', 'dalam', 'kategori', 'aman', 'sangat', 'disarankan', 'untuk', 'menggunakan', 'kendaraan', 'pribadi', 'karena', 'akses', 'sini', 'menggunakan', 'kendaraan', 'umum', 'cukup', 'sulit']",Budaya,budaya,budaya,['budaya'],250000.0,4.5,90.0,-7.9583695,110.4407622,0.0,0.0,0.0,0.9,,budaya,2,250000.0,31,1,0
dataset1,161,"Bukit Paralayang, Watugupit","bukit paralayang, watugupit",bukit paralayang watugupit,"['bukit', 'paralayang', 'watugupit']","Bukit Paralayang Parangtritis merupakan tempat wisata di Yogyakarta, tempat ini mensajikan pemandangan pantai parangtritis dari atas bukit dengan ketinggian 900 mdpl dan pemandangan matahari terbenam. selain itu di bukit paralayang parangtritis terdapat olahraga ekstrem paralayang, bagi wisatawan yang tertarik,terdapat ahli yang mendampingi. Awalnya bukit ini hanya perbukitan biasa. Kemudian pada tahun 1991 dibuat landasan beton pertama yang digunakan untuk olahraga paralayang. Kemudian dilanjutkan pembangunan fasilitas pendopo, tangga, dan area parkir pada tahun 1998","bukit paralayang parangtritis merupakan tempat wisata di yogyakarta, tempat ini mensajikan pemandangan pantai parangtritis dari atas bukit dengan ketinggian 900 mdpl dan pemandangan matahari terbenam. selain itu di bukit paralayang parangtritis terdapat olahraga ekstrem paralayang, bagi wisatawan yang tertarik,terdapat ahli yang mendampingi. awalnya bukit ini hanya perbukitan biasa. kemudian pada tahun 1991 dibuat landasan beton pertama yang digunakan untuk olahraga paralayang. kemudian dilanjutkan pembangunan fasilitas pendopo, tangga, dan area parkir pada tahun 1998",bukit paralayang parangtritis merupakan tempat wisata di yogyakarta tempat ini mensajikan pemandangan pantai parangtritis dari atas bukit dengan ketinggian 900 mdpl dan pemandangan matahari terbenam selain itu di bukit paralayang parangtritis terdapat olahraga ekstrem paralayang bagi wisatawan yang tertarikterdapat ahli yang mendampingi awalnya bukit ini hanya perbukitan biasa kemudian pada tahun 1991 dibuat landasan beton pertama yang digunakan untuk olahraga paralayang kemudian dilanjutkan pembangunan fasilitas pendopo tangga dan area parkir pada tahun 1998,"['bukit', 'paralayang', 'parangtritis', 'merupakan', 'tempat', 'wisata', 'yogyakarta', 'tempat', 'ini', 'mensajikan', 'pemandangan', 'pantai', 'parangtritis', 'dari', 'atas', 'bukit', 'dengan', 'ketinggian', '900', 'mdpl', 'dan', 'pemandangan', 'matahari', 'terbenam', 'selain', 'itu', 'bukit', 'paralayang', 'parangtritis', 'terdapat', 'olahraga', 'ekstrem', 'paralayang', 'bagi', 'wisatawan', 'yang', 'tertarikterdapat', 'ahli', 'yang', 'mendampingi', 'awalnya', 'bukit', 'ini', 'hanya', 'perbukitan', 'biasa', 'kemudian', 'pada', 'tahun', '1991', 'dibuat', 'landasan', 'beton', 'pertama', 'yang', 'digunakan', 'untuk', 'olahraga', 'paralayang', 'kemudian', 'dilanjutkan', 'pembangunan', 'fasilitas', 'pendopo', 'tangga', 'dan', 'area', 'parkir', 'pada', 'tahun', '1998']",Cagar Alam,cagar alam,cagar alam,"['cagar', 'alam']",5000.0,4.7,90.0,-8.0268551,110.3459122,0.0,0.0,0.0,0.94,,cagar alam,1,5000.0,32,0,1
dataset2,7,Bukit Pengilon,bukit pengilon,bukit pengilon,"['bukit', 'pengilon']",nama bukit pengilon berasal dari bahasa jawa yang berarti cermin karena di bukit ini terdapat batu yang mirip sekali dengan cermin areanya menyejukkan serta sangat luas bahkan saking luasnya destinasi ini banyak wisatawan yang melakukan tracking hingga camping dan mendirikan tenda di sana tak hanya itu tempat satu ini juga akan memanjakan mata anda anda bisa mengabadikan foto dengan pemandangan indah yang berlatar belakang laut,nama bukit pengilon berasal dari bahasa jawa yang berarti cermin karena di bukit ini terdapat batu yang mirip sekali dengan cermin areanya menyejukkan serta sangat luas bahkan saking luasnya destinasi ini banyak wisatawan yang melakukan tracking hingga camping dan mendirikan tenda di sana tak hanya itu tempat satu ini juga akan memanjakan mata anda anda bisa mengabadikan foto dengan pemandangan indah yang berlatar belakang laut,nama bukit pengilon berasal dari bahasa jawa yang berarti cermin karena di bukit ini terdapat batu yang mirip sekali dengan cermin areanya menyejukkan serta sangat luas bahkan saking luasnya destinasi ini banyak wisatawan yang melakukan tracking hingga camping dan mendirikan tenda di sana tak hanya itu tempat satu ini juga akan memanjakan mata anda anda bisa mengabadikan foto dengan pemandangan indah yang berlatar belakang laut,"['nama', 'bukit', 'pengilon', 'berasal', 'dari', 'bahasa', 'jawa', 'yang', 'berarti', 'cermin', 'karena', 'bukit', 'ini', 'terdapat', 'batu', 'yang', 'mirip', 'sekali', 'dengan', 'cermin', 'areanya', 'menyejukkan', 'serta', 'sangat', 'luas', 'bahkan', 'saking', 'luasnya', 'destinasi', 'ini', 'banyak', 'wisatawan', 'yang', 'melakukan', 'tracking', 'hingga', 'camping', 'dan', 'mendirikan', 'tenda', 'sana', 'tak', 'hanya', 'itu', 'tempat', 'satu', 'ini', 'juga', 'akan', 'memanjakan', 'mata', 'anda', 'anda', 'bisa', 'mengabadikan', 'foto', 'dengan', 'pemandangan', 'indah', 'yang', 'berlatar', 'belakang', 'laut']",Alam,alam,alam,['alam'],0.0,4.6,,-8.185458711,110.6917217,439.0,5000.0,5000.0,0.92,0.0036231884057971,cagar alam,1,5000.0,33,0,1
dataset2,428,Bukit Teletubbies,bukit teletubbies,bukit teletubbies,"['bukit', 'teletubbies']",wisata satu ini merupakan wisata yang lokasinya berada di pedesaan bukit satu ini tepatnya berada di desa sumberharjo prambanan kabupaten sleman meski berada di pedesaan bukit teletubbies jogja ini juga sama dengan wisata lain yang memiliki ciri khas dan keunikan tersendiri pemandangan yang ditawarkan kawasan perbukitan ini cukup enak dipandang plus kamu juga mendapatkan foto bagus dengan latar belakang perbukitan yang hijau bukit ini diberi nama teletubbies karena adanya gardu panjang yang lokasinya berada di atas gardu ini kebetulan lokasinya berada di di timur rumah domes rumah di dekat gardu ini bentuknya setengah bulat dan mirip rumah di serial teletubbies sehingga rumah itu disebut rumah teletubbies,wisata satu ini merupakan wisata yang lokasinya berada di pedesaan bukit satu ini tepatnya berada di desa sumberharjo prambanan kabupaten sleman meski berada di pedesaan bukit teletubbies jogja ini juga sama dengan wisata lain yang memiliki ciri khas dan keunikan tersendiri pemandangan yang ditawarkan kawasan perbukitan ini cukup enak dipandang plus kamu juga mendapatkan foto bagus dengan latar belakang perbukitan yang hijau bukit ini diberi nama teletubbies karena adanya gardu panjang yang lokasinya berada di atas gardu ini kebetulan lokasinya berada di di timur rumah domes rumah di dekat gardu ini bentuknya setengah bulat dan mirip rumah di serial teletubbies sehingga rumah itu disebut rumah teletubbies,wisata satu ini merupakan wisata yang lokasinya berada di pedesaan bukit satu ini tepatnya berada di desa sumberharjo prambanan kabupaten sleman meski berada di pedesaan bukit teletubbies jogja ini juga sama dengan wisata lain yang memiliki ciri khas dan keunikan tersendiri pemandangan yang ditawarkan kawasan perbukitan ini cukup enak dipandang plus kamu juga mendapatkan foto bagus dengan latar belakang perbukitan yang hijau bukit ini diberi nama teletubbies karena adanya gardu panjang yang lokasinya berada di atas gardu ini kebetulan lokasinya berada di di timur rumah domes rumah di dekat gardu ini bentuknya setengah bulat dan mirip rumah di serial teletubbies sehingga rumah itu disebut rumah teletubbies,"['wisata', 'satu', 'ini', 'merupakan', 'wisata', 'yang', 'lokasinya', 'berada', 'pedesaan', 'bukit', 'satu', 'ini', 'tepatnya', 'berada', 'desa', 'sumberharjo', 'prambanan', 'kabupaten', 'sleman', 'meski', 'berada', 'pedesaan', 'bukit', 'teletubbies', 'jogja', 'ini', 'juga', 'sama', 'dengan', 'wisata', 'lain', 'yang', 'memiliki', 'ciri', 'khas', 'dan', 'keunikan', 'tersendiri', 'pemandangan', 'yang', 'ditawarkan', 'kawasan', 'perbukitan', 'ini', 'cukup', 'enak', 'dipandang', 'plus', 'kamu', 'juga', 'mendapatkan', 'foto', 'bagus', 'dengan', 'latar', 'belakang', 'perbukitan', 'yang', 'hijau', 'bukit', 'ini', 'diberi', 'nama', 'teletubbies', 'karena', 'adanya', 'gardu', 'panjang', 'yang', 'lokasinya', 'berada', 'atas', 'gardu', 'ini', 'kebetulan', 'lokasinya', 'berada', 'timur', 'rumah', 'domes', 'rumah', 'dekat', 'gardu', 'ini', 'bentuknya', 'setengah', 'bulat', 'dan', 'mirip', 'rumah', 'serial', 'teletubbies', 'sehingga', 'rumah', 'itu', 'disebut', 'rumah', 'teletubbies']",Alam,alam,alam,['alam'],0.0,4.1,,-7.8181275,110.511764,1173.0,2000.0,2000.0,0.82,0.0014492753623188,cagar alam,1,2000.0,34,0,1
dataset2,434,Bukit Tompak,bukit tompak,bukit tompak,"['bukit', 'tompak']",bukit dengan panorama alam terbuka yang indah cocok untuk berburu sunrise atau menikmati ketenangan alam dengan suasana perbukitan khas yogyakarta,bukit dengan panorama alam terbuka yang indah cocok untuk berburu sunrise atau menikmati ketenangan alam dengan suasana perbukitan khas yogyakarta,bukit dengan panorama alam terbuka yang indah cocok untuk berburu sunrise atau menikmati ketenangan alam dengan suasana perbukitan khas yogyakarta,"['bukit', 'dengan', 'panorama', 'alam', 'terbuka', 'yang', 'indah', 'cocok', 'untuk', 'berburu', 'sunrise', 'atau', 'menikmati', 'ketenangan', 'alam', 'dengan', 'suasana', 'perbukitan', 'khas', 'yogyakarta']",Alam,alam,alam,['alam'],0.0,4.5,,-7.844259,110.4557031,277.0,3000.0,3000.0,0.9,0.0021739130434782,cagar alam,1,3000.0,35,0,1
dataset1,146,Bukit Wisata Pulepayung,bukit wisata pulepayung,bukit wisata pulepayung,"['bukit', 'wisata', 'pulepayung']","Pule Payung Yogyakarta. Sebuah objek wisata populer yang menyajikan keindahan alam dari ketinggian 500 mdpl. Bukit Wisata Pule Payung Yogyakarta merupakan kawasan wisata yang dipenuhi dengan kreativitas yang tinggi, merubah zona biasa menjadi luar biasa. Daya tarik yang pertama dari Pule Payung Yogyakarta adalah objek wisata yang menyajikan pesona alam pegunungan. Sehingga, orang-orang menyebutnya dengan Bukit Wisata. Ketinggian Pule Payung Yogyakarta sekitar 500 mdpl, serta jalan menuju Pule Payung Yogyakarta dapat ditempuh dengan kendaraan roda dua, maupun roda empat. Pesona keindahan Waduk Sermo dapat terlihat jelas saat berada di Pule Payung. Waduk eksotis yang dikelilingi pegunungan yang masih asri. Dan Pule Payung Yogyakarta adalah bukit yang notabene sebagai destinasi wisata alam, diberikan sentuhan kreativitas, serta memprioritaskan aspek keamanan di setiap spotnya, akhirnya menjadi wisata favorit di Jogja.","pule payung yogyakarta. sebuah objek wisata populer yang menyajikan keindahan alam dari ketinggian 500 mdpl. bukit wisata pule payung yogyakarta merupakan kawasan wisata yang dipenuhi dengan kreativitas yang tinggi, merubah zona biasa menjadi luar biasa. daya tarik yang pertama dari pule payung yogyakarta adalah objek wisata yang menyajikan pesona alam pegunungan. sehingga, orang orang menyebutnya dengan bukit wisata. ketinggian pule payung yogyakarta sekitar 500 mdpl, serta jalan menuju pule payung yogyakarta dapat ditempuh dengan kendaraan roda dua, maupun roda empat. pesona keindahan waduk sermo dapat terlihat jelas saat berada di pule payung. waduk eksotis yang dikelilingi pegunungan yang masih asri. dan pule payung yogyakarta adalah bukit yang notabene sebagai destinasi wisata alam, diberikan sentuhan kreativitas, serta memprioritaskan aspek keamanan di setiap spotnya, akhirnya menjadi wisata favorit di jogja.",pule payung yogyakarta sebuah objek wisata populer yang menyajikan keindahan alam dari ketinggian 500 mdpl bukit wisata pule payung yogyakarta merupakan kawasan wisata yang dipenuhi dengan kreativitas yang tinggi merubah zona biasa menjadi luar biasa daya tarik yang pertama dari pule payung yogyakarta adalah objek wisata yang menyajikan pesona alam pegunungan sehingga orang orang menyebutnya dengan bukit wisata ketinggian pule payung yogyakarta sekitar 500 mdpl serta jalan menuju pule payung yogyakarta dapat ditempuh dengan kendaraan roda dua maupun roda empat pesona keindahan waduk sermo dapat terlihat jelas saat berada di pule payung waduk eksotis yang dikelilingi pegunungan yang masih asri dan pule payung yogyakarta adalah bukit yang notabene sebagai destinasi wisata alam diberikan sentuhan kreativitas serta memprioritaskan aspek keamanan di setiap spotnya akhirnya menjadi wisata favorit di jogja,"['pule', 'payung', 'yogyakarta', 'sebuah', 'objek', 'wisata', 'populer', 'yang', 'menyajikan', 'keindahan', 'alam', 'dari', 'ketinggian', '500', 'mdpl', 'bukit', 'wisata', 'pule', 'payung', 'yogyakarta', 'merupakan', 'kawasan', 'wisata', 'yang', 'dipenuhi', 'dengan', 'kreativitas', 'yang', 'tinggi', 'merubah', 'zona', 'biasa', 'menjadi', 'luar', 'biasa', 'daya', 'tarik', 'yang', 'pertama', 'dari', 'pule', 'payung', 'yogyakarta', 'adalah', 'objek', 'wisata', 'yang', 'menyajikan', 'pesona', 'alam', 'pegunungan', 'sehingga', 'orang', 'orang', 'menyebutnya', 'dengan', 'bukit', 'wisata', 'ketinggian', 'pule', 'payung', 'yogyakarta', 'sekitar', '500', 'mdpl', 'serta', 'jalan', 'menuju', 'pule', 'payung', 'yogyakarta', 'dapat', 'ditempuh', 'dengan', 'kendaraan', 'roda', 'dua', 'maupun', 'roda', 'empat', 'pesona', 'keindahan', 'waduk', 'sermo', 'dapat', 'terlihat', 'jelas', 'saat', 'berada', 'pule', 'payung', 'waduk', 'eksotis', 'yang', 'dikelilingi', 'pegunungan', 'yang', 'masih', 'asri', 'dan', 'pule', 'payung', 'yogyakarta', 'adalah', 'bukit', 'yang', 'notabene', 'sebagai', 'destinasi', 'wisata', 'alam', 'diberikan', 'sentuhan', 'kreativitas', 'serta', 'memprioritaskan', 'aspek', 'keamanan', 'setiap', 'spotnya', 'akhirnya', 'menjadi', 'wisata', 'favorit', 'jogja']",Cagar Alam,cagar alam,cagar alam,"['cagar', 'alam']",10000.0,4.5,,-7.8001106,110.1238954,0.0,0.0,0.0,0.9,,cagar alam,1,10000.0,36,0,1
dataset2,175,Camera House Borobudur,camera house borobudur,camera house borobudur,"['camera', 'house', 'borobudur']",camera house borobudur ini rumah yang dibentuk menyerupai kamera dslr berukuran raksasa rumah kamera ini adalah museum yang menampilkan hasil lukisan pak tanggol dan terdapat studio foto yang unik serta menarik kamu dapat melihat lukisan lukisan yang indah yang terdapat di camera house borobudur ini,camera house borobudur ini rumah yang dibentuk menyerupai kamera dslr berukuran raksasa rumah kamera ini adalah museum yang menampilkan hasil lukisan pak tanggol dan terdapat studio foto yang unik serta menarik kamu dapat melihat lukisan lukisan yang indah yang terdapat di camera house borobudur ini,camera house borobudur ini rumah yang dibentuk menyerupai kamera dslr berukuran raksasa rumah kamera ini adalah museum yang menampilkan hasil lukisan pak tanggol dan terdapat studio foto yang unik serta menarik kamu dapat melihat lukisan lukisan yang indah yang terdapat di camera house borobudur ini,"['camera', 'house', 'borobudur', 'ini', 'rumah', 'yang', 'dibentuk', 'menyerupai', 'kamera', 'dslr', 'berukuran', 'raksasa', 'rumah', 'kamera', 'ini', 'adalah', 'museum', 'yang', 'menampilkan', 'hasil', 'lukisan', 'pak', 'tanggol', 'dan', 'terdapat', 'studio', 'foto', 'yang', 'unik', 'serta', 'menarik', 'kamu', 'dapat', 'melihat', 'lukisan', 'lukisan', 'yang', 'indah', 'yang', 'terdapat', 'camera', 'house', 'borobudur', 'ini']",Museum,museum,museum,['museum'],0.0,4.1,,-7.6244995,110.2027713,1304.0,15000.0,15000.0,0.82,0.0108695652173913,museum,6,15000.0,37,1,0
dataset2,225,Candi Abang,candi abang,candi abang,"['candi', 'abang']",candi abang memiliki bentuk seperti piramida dinamakan candi abang karena bangunan itu terbuat dari batu bata berwarna merah dari jauh candi ini tampak seperti gundukan tanah atau bukit kecil karena bagian luarnya banyak ditumbuhi rerumputan secara sekilas candi abang tampak hanya seperti gundukan tanah di atas bukit bukit ini bila musim hujan akan berwarna hijau sedangkan pada musim kemarau akan terlihat gersang bangunan candi ini akan terlihat berwarna merah jika kondisinya benar benar kemarau dan kering seperti bangunan candi pada umumnya candi abang dibangun di atas bukit selain itu keunikan lainnya adalah candi ini dibangun dengan batu bata merah hal ini berbeda dengan kebanyakan candi pada umumnya yang dibangun dengan batu andesit,candi abang memiliki bentuk seperti piramida dinamakan candi abang karena bangunan itu terbuat dari batu bata berwarna merah dari jauh candi ini tampak seperti gundukan tanah atau bukit kecil karena bagian luarnya banyak ditumbuhi rerumputan secara sekilas candi abang tampak hanya seperti gundukan tanah di atas bukit bukit ini bila musim hujan akan berwarna hijau sedangkan pada musim kemarau akan terlihat gersang bangunan candi ini akan terlihat berwarna merah jika kondisinya benar benar kemarau dan kering seperti bangunan candi pada umumnya candi abang dibangun di atas bukit selain itu keunikan lainnya adalah candi ini dibangun dengan batu bata merah hal ini berbeda dengan kebanyakan candi pada umumnya yang dibangun dengan batu andesit,candi abang memiliki bentuk seperti piramida dinamakan candi abang karena bangunan itu terbuat dari batu bata berwarna merah dari jauh candi ini tampak seperti gundukan tanah atau bukit kecil karena bagian luarnya banyak ditumbuhi rerumputan secara sekilas candi abang tampak hanya seperti gundukan tanah di atas bukit bukit ini bila musim hujan akan berwarna hijau sedangkan pada musim kemarau akan terlihat gersang bangunan candi ini akan terlihat berwarna merah jika kondisinya benar benar kemarau dan kering seperti bangunan candi pada umumnya candi abang dibangun di atas bukit selain itu keunikan lainnya adalah candi ini dibangun dengan batu bata merah hal ini berbeda dengan kebanyakan candi pada umumnya yang dibangun dengan batu andesit,"['candi', 'abang', 'memiliki', 'bentuk', 'seperti', 'piramida', 'dinamakan', 'candi', 'abang', 'karena', 'bangunan', 'itu', 'terbuat', 'dari', 'batu', 'bata', 'berwarna', 'merah', 'dari', 'jauh', 'candi', 'ini', 'tampak', 'seperti', 'gundukan', 'tanah', 'atau', 'bukit', 'kecil', 'karena', 'bagian', 'luarnya', 'banyak', 'ditumbuhi', 'rerumputan', 'secara', 'sekilas', 'candi', 'abang', 'tampak', 'hanya', 'seperti', 'gundukan', 'tanah', 'atas', 'bukit', 'bukit', 'ini', 'bila', 'musim', 'hujan', 'akan', 'berwarna', 'hijau', 'sedangkan', 'pada', 'musim', 'kemarau', 'akan', 'terlihat', 'gersang', 'bangunan', 'candi', 'ini', 'akan', 'terlihat', 'berwarna', 'merah', 'jika', 'kondisinya', 'benar', 'benar', 'kemarau', 'dan', 'kering', 'seperti', 'bangunan', 'candi', 'pada', 'umumnya', 'candi', 'abang', 'dibangun', 'atas', 'bukit', 'selain', 'itu', 'keunikan', 'lainnya', 'adalah', 'candi', 'ini', 'dibangun', 'dengan', 'batu', 'bata', 'merah', 'hal', 'ini', 'berbeda', 'dengan', 'kebanyakan', 'candi', 'pada', 'umumnya', 'yang', 'dibangun', 'dengan', 'batu', 'andesit']",Budaya_Dan_Sejarah,budaya dan sejarah,budaya dan sejarah,"['budaya', 'dan', 'sejarah']",0.0,4.2,,-7.8103728,110.468686,1029.0,5000.0,5000.0,0.8400000000000001,0.0036231884057971,budaya,2,5000.0,38,1,1
dataset2,256,Candi Ambyar,candi ambyar,candi ambyar,"['candi', 'ambyar']",situs candi yang mengalami kerusakan namun tetap menarik untuk dikunjungi karena nilai sejarahnya,situs candi yang mengalami kerusakan namun tetap menarik untuk dikunjungi karena nilai sejarahnya,situs candi yang mengalami kerusakan namun tetap menarik untuk dikunjungi karena nilai sejarahnya,"['situs', 'candi', 'yang', 'mengalami', 'kerusakan', 'namun', 'tetap', 'menarik', 'untuk', 'dikunjungi', 'karena', 'nilai', 'sejarahnya']",Budaya_Dan_Sejarah,budaya dan sejarah,budaya dan sejarah,"['budaya', 'dan', 'sejarah']",0.0,3.0,,-7.6773077,110.5570963,1.0,5000.0,5000.0,0.6,0.0036231884057971,budaya,2,5000.0,39,1,1
dataset2,250,Candi ASU Klaten,candi asu klaten,candi asu klaten,"['candi', 'asu', 'klaten']",letaknya di dk bener ds bugisan kec prambanan klaten candi asu yang terletak di luar komplek taman wisata prambanan kurang lebih berjarak km dari komplek taman wisata prambanan dan berada di dekat perumahan penduduk bentuk candi saat ini terkesan berserakan namun telah dilindungi oleh pagar,letaknya di dk bener ds bugisan kec prambanan klaten candi asu yang terletak di luar komplek taman wisata prambanan kurang lebih berjarak km dari komplek taman wisata prambanan dan berada di dekat perumahan penduduk bentuk candi saat ini terkesan berserakan namun telah dilindungi oleh pagar,letaknya di dk bener ds bugisan kec prambanan klaten candi asu yang terletak di luar komplek taman wisata prambanan kurang lebih berjarak km dari komplek taman wisata prambanan dan berada di dekat perumahan penduduk bentuk candi saat ini terkesan berserakan namun telah dilindungi oleh pagar,"['letaknya', 'bener', 'bugisan', 'kec', 'prambanan', 'klaten', 'candi', 'asu', 'yang', 'terletak', 'luar', 'komplek', 'taman', 'wisata', 'prambanan', 'kurang', 'lebih', 'berjarak', 'dari', 'komplek', 'taman', 'wisata', 'prambanan', 'dan', 'berada', 'dekat', 'perumahan', 'penduduk', 'bentuk', 'candi', 'saat', 'ini', 'terkesan', 'berserakan', 'namun', 'telah', 'dilindungi', 'oleh', 'pagar']",Budaya_Dan_Sejarah,budaya dan sejarah,budaya dan sejarah,"['budaya', 'dan', 'sejarah']",0.0,4.2,,-7.7423022,110.5155871,5.0,3000.0,3000.0,0.8400000000000001,0.0021739130434782,budaya,2,3000.0,40,1,1
dataset2,224,Candi Banyunibo,candi banyunibo,candi banyunibo,"['candi', 'banyunibo']",candi banyunibo adalah candi buddha yang berada tidak jauh dari candi ratu boko yaitu di bagian sebelah timur dari kota yogyakarta ke arah kota wonosari candi ini terdiri atas satu candi induk yang menghadap ke barat dan enam candi perwara yang berbentuk stupa disusun berderet tiga candi perwara di sisi selatan dan tiga candi perwara di sisi timur candi induk lokasinya yang dikelilingi oleh persawahan menjadikan candi banyunibo sebagai salah satu alternatif tempat wisata yang wajib dikunjungi karena selain udara di sekitar candi yang masih alami pengunjung juga bisa mempelajari tentang kekayaan keyakinan manusia indonesia di masa lampau,candi banyunibo adalah candi buddha yang berada tidak jauh dari candi ratu boko yaitu di bagian sebelah timur dari kota yogyakarta ke arah kota wonosari candi ini terdiri atas satu candi induk yang menghadap ke barat dan enam candi perwara yang berbentuk stupa disusun berderet tiga candi perwara di sisi selatan dan tiga candi perwara di sisi timur candi induk lokasinya yang dikelilingi oleh persawahan menjadikan candi banyunibo sebagai salah satu alternatif tempat wisata yang wajib dikunjungi karena selain udara di sekitar candi yang masih alami pengunjung juga bisa mempelajari tentang kekayaan keyakinan manusia indonesia di masa lampau,candi banyunibo adalah candi buddha yang berada tidak jauh dari candi ratu boko yaitu di bagian sebelah timur dari kota yogyakarta ke arah kota wonosari candi ini terdiri atas satu candi induk yang menghadap ke barat dan enam candi perwara yang berbentuk stupa disusun berderet tiga candi perwara di sisi selatan dan tiga candi perwara di sisi timur candi induk lokasinya yang dikelilingi oleh persawahan menjadikan candi banyunibo sebagai salah satu alternatif tempat wisata yang wajib dikunjungi karena selain udara di sekitar candi yang masih alami pengunjung juga bisa mempelajari tentang kekayaan keyakinan manusia indonesia di masa lampau,"['candi', 'banyunibo', 'adalah', 'candi', 'buddha', 'yang', 'berada', 'tidak', 'jauh', 'dari', 'candi', 'ratu', 'boko', 'yaitu', 'bagian', 'sebelah', 'timur', 'dari', 'kota', 'yogyakarta', 'arah', 'kota', 'wonosari', 'candi', 'ini', 'terdiri', 'atas', 'satu', 'candi', 'induk', 'yang', 'menghadap', 'barat', 'dan', 'enam', 'candi', 'perwara', 'yang', 'berbentuk', 'stupa', 'disusun', 'berderet', 'tiga', 'candi', 'perwara', 'sisi', 'selatan', 'dan', 'tiga', 'candi', 'perwara', 'sisi', 'timur', 'candi', 'induk', 'lokasinya', 'yang', 'dikelilingi', 'oleh', 'persawahan', 'menjadikan', 'candi', 'banyunibo', 'sebagai', 'salah', 'satu', 'alternatif', 'tempat', 'wisata', 'yang', 'wajib', 'dikunjungi', 'karena', 'selain', 'udara', 'sekitar', 'candi', 'yang', 'masih', 'alami', 'pengunjung', 'juga', 'bisa', 'mempelajari', 'tentang', 'kekayaan', 'keyakinan', 'manusia', 'indonesia', 'masa', 'lampau']",Budaya_Dan_Sejarah,budaya dan sejarah,budaya dan sejarah,"['budaya', 'dan', 'sejarah']",0.0,4.5,,-7.7779014,110.4940734,1151.0,5000.0,5000.0,0.9,0.0036231884057971,budaya,2,5000.0,41,1,1
dataset1,170,Candi Borobudur,candi borobudur,candi borobudur,"['candi', 'borobudur']","Borobudur (bahasa Jawa: ꦕꦤ꧀ꦝꦶ​ꦧꦫꦧꦸꦝꦸꦂ, translit. Candhi Barabudhur) adalah sebuah candi Buddha yang terletak di Borobudur, Magelang, Jawa Tengah, Indonesia. Candi ini terletak kurang lebih 100 km di sebelah barat daya Semarang, 86 km di sebelah barat Surakarta, dan 40 km di sebelah barat laut Yogyakarta. Candi berbentuk stupa ini didirikan oleh para penganut agama Buddha Mahayana sekitar tahun 800-an Masehi pada masa pemerintahan wangsa Syailendra. Borobudur adalah candi atau kuil Buddha terbesar di dunia, sekaligus salah satu monumen Buddha terbesar di dunia.\nMonumen ini terdiri atas enam teras berbentuk bujur sangkar yang di atasnya terdapat tiga pelataran melingkar, pada dindingnya dihiasi dengan 2.672 panel relief dan aslinya terdapat 504 arca Buddha. Borobudur memiliki koleksi relief Buddha terlengkap dan terbanyak di dunia. Stupa utama terbesar teletak di tengah sekaligus memahkotai bangunan ini, dikelilingi oleh tiga barisan melingkar 72 stupa berlubang yang di dalamnya terdapat arca Buddha tengah duduk bersila dalam posisi teratai sempurna dengan mudra (sikap tangan) Dharmachakra mudra (memutar roda dharma).\nMonumen ini merupakan model alam semesta dan dibangun sebagai tempat suci untuk memuliakan Buddha sekaligus berfungsi sebagai tempat ziarah untuk menuntun umat manusia beralih dari alam nafsu duniawi menuju pencerahan dan kebijaksanaan sesuai ajaran Buddha. Para peziarah masuk melalui sisi timur dan memulai ritual di dasar candi dengan berjalan melingkari bangunan suci ini searah jarum jam, sambil terus naik ke undakan berikutnya melalui tiga tingkatan ranah dalam kosmologi Buddha. Ketiga tingkatan itu adalah Kāmadhātu (ranah hawa nafsu), Rupadhatu (ranah berwujud), dan Arupadhatu (ranah tak berwujud). Dalam perjalanannya para peziarah berjalan melalui serangkaian lorong dan tangga dengan menyaksikan tak kurang dari 1.460 panel relief indah yang terukir pada dinding dan pagar langkan.\nMenurut bukti-bukti sejarah, Borobudur ditinggalkan pada abad ke-14 seiring melemahnya pengaruh kerajaan Hindu dan Buddha di Jawa serta mulai masuknya pengaruh Islam. Dunia mulai menyadari keberadaan bangunan ini sejak ditemukan 1814 oleh Sir Thomas Stamford Raffles, yang saat itu menjabat sebagai Gubernur Jenderal Inggris atas Jawa. Sejak saat itu Borobudur telah mengalami serangkaian upaya penyelamatan dan pemugaran (perbaikan kembali). Proyek pemugaran terbesar digelar pada kurun waktu 1975 hingga 1982 atas upaya Pemerintah Republik Indonesia dan UNESCO, kemudian situs bersejarah ini masuk dalam daftar Situs Warisan Dunia.Borobudur kini masih digunakan sebagai tempat ziarah keagamaan; tiap tahun umat Buddha yang datang dari seluruh Indonesia dan mancanegara berkumpul di Borobudur untuk memperingati Trisuci Waisak. Dalam dunia pariwisata, Borobudur adalah objek wisata tunggal di Indonesia yang paling banyak dikunjungi wisatawan.","borobudur bahasa jawa , translit. candhi barabudhur adalah sebuah candi buddha yang terletak di borobudur, magelang, jawa tengah, indonesia. candi ini terletak kurang lebih 100 km di sebelah barat daya semarang, 86 km di sebelah barat surakarta, dan 40 km di sebelah barat laut yogyakarta. candi berbentuk stupa ini didirikan oleh para penganut agama buddha mahayana sekitar tahun 800 an masehi pada masa pemerintahan wangsa syailendra. borobudur adalah candi atau kuil buddha terbesar di dunia, sekaligus salah satu monumen buddha terbesar di dunia. nmonumen ini terdiri atas enam teras berbentuk bujur sangkar yang di atasnya terdapat tiga pelataran melingkar, pada dindingnya dihiasi dengan 2.672 panel relief dan aslinya terdapat 504 arca buddha. borobudur memiliki koleksi relief buddha terlengkap dan terbanyak di dunia. stupa utama terbesar teletak di tengah sekaligus memahkotai bangunan ini, dikelilingi oleh tiga barisan melingkar 72 stupa berlubang yang di dalamnya terdapat arca buddha tengah duduk bersila dalam posisi teratai sempurna dengan mudra sikap tangan dharmachakra mudra memutar roda dharma . nmonumen ini merupakan model alam semesta dan dibangun sebagai tempat suci untuk memuliakan buddha sekaligus berfungsi sebagai tempat ziarah untuk menuntun umat manusia beralih dari alam nafsu duniawi menuju pencerahan dan kebijaksanaan sesuai ajaran buddha. para peziarah masuk melalui sisi timur dan memulai ritual di dasar candi dengan berjalan melingkari bangunan suci ini searah jarum jam, sambil terus naik ke undakan berikutnya melalui tiga tingkatan ranah dalam kosmologi buddha. ketiga tingkatan itu adalah k madh tu ranah hawa nafsu , rupadhatu ranah berwujud , dan arupadhatu ranah tak berwujud . dalam perjalanannya para peziarah berjalan melalui serangkaian lorong dan tangga dengan menyaksikan tak kurang dari 1.460 panel relief indah yang terukir pada dinding dan pagar langkan. nmenurut bukti bukti sejarah, borobudur ditinggalkan pada abad ke 14 seiring melemahnya pengaruh kerajaan hindu dan buddha di jawa serta mulai masuknya pengaruh islam. dunia mulai menyadari keberadaan bangunan ini sejak ditemukan 1814 oleh sir thomas stamford raffles, yang saat itu menjabat sebagai gubernur jenderal inggris atas jawa. sejak saat itu borobudur telah mengalami serangkaian upaya penyelamatan dan pemugaran perbaikan kembali . proyek pemugaran terbesar digelar pada kurun waktu 1975 hingga 1982 atas upaya pemerintah republik indonesia dan unesco, kemudian situs bersejarah ini masuk dalam daftar situs warisan dunia.borobudur kini masih digunakan sebagai tempat ziarah keagamaan tiap tahun umat buddha yang datang dari seluruh indonesia dan mancanegara berkumpul di borobudur untuk memperingati trisuci waisak. dalam dunia pariwisata, borobudur adalah objek wisata tunggal di indonesia yang paling banyak dikunjungi wisatawan.",borobudur bahasa jawa translit candhi barabudhur adalah sebuah candi buddha yang terletak di borobudur magelang jawa tengah indonesia candi ini terletak kurang lebih 100 km di sebelah barat daya semarang 86 km di sebelah barat surakarta dan 40 km di sebelah barat laut yogyakarta candi berbentuk stupa ini didirikan oleh para penganut agama buddha mahayana sekitar tahun 800 an masehi pada masa pemerintahan wangsa syailendra borobudur adalah candi atau kuil buddha terbesar di dunia sekaligus salah satu monumen buddha terbesar di dunia nmonumen ini terdiri atas enam teras berbentuk bujur sangkar yang di atasnya terdapat tiga pelataran melingkar pada dindingnya dihiasi dengan 2672 panel relief dan aslinya terdapat 504 arca buddha borobudur memiliki koleksi relief buddha terlengkap dan terbanyak di dunia stupa utama terbesar teletak di tengah sekaligus memahkotai bangunan ini dikelilingi oleh tiga barisan melingkar 72 stupa berlubang yang di dalamnya terdapat arca buddha tengah duduk bersila dalam posisi teratai sempurna dengan mudra sikap tangan dharmachakra mudra memutar roda dharma nmonumen ini merupakan model alam semesta dan dibangun sebagai tempat suci untuk memuliakan buddha sekaligus berfungsi sebagai tempat ziarah untuk menuntun umat manusia beralih dari alam nafsu duniawi menuju pencerahan dan kebijaksanaan sesuai ajaran buddha para peziarah masuk melalui sisi timur dan memulai ritual di dasar candi dengan berjalan melingkari bangunan suci ini searah jarum jam sambil terus naik ke undakan berikutnya melalui tiga tingkatan ranah dalam kosmologi buddha ketiga tingkatan itu adalah k madh tu ranah hawa nafsu rupadhatu ranah berwujud dan arupadhatu ranah tak berwujud dalam perjalanannya para peziarah berjalan melalui serangkaian lorong dan tangga dengan menyaksikan tak kurang dari 1460 panel relief indah yang terukir pada dinding dan pagar langkan nmenurut bukti bukti sejarah borobudur ditinggalkan pada abad ke 14 seiring melemahnya pengaruh kerajaan hindu dan buddha di jawa serta mulai masuknya pengaruh islam dunia mulai menyadari keberadaan bangunan ini sejak ditemukan 1814 oleh sir thomas stamford raffles yang saat itu menjabat sebagai gubernur jenderal inggris atas jawa sejak saat itu borobudur telah mengalami serangkaian upaya penyelamatan dan pemugaran perbaikan kembali proyek pemugaran terbesar digelar pada kurun waktu 1975 hingga 1982 atas upaya pemerintah republik indonesia dan unesco kemudian situs bersejarah ini masuk dalam daftar situs warisan duniaborobudur kini masih digunakan sebagai tempat ziarah keagamaan tiap tahun umat buddha yang datang dari seluruh indonesia dan mancanegara berkumpul di borobudur untuk memperingati trisuci waisak dalam dunia pariwisata borobudur adalah objek wisata tunggal di indonesia yang paling banyak dikunjungi wisatawan,"['borobudur', 'bahasa', 'jawa', 'translit', 'candhi', 'barabudhur', 'adalah', 'sebuah', 'candi', 'buddha', 'yang', 'terletak', 'borobudur', 'magelang', 'jawa', 'tengah', 'indonesia', 'candi', 'ini', 'terletak', 'kurang', 'lebih', '100', 'sebelah', 'barat', 'daya', 'semarang', 'sebelah', 'barat', 'surakarta', 'dan', 'sebelah', 'barat', 'laut', 'yogyakarta', 'candi', 'berbentuk', 'stupa', 'ini', 'didirikan', 'oleh', 'para', 'penganut', 'agama', 'buddha', 'mahayana', 'sekitar', 'tahun', '800', 'masehi', 'pada', 'masa', 'pemerintahan', 'wangsa', 'syailendra', 'borobudur', 'adalah', 'candi', 'atau', 'kuil', 'buddha', 'terbesar', 'dunia', 'sekaligus', 'salah', 'satu', 'monumen', 'buddha', 'terbesar', 'dunia', 'nmonumen', 'ini', 'terdiri', 'atas', 'enam', 'teras', 'berbentuk', 'bujur', 'sangkar', 'yang', 'atasnya', 'terdapat', 'tiga', 'pelataran', 'melingkar', 'pada', 'dindingnya', 'dihiasi', 'dengan', '2672', 'panel', 'relief', 'dan', 'aslinya', 'terdapat', '504', 'arca', 'buddha', 'borobudur', 'memiliki', 'koleksi', 'relief', 'buddha', 'terlengkap', 'dan', 'terbanyak', 'dunia', 'stupa', 'utama', 'terbesar', 'teletak', 'tengah', 'sekaligus', 'memahkotai', 'bangunan', 'ini', 'dikelilingi', 'oleh', 'tiga', 'barisan', 'melingkar', 'stupa', 'berlubang', 'yang', 'dalamnya', 'terdapat', 'arca', 'buddha', 'tengah', 'duduk', 'bersila', 'dalam', 'posisi', 'teratai', 'sempurna', 'dengan', 'mudra', 'sikap', 'tangan', 'dharmachakra', 'mudra', 'memutar', 'roda', 'dharma', 'nmonumen', 'ini', 'merupakan', 'model', 'alam', 'semesta', 'dan', 'dibangun', 'sebagai', 'tempat', 'suci', 'untuk', 'memuliakan', 'buddha', 'sekaligus', 'berfungsi', 'sebagai', 'tempat', 'ziarah', 'untuk', 'menuntun', 'umat', 'manusia', 'beralih', 'dari', 'alam', 'nafsu', 'duniawi', 'menuju', 'pencerahan', 'dan', 'kebijaksanaan', 'sesuai', 'ajaran', 'buddha', 'para', 'peziarah', 'masuk', 'melalui', 'sisi', 'timur', 'dan', 'memulai', 'ritual', 'dasar', 'candi', 'dengan', 'berjalan', 'melingkari', 'bangunan', 'suci', 'ini', 'searah', 'jarum', 'jam', 'sambil', 'terus', 'naik', 'undakan', 'berikutnya', 'melalui', 'tiga', 'tingkatan', 'ranah', 'dalam', 'kosmologi', 'buddha', 'ketiga', 'tingkatan', 'itu', 'adalah', 'madh', 'ranah', 'hawa', 'nafsu', 'rupadhatu', 'ranah', 'berwujud', 'dan', 'arupadhatu', 'ranah', 'tak', 'berwujud', 'dalam', 'perjalanannya', 'para', 'peziarah', 'berjalan', 'melalui', 'serangkaian', 'lorong', 'dan', 'tangga', 'dengan', 'menyaksikan', 'tak', 'kurang', 'dari', '1460', 'panel', 'relief', 'indah', 'yang', 'terukir', 'pada', 'dinding', 'dan', 'pagar', 'langkan', 'nmenurut', 'bukti', 'bukti', 'sejarah', 'borobudur', 'ditinggalkan', 'pada', 'abad', 'seiring', 'melemahnya', 'pengaruh', 'kerajaan', 'hindu', 'dan', 'buddha', 'jawa', 'serta', 'mulai', 'masuknya', 'pengaruh', 'islam', 'dunia', 'mulai', 'menyadari', 'keberadaan', 'bangunan', 'ini', 'sejak', 'ditemukan', '1814', 'oleh', 'sir', 'thomas', 'stamford', 'raffles', 'yang', 'saat', 'itu', 'menjabat', 'sebagai', 'gubernur', 'jenderal', 'inggris', 'atas', 'jawa', 'sejak', 'saat', 'itu', 'borobudur', 'telah', 'mengalami', 'serangkaian', 'upaya', 'penyelamatan', 'dan', 'pemugaran', 'perbaikan', 'kembali', 'proyek', 'pemugaran', 'terbesar', 'digelar', 'pada', 'kurun', 'waktu', '1975', 'hingga', '1982', 'atas', 'upaya', 'pemerintah', 'republik', 'indonesia', 'dan', 'unesco', 'kemudian', 'situs', 'bersejarah', 'ini', 'masuk', 'dalam', 'daftar', 'situs', 'warisan', 'duniaborobudur', 'kini', 'masih', 'digunakan', 'sebagai', 'tempat', 'ziarah', 'keagamaan', 'tiap', 'tahun', 'umat', 'buddha', 'yang', 'datang', 'dari', 'seluruh', 'indonesia', 'dan', 'mancanegara', 'berkumpul', 'borobudur', 'untuk', 'memperingati', 'trisuci', 'waisak', 'dalam', 'dunia', 'pariwisata', 'borobudur', 'adalah', 'objek', 'wisata', 'tunggal', 'indonesia', 'yang', 'paling', 'banyak', 'dikunjungi', 'wisatawan']",Budaya,budaya,budaya,['budaya'],50000.0,4.7,120.0,-7.6078738,110.2037513,0.0,0.0,0.0,0.94,,budaya,2,50000.0,42,1,1
dataset2,257,Candi Indah,candi indah,candi indah,"['candi', 'indah']",situs candi kecil yang masih dalam tahap konservasi namun memiliki nilai sejarah dan arkeologi penting di kawasan prambanan,situs candi kecil yang masih dalam tahap konservasi namun memiliki nilai sejarah dan arkeologi penting di kawasan prambanan,situs candi kecil yang masih dalam tahap konservasi namun memiliki nilai sejarah dan arkeologi penting di kawasan prambanan,"['situs', 'candi', 'kecil', 'yang', 'masih', 'dalam', 'tahap', 'konservasi', 'namun', 'memiliki', 'nilai', 'sejarah', 'dan', 'arkeologi', 'penting', 'kawasan', 'prambanan']",Budaya_Dan_Sejarah,budaya dan sejarah,budaya dan sejarah,"['budaya', 'dan', 'sejarah']",0.0,4.2,,-7.7447651,110.4171248,205.0,0.0,0.0,0.8400000000000001,0.0,budaya,2,0.0,43,1,1
dataset2,15,Candi Kalasan,candi kalasan,candi kalasan,"['candi', 'kalasan']",candi kalasan adalah candi yang dipersembahkan untuk dewi tara yang dinding luarnya dilapisi semen kuno candi budha tertua di yogyakarta ini dibangun oleh rakai panangkaran raja dari dinasti syailendra yang juga mengkonsep pendirian borobudur,candi kalasan adalah candi yang dipersembahkan untuk dewi tara yang dinding luarnya dilapisi semen kuno candi budha tertua di yogyakarta ini dibangun oleh rakai panangkaran raja dari dinasti syailendra yang juga mengkonsep pendirian borobudur,candi kalasan adalah candi yang dipersembahkan untuk dewi tara yang dinding luarnya dilapisi semen kuno candi budha tertua di yogyakarta ini dibangun oleh rakai panangkaran raja dari dinasti syailendra yang juga mengkonsep pendirian borobudur,"['candi', 'kalasan', 'adalah', 'candi', 'yang', 'dipersembahkan', 'untuk', 'dewi', 'tara', 'yang', 'dinding', 'luarnya', 'dilapisi', 'semen', 'kuno', 'candi', 'budha', 'tertua', 'yogyakarta', 'ini', 'dibangun', 'oleh', 'rakai', 'panangkaran', 'raja', 'dari', 'dinasti', 'syailendra', 'yang', 'juga', 'mengkonsep', 'pendirian', 'borobudur']",Budaya_Dan_Sejarah,budaya dan sejarah,budaya dan sejarah,"['budaya', 'dan', 'sejarah']",0.0,4.5,,-7.767284,110.4723505,1291.0,5000.0,5000.0,0.9,0.0036231884057971,budaya,2,5000.0,44,1,1
dataset2,222,Candi Kedulan,candi kedulan,candi kedulan,"['candi', 'kedulan']",candi hindu peninggalan abad ke yang ditemukan terkubur oleh erupsi merapi saat ini masih dalam proses ekskavasi dan pelestarian,candi hindu peninggalan abad ke yang ditemukan terkubur oleh erupsi merapi saat ini masih dalam proses ekskavasi dan pelestarian,candi hindu peninggalan abad ke yang ditemukan terkubur oleh erupsi merapi saat ini masih dalam proses ekskavasi dan pelestarian,"['candi', 'hindu', 'peninggalan', 'abad', 'yang', 'ditemukan', 'terkubur', 'oleh', 'erupsi', 'merapi', 'saat', 'ini', 'masih', 'dalam', 'proses', 'ekskavasi', 'dan', 'pelestarian']",Budaya_Dan_Sejarah,budaya dan sejarah,budaya dan sejarah,"['budaya', 'dan', 'sejarah']",0.0,4.5,,-7.742562,110.4696979,260.0,0.0,0.0,0.9,0.0,budaya,2,0.0,45,1,1
dataset2,227,Candi Kimpulan,candi kimpulan,candi kimpulan,"['candi', 'kimpulan']",candi kecil yang ditemukan di area kampus uii merupakan candi hindu dengan struktur sederhana namun bernilai sejarah tinggi,candi kecil yang ditemukan di area kampus uii merupakan candi hindu dengan struktur sederhana namun bernilai sejarah tinggi,candi kecil yang ditemukan di area kampus uii merupakan candi hindu dengan struktur sederhana namun bernilai sejarah tinggi,"['candi', 'kecil', 'yang', 'ditemukan', 'area', 'kampus', 'uii', 'merupakan', 'candi', 'hindu', 'dengan', 'struktur', 'sederhana', 'namun', 'bernilai', 'sejarah', 'tinggi']",Budaya_Dan_Sejarah,budaya dan sejarah,budaya dan sejarah,"['budaya', 'dan', 'sejarah']",0.0,4.7,,-7.6883712,110.4153399,233.0,0.0,0.0,0.94,0.0,budaya,2,0.0,46,1,1
dataset2,233,Candi Morangan,candi morangan,candi morangan,"['candi', 'morangan']",situs candi yang ditemukan kembali dalam keadaan terkubur simbol sejarah masa lalu yang unik,situs candi yang ditemukan kembali dalam keadaan terkubur simbol sejarah masa lalu yang unik,situs candi yang ditemukan kembali dalam keadaan terkubur simbol sejarah masa lalu yang unik,"['situs', 'candi', 'yang', 'ditemukan', 'kembali', 'dalam', 'keadaan', 'terkubur', 'simbol', 'sejarah', 'masa', 'lalu', 'yang', 'unik']",Budaya_Dan_Sejarah,budaya dan sejarah,budaya dan sejarah,"['budaya', 'dan', 'sejarah']",0.0,4.3,,-7.6848173,110.4694913,68.0,15000.0,15000.0,0.86,0.0108695652173913,budaya,2,15000.0,47,1,1
dataset2,221,Candi Plaosan,candi plaosan,candi plaosan,"['candi', 'plaosan']",candi plaosan terletak di desa bugisan kecamatan prambanan kabupaten klaten kira kira km ke arah timur dari candi sewu candi ini merupakan sebuah kompleks bangunan kuno yang terbagi menjadi dua yaitu kompleks candi plaosan lor lor dalam bahasa jawa berarti utara dan kompleks candi plaosan kidul kidul dalam bahasa jawa berarti selatan pahatan yang terdapat di candi plaosan sangat halus dan rinci mirip dengan yang terdapat di candi borobudur candi sewu dan candi sari candi plaosan yang merupakan candi buddha ini oleh para ahli diperkirakan dibangun pada masa pemerintahan rakai pikatan dari kerajaan mataram hindu yaitu pada awal abad ke m salah satu pakar yang mendukung pendapat itu adalah de casparis yang berpegang pada isi prasasti cri kahulunan m dalam prasasti tersebut dinyatakan bahwa candi plaosan lor dibangun oleh ratu sri kahulunan dengan dukungan suaminya menurut de casparis sri kahulunan adalah gelar pramodhawardani putri raja samarattungga dari wangsa syailendra sang putri yang memeluk agama buddha menikah dengan rakai pikatan dari wangsa sanjaya yang memeluk agama hindu,candi plaosan terletak di desa bugisan kecamatan prambanan kabupaten klaten kira kira km ke arah timur dari candi sewu candi ini merupakan sebuah kompleks bangunan kuno yang terbagi menjadi dua yaitu kompleks candi plaosan lor lor dalam bahasa jawa berarti utara dan kompleks candi plaosan kidul kidul dalam bahasa jawa berarti selatan pahatan yang terdapat di candi plaosan sangat halus dan rinci mirip dengan yang terdapat di candi borobudur candi sewu dan candi sari candi plaosan yang merupakan candi buddha ini oleh para ahli diperkirakan dibangun pada masa pemerintahan rakai pikatan dari kerajaan mataram hindu yaitu pada awal abad ke m salah satu pakar yang mendukung pendapat itu adalah de casparis yang berpegang pada isi prasasti cri kahulunan m dalam prasasti tersebut dinyatakan bahwa candi plaosan lor dibangun oleh ratu sri kahulunan dengan dukungan suaminya menurut de casparis sri kahulunan adalah gelar pramodhawardani putri raja samarattungga dari wangsa syailendra sang putri yang memeluk agama buddha menikah dengan rakai pikatan dari wangsa sanjaya yang memeluk agama hindu,candi plaosan terletak di desa bugisan kecamatan prambanan kabupaten klaten kira kira km ke arah timur dari candi sewu candi ini merupakan sebuah kompleks bangunan kuno yang terbagi menjadi dua yaitu kompleks candi plaosan lor lor dalam bahasa jawa berarti utara dan kompleks candi plaosan kidul kidul dalam bahasa jawa berarti selatan pahatan yang terdapat di candi plaosan sangat halus dan rinci mirip dengan yang terdapat di candi borobudur candi sewu dan candi sari candi plaosan yang merupakan candi buddha ini oleh para ahli diperkirakan dibangun pada masa pemerintahan rakai pikatan dari kerajaan mataram hindu yaitu pada awal abad ke m salah satu pakar yang mendukung pendapat itu adalah de casparis yang berpegang pada isi prasasti cri kahulunan m dalam prasasti tersebut dinyatakan bahwa candi plaosan lor dibangun oleh ratu sri kahulunan dengan dukungan suaminya menurut de casparis sri kahulunan adalah gelar pramodhawardani putri raja samarattungga dari wangsa syailendra sang putri yang memeluk agama buddha menikah dengan rakai pikatan dari wangsa sanjaya yang memeluk agama hindu,"['candi', 'plaosan', 'terletak', 'desa', 'bugisan', 'kecamatan', 'prambanan', 'kabupaten', 'klaten', 'kira', 'kira', 'arah', 'timur', 'dari', 'candi', 'sewu', 'candi', 'ini', 'merupakan', 'sebuah', 'kompleks', 'bangunan', 'kuno', 'yang', 'terbagi', 'menjadi', 'dua', 'yaitu', 'kompleks', 'candi', 'plaosan', 'lor', 'lor', 'dalam', 'bahasa', 'jawa', 'berarti', 'utara', 'dan', 'kompleks', 'candi', 'plaosan', 'kidul', 'kidul', 'dalam', 'bahasa', 'jawa', 'berarti', 'selatan', 'pahatan', 'yang', 'terdapat', 'candi', 'plaosan', 'sangat', 'halus', 'dan', 'rinci', 'mirip', 'dengan', 'yang', 'terdapat', 'candi', 'borobudur', 'candi', 'sewu', 'dan', 'candi', 'sari', 'candi', 'plaosan', 'yang', 'merupakan', 'candi', 'buddha', 'ini', 'oleh', 'para', 'ahli', 'diperkirakan', 'dibangun', 'pada', 'masa', 'pemerintahan', 'rakai', 'pikatan', 'dari', 'kerajaan', 'mataram', 'hindu', 'yaitu', 'pada', 'awal', 'abad', 'salah', 'satu', 'pakar', 'yang', 'mendukung', 'pendapat', 'itu', 'adalah', 'casparis', 'yang', 'berpegang', 'pada', 'isi', 'prasasti', 'cri', 'kahulunan', 'dalam', 'prasasti', 'tersebut', 'dinyatakan', 'bahwa', 'candi', 'plaosan', 'lor', 'dibangun', 'oleh', 'ratu', 'sri', 'kahulunan', 'dengan', 'dukungan', 'suaminya', 'menurut', 'casparis', 'sri', 'kahulunan', 'adalah', 'gelar', 'pramodhawardani', 'putri', 'raja', 'samarattungga', 'dari', 'wangsa', 'syailendra', 'sang', 'putri', 'yang', 'memeluk', 'agama', 'buddha', 'menikah', 'dengan', 'rakai', 'pikatan', 'dari', 'wangsa', 'sanjaya', 'yang', 'memeluk', 'agama', 'hindu']",Budaya_Dan_Sejarah,budaya dan sejarah,budaya dan sejarah,"['budaya', 'dan', 'sejarah']",0.0,4.6,,-7.7407807,110.5046772,7855.0,3000.0,3000.0,0.92,0.0021739130434782,budaya,2,3000.0,48,1,1
dataset2,16,Candi Sambisari,candi sambisari,candi sambisari,"['candi', 'sambisari']",candi sambisari adalah candi hindu yang berada di purwomartani kalasan sleman daerah istimewa yogyakarta posisinya kira kira berada kilometer km di sebelah timur kota yogyakarta ke arah kota solo lokasi candinya pun cukup unik yaitu terletak kira kira meter lebih rendah dari permukaan tanah di sekitarnya oleh karena itu jika hendak masuk ke dalam kompleks candi kamu harus berjalanan kaki menuruni puluhan anak tangga yang cukup curam sehingga kamu harus berhati hati jika kamu berada di kawasan sekitar candi yang kamu lihat hanyalah atap candi yang sedikit menyembul di permukaan tanah,candi sambisari adalah candi hindu yang berada di purwomartani kalasan sleman daerah istimewa yogyakarta posisinya kira kira berada kilometer km di sebelah timur kota yogyakarta ke arah kota solo lokasi candinya pun cukup unik yaitu terletak kira kira meter lebih rendah dari permukaan tanah di sekitarnya oleh karena itu jika hendak masuk ke dalam kompleks candi kamu harus berjalanan kaki menuruni puluhan anak tangga yang cukup curam sehingga kamu harus berhati hati jika kamu berada di kawasan sekitar candi yang kamu lihat hanyalah atap candi yang sedikit menyembul di permukaan tanah,candi sambisari adalah candi hindu yang berada di purwomartani kalasan sleman daerah istimewa yogyakarta posisinya kira kira berada kilometer km di sebelah timur kota yogyakarta ke arah kota solo lokasi candinya pun cukup unik yaitu terletak kira kira meter lebih rendah dari permukaan tanah di sekitarnya oleh karena itu jika hendak masuk ke dalam kompleks candi kamu harus berjalanan kaki menuruni puluhan anak tangga yang cukup curam sehingga kamu harus berhati hati jika kamu berada di kawasan sekitar candi yang kamu lihat hanyalah atap candi yang sedikit menyembul di permukaan tanah,"['candi', 'sambisari', 'adalah', 'candi', 'hindu', 'yang', 'berada', 'purwomartani', 'kalasan', 'sleman', 'daerah', 'istimewa', 'yogyakarta', 'posisinya', 'kira', 'kira', 'berada', 'kilometer', 'sebelah', 'timur', 'kota', 'yogyakarta', 'arah', 'kota', 'solo', 'lokasi', 'candinya', 'pun', 'cukup', 'unik', 'yaitu', 'terletak', 'kira', 'kira', 'meter', 'lebih', 'rendah', 'dari', 'permukaan', 'tanah', 'sekitarnya', 'oleh', 'karena', 'itu', 'jika', 'hendak', 'masuk', 'dalam', 'kompleks', 'candi', 'kamu', 'harus', 'berjalanan', 'kaki', 'menuruni', 'puluhan', 'anak', 'tangga', 'yang', 'cukup', 'curam', 'sehingga', 'kamu', 'harus', 'berhati', 'hati', 'jika', 'kamu', 'berada', 'kawasan', 'sekitar', 'candi', 'yang', 'kamu', 'lihat', 'hanyalah', 'atap', 'candi', 'yang', 'sedikit', 'menyembul', 'permukaan', 'tanah']",Budaya_Dan_Sejarah,budaya dan sejarah,budaya dan sejarah,"['budaya', 'dan', 'sejarah']",0.0,4.6,,-7.762491,110.4470374,6238.0,5000.0,5000.0,0.92,0.0036231884057971,budaya,2,5000.0,49,1,1
dataset2,192,Cane Gardens Gendhu,cane gardens gendhu,cane gardens gendhu,"['cane', 'gardens', 'gendhu']",kebun bunga yang menawarkan berbagai varietas tanaman hias cocok untuk wisata edukasi pertanian dan swafoto,kebun bunga yang menawarkan berbagai varietas tanaman hias cocok untuk wisata edukasi pertanian dan swafoto,kebun bunga yang menawarkan berbagai varietas tanaman hias cocok untuk wisata edukasi pertanian dan swafoto,"['kebun', 'bunga', 'yang', 'menawarkan', 'berbagai', 'varietas', 'tanaman', 'hias', 'cocok', 'untuk', 'wisata', 'edukasi', 'pertanian', 'dan', 'swafoto']",Alam,alam,alam,['alam'],0.0,4.4,,-7.7435927,110.1478405,219.0,0.0,0.0,0.8800000000000001,0.0,cagar alam,1,0.0,50,0,1
dataset2,45,Central Museum of the Air Force Dirgantara Mandala,central museum of the air force dirgantara mandala,central museum of the air force dirgantara mandala,"['central', 'museum', 'the', 'air', 'force', 'dirgantara', 'mandala']",museum pusat tni au dirgantara mandala adalah museum yang digagas oleh tni angkatan udara untuk mengabadikan peristiwa berbudaya dan sejarah dalam lingkungan tni au bermarkas di kompleks pangkalan udara adi sutjipto yogyakarta museum ini sebelumnya berada berada di jalan tanah abang bukit jakarta dan diresmikan pada april oleh panglima au laksamana roesmin noerjadin lalu dipindahkan ke yogyakarta pada juli,museum pusat tni au dirgantara mandala adalah museum yang digagas oleh tni angkatan udara untuk mengabadikan peristiwa berbudaya dan sejarah dalam lingkungan tni au bermarkas di kompleks pangkalan udara adi sutjipto yogyakarta museum ini sebelumnya berada berada di jalan tanah abang bukit jakarta dan diresmikan pada april oleh panglima au laksamana roesmin noerjadin lalu dipindahkan ke yogyakarta pada juli,museum pusat tni au dirgantara mandala adalah museum yang digagas oleh tni angkatan udara untuk mengabadikan peristiwa berbudaya dan sejarah dalam lingkungan tni au bermarkas di kompleks pangkalan udara adi sutjipto yogyakarta museum ini sebelumnya berada berada di jalan tanah abang bukit jakarta dan diresmikan pada april oleh panglima au laksamana roesmin noerjadin lalu dipindahkan ke yogyakarta pada juli,"['museum', 'pusat', 'tni', 'dirgantara', 'mandala', 'adalah', 'museum', 'yang', 'digagas', 'oleh', 'tni', 'angkatan', 'udara', 'untuk', 'mengabadikan', 'peristiwa', 'berbudaya', 'dan', 'sejarah', 'dalam', 'lingkungan', 'tni', 'bermarkas', 'kompleks', 'pangkalan', 'udara', 'adi', 'sutjipto', 'yogyakarta', 'museum', 'ini', 'sebelumnya', 'berada', 'berada', 'jalan', 'tanah', 'abang', 'bukit', 'jakarta', 'dan', 'diresmikan', 'pada', 'april', 'oleh', 'panglima', 'laksamana', 'roesmin', 'noerjadin', 'lalu', 'dipindahkan', 'yogyakarta', 'pada', 'juli']",Museum,museum,museum,['museum'],0.0,4.5,,-7.7899338,110.4156788,9828.0,3000.0,3000.0,0.9,0.0021739130434782,museum,6,3000.0,51,1,0
dataset2,162,CitraGrand Mutiara Waterpark Yogyakarta,citragrand mutiara waterpark yogyakarta,citragrand mutiara waterpark yogyakarta,"['citragrand', 'mutiara', 'waterpark', 'yogyakarta']",waterpark ini menjadi salah satu objek wisata air favorit untuk keluarga mengusung tema treasure adventure citragrand mutiara waterpark yogya menghadirkan berbagai wahana permainan air yang akan membawa pengunjung seolah berpetualang bersama bajak laut,waterpark ini menjadi salah satu objek wisata air favorit untuk keluarga mengusung tema treasure adventure citragrand mutiara waterpark yogya menghadirkan berbagai wahana permainan air yang akan membawa pengunjung seolah berpetualang bersama bajak laut,waterpark ini menjadi salah satu objek wisata air favorit untuk keluarga mengusung tema treasure adventure citragrand mutiara waterpark yogya menghadirkan berbagai wahana permainan air yang akan membawa pengunjung seolah berpetualang bersama bajak laut,"['waterpark', 'ini', 'menjadi', 'salah', 'satu', 'objek', 'wisata', 'air', 'favorit', 'untuk', 'keluarga', 'mengusung', 'tema', 'treasure', 'adventure', 'citragrand', 'mutiara', 'waterpark', 'yogya', 'menghadirkan', 'berbagai', 'wahana', 'permainan', 'air', 'yang', 'akan', 'membawa', 'pengunjung', 'seolah', 'berpetualang', 'bersama', 'bajak', 'laut']",Wisata Air,wisata air,wisata air,"['wisata', 'air']",0.0,4.3,,-7.8137343,110.2831838,2260.0,50000.0,80000.0,0.86,0.036231884057971,wisata air,5,50000.0,52,0,1
dataset2,372,Congot Beach,congot beach,congot beach,"['congot', 'beach']",pantai yang terletak di ujung barat kulon progo ini terkenal dengan pemandangan muara sungai dan hutan bakau cocok untuk menikmati sunset dan fotografi alam serta melihat aktivitas nelayan lokal,pantai yang terletak di ujung barat kulon progo ini terkenal dengan pemandangan muara sungai dan hutan bakau cocok untuk menikmati sunset dan fotografi alam serta melihat aktivitas nelayan lokal,pantai yang terletak di ujung barat kulon progo ini terkenal dengan pemandangan muara sungai dan hutan bakau cocok untuk menikmati sunset dan fotografi alam serta melihat aktivitas nelayan lokal,"['pantai', 'yang', 'terletak', 'ujung', 'barat', 'kulon', 'progo', 'ini', 'terkenal', 'dengan', 'pemandangan', 'muara', 'sungai', 'dan', 'hutan', 'bakau', 'cocok', 'untuk', 'menikmati', 'sunset', 'dan', 'fotografi', 'alam', 'serta', 'melihat', 'aktivitas', 'nelayan', 'lokal']",Pantai,pantai,pantai,['pantai'],0.0,4.3,,-7.9075425,110.0535658,400.0,6000.0,6000.0,0.86,0.0043478260869565,bahari,4,6000.0,53,0,1
dataset2,186,Curug Banyunibo,curug banyunibo,curug banyunibo,"['curug', 'banyunibo']",air terjun tersembunyi yang berada tak jauh dari candi banyunibo cocok untuk pengunjung yang menyukai eksplorasi alam dan trekking ringan,air terjun tersembunyi yang berada tak jauh dari candi banyunibo cocok untuk pengunjung yang menyukai eksplorasi alam dan trekking ringan,air terjun tersembunyi yang berada tak jauh dari candi banyunibo cocok untuk pengunjung yang menyukai eksplorasi alam dan trekking ringan,"['air', 'terjun', 'tersembunyi', 'yang', 'berada', 'tak', 'jauh', 'dari', 'candi', 'banyunibo', 'cocok', 'untuk', 'pengunjung', 'yang', 'menyukai', 'eksplorasi', 'alam', 'dan', 'trekking', 'ringan']",Wisata Air,wisata air,wisata air,"['wisata', 'air']",0.0,4.1,,-7.8675423,110.2867568,243.0,0.0,0.0,0.82,0.0,wisata air,5,0.0,54,0,1
dataset1,89,De Mata Museum Jogja,de mata museum jogja,de mata museum jogja,"['mata', 'museum', 'jogja']","Museum De Mata merupakan salah satu museum yang berisi lukisan 3D terbanyak di dunia. Jumlah lukisannya sekitar 120 dan setiap lukisan memiliki konsep dengan latar belakang yang terlihat seperti nyata. Ada beberapa ukuran lukisan yang ada di Museum De Mata dari ukuran biasa sampai mencapai 5 meter. Ada beberapa macam kategori lukisannya yaitu ornament, lanscape, olahraga, tokoh-tokoh terkenal, superhero, sampai lukisan sirkus. Museum ini didirikan untuk masyarakat menghabiskan liburan dengan menambah pengetahuan. Museum ini menawarkan banyak lukisan-lukisan yang unik misalnya terdapat lukisan dimana anda dapat merasakan keseruan berjalan di atas jembatan kayu yang dibawahnya terdapat jurang yang curam Atau berjuang untuk memadamkan semburanapi panas ari mulut naga, lukisan tersebut tampak seolah-olah nyata. Semua itu terdapat di dalam museum De Mata dengan hasil efek yang menipu mata.","museum de mata merupakan salah satu museum yang berisi lukisan 3d terbanyak di dunia. jumlah lukisannya sekitar 120 dan setiap lukisan memiliki konsep dengan latar belakang yang terlihat seperti nyata. ada beberapa ukuran lukisan yang ada di museum de mata dari ukuran biasa sampai mencapai 5 meter. ada beberapa macam kategori lukisannya yaitu ornament, lanscape, olahraga, tokoh tokoh terkenal, superhero, sampai lukisan sirkus. museum ini didirikan untuk masyarakat menghabiskan liburan dengan menambah pengetahuan. museum ini menawarkan banyak lukisan lukisan yang unik misalnya terdapat lukisan dimana anda dapat merasakan keseruan berjalan di atas jembatan kayu yang dibawahnya terdapat jurang yang curam atau berjuang untuk memadamkan semburanapi panas ari mulut naga, lukisan tersebut tampak seolah olah nyata. semua itu terdapat di dalam museum de mata dengan hasil efek yang menipu mata.",museum de mata merupakan salah satu museum yang berisi lukisan 3d terbanyak di dunia jumlah lukisannya sekitar 120 dan setiap lukisan memiliki konsep dengan latar belakang yang terlihat seperti nyata ada beberapa ukuran lukisan yang ada di museum de mata dari ukuran biasa sampai mencapai 5 meter ada beberapa macam kategori lukisannya yaitu ornament lanscape olahraga tokoh tokoh terkenal superhero sampai lukisan sirkus museum ini didirikan untuk masyarakat menghabiskan liburan dengan menambah pengetahuan museum ini menawarkan banyak lukisan lukisan yang unik misalnya terdapat lukisan dimana anda dapat merasakan keseruan berjalan di atas jembatan kayu yang dibawahnya terdapat jurang yang curam atau berjuang untuk memadamkan semburanapi panas ari mulut naga lukisan tersebut tampak seolah olah nyata semua itu terdapat di dalam museum de mata dengan hasil efek yang menipu mata,"['museum', 'mata', 'merupakan', 'salah', 'satu', 'museum', 'yang', 'berisi', 'lukisan', 'terbanyak', 'dunia', 'jumlah', 'lukisannya', 'sekitar', '120', 'dan', 'setiap', 'lukisan', 'memiliki', 'konsep', 'dengan', 'latar', 'belakang', 'yang', 'terlihat', 'seperti', 'nyata', 'ada', 'beberapa', 'ukuran', 'lukisan', 'yang', 'ada', 'museum', 'mata', 'dari', 'ukuran', 'biasa', 'sampai', 'mencapai', 'meter', 'ada', 'beberapa', 'macam', 'kategori', 'lukisannya', 'yaitu', 'ornament', 'lanscape', 'olahraga', 'tokoh', 'tokoh', 'terkenal', 'superhero', 'sampai', 'lukisan', 'sirkus', 'museum', 'ini', 'didirikan', 'untuk', 'masyarakat', 'menghabiskan', 'liburan', 'dengan', 'menambah', 'pengetahuan', 'museum', 'ini', 'menawarkan', 'banyak', 'lukisan', 'lukisan', 'yang', 'unik', 'misalnya', 'terdapat', 'lukisan', 'dimana', 'anda', 'dapat', 'merasakan', 'keseruan', 'berjalan', 'atas', 'jembatan', 'kayu', 'yang', 'dibawahnya', 'terdapat', 'jurang', 'yang', 'curam', 'atau', 'berjuang', 'untuk', 'memadamkan', 'semburanapi', 'panas', 'ari', 'mulut', 'naga', 'lukisan', 'tersebut', 'tampak', 'seolah', 'olah', 'nyata', 'semua', 'itu', 'terdapat', 'dalam', 'museum', 'mata', 'dengan', 'hasil', 'efek', 'yang', 'menipu', 'mata']",Budaya,budaya,budaya,['budaya'],50000.0,4.4,,-7.8163156,110.3871442,0.0,0.0,0.0,0.8800000000000001,,budaya,2,50000.0,55,1,0
dataset2,368,Depok Beach,depok beach,depok beach,"['depok', 'beach']",pantai depok yang letaknya hanya km dari parangtritis ini memang terkenal di kalangan wisatawan lokal selain karena keindahan pantainya wisata pantai yogyakarta yang satu ini juga terkenal dengan aneka menu seafood yang rasanya mampu menggoyang lidah tidak heran hampir seluruh warga yang tinggal di sekitar pantai ini berprofesi sebagai nelayan itulah kenapa hidangan laut yang diolah di tempat ini sangat istimewa sebab memang semua ikan dan seafood yang ada di sini memang masih segar ketika diolah,pantai depok yang letaknya hanya km dari parangtritis ini memang terkenal di kalangan wisatawan lokal selain karena keindahan pantainya wisata pantai yogyakarta yang satu ini juga terkenal dengan aneka menu seafood yang rasanya mampu menggoyang lidah tidak heran hampir seluruh warga yang tinggal di sekitar pantai ini berprofesi sebagai nelayan itulah kenapa hidangan laut yang diolah di tempat ini sangat istimewa sebab memang semua ikan dan seafood yang ada di sini memang masih segar ketika diolah,pantai depok yang letaknya hanya km dari parangtritis ini memang terkenal di kalangan wisatawan lokal selain karena keindahan pantainya wisata pantai yogyakarta yang satu ini juga terkenal dengan aneka menu seafood yang rasanya mampu menggoyang lidah tidak heran hampir seluruh warga yang tinggal di sekitar pantai ini berprofesi sebagai nelayan itulah kenapa hidangan laut yang diolah di tempat ini sangat istimewa sebab memang semua ikan dan seafood yang ada di sini memang masih segar ketika diolah,"['pantai', 'depok', 'yang', 'letaknya', 'hanya', 'dari', 'parangtritis', 'ini', 'memang', 'terkenal', 'kalangan', 'wisatawan', 'lokal', 'selain', 'karena', 'keindahan', 'pantainya', 'wisata', 'pantai', 'yogyakarta', 'yang', 'satu', 'ini', 'juga', 'terkenal', 'dengan', 'aneka', 'menu', 'seafood', 'yang', 'rasanya', 'mampu', 'menggoyang', 'lidah', 'tidak', 'heran', 'hampir', 'seluruh', 'warga', 'yang', 'tinggal', 'sekitar', 'pantai', 'ini', 'berprofesi', 'sebagai', 'nelayan', 'itulah', 'kenapa', 'hidangan', 'laut', 'yang', 'diolah', 'tempat', 'ini', 'sangat', 'istimewa', 'sebab', 'memang', 'semua', 'ikan', 'dan', 'seafood', 'yang', 'ada', 'sini', 'memang', 'masih', 'segar', 'ketika', 'diolah']",Pantai,pantai,pantai,['pantai'],0.0,4.3,,-8.0137087,110.2914777,10820.0,10000.0,10000.0,0.86,0.0072463768115942,bahari,4,10000.0,56,0,1
dataset2,453,Desa Wisata Batur,desa wisata batur,desa wisata batur,"['desa', 'wisata', 'batur']",desa yang menawarkan keindahan alam dan kearifan lokal dengan aktivitas outbound dan budaya,desa yang menawarkan keindahan alam dan kearifan lokal dengan aktivitas outbound dan budaya,desa yang menawarkan keindahan alam dan kearifan lokal dengan aktivitas outbound dan budaya,"['desa', 'yang', 'menawarkan', 'keindahan', 'alam', 'dan', 'kearifan', 'lokal', 'dengan', 'aktivitas', 'outbound', 'dan', 'budaya']",Alam,alam,alam,['alam'],0.0,4.4,,-7.8597347,110.5498557,79.0,15000.0,15000.0,0.8800000000000001,0.0108695652173913,cagar alam,1,15000.0,57,0,1
dataset2,203,"Desa Wisata ""Bedog Ilir""",desa wisata bedog ilir,desa wisata bedog ilir,"['desa', 'wisata', 'bedog', 'ilir']",desa wisata yang menggabungkan nuansa pedesaan pertanian dan aktivitas budaya lokal,desa wisata yang menggabungkan nuansa pedesaan pertanian dan aktivitas budaya lokal,desa wisata yang menggabungkan nuansa pedesaan pertanian dan aktivitas budaya lokal,"['desa', 'wisata', 'yang', 'menggabungkan', 'nuansa', 'pedesaan', 'pertanian', 'dan', 'aktivitas', 'budaya', 'lokal']",Wisata Air,wisata air,wisata air,"['wisata', 'air']",0.0,5.0,,-7.7795584,110.3281743,9.0,0.0,0.0,1.0,0.0,wisata air,5,0.0,58,0,1
dataset2,206,Desa Wisata Budaya Agro dan Edukasi Daratan Sendangarum,desa wisata budaya agro dan edukasi daratan sendangarum,desa wisata budaya agro dan edukasi daratan sendangarum,"['desa', 'wisata', 'budaya', 'agro', 'dan', 'edukasi', 'daratan', 'sendangarum']",desa wisata yang menawarkan pengalaman budaya pertanian dan edukasi bagi pengunjung,desa wisata yang menawarkan pengalaman budaya pertanian dan edukasi bagi pengunjung,desa wisata yang menawarkan pengalaman budaya pertanian dan edukasi bagi pengunjung,"['desa', 'wisata', 'yang', 'menawarkan', 'pengalaman', 'budaya', 'pertanian', 'dan', 'edukasi', 'bagi', 'pengunjung']",Buatan,buatan,buatan,['buatan'],0.0,5.0,,-7.7439149,110.2579678,1.0,0.0,0.0,1.0,0.0,taman hiburan,3,0.0,59,1,1
dataset2,173,Desa Wisata Fauna Ketingan,desa wisata fauna ketingan,desa wisata fauna ketingan,"['desa', 'wisata', 'fauna', 'ketingan']",desa yang dikenal dengan populasi burung bangau menawarkan wisata alam dan edukasi tentang konservasi,desa yang dikenal dengan populasi burung bangau menawarkan wisata alam dan edukasi tentang konservasi,desa yang dikenal dengan populasi burung bangau menawarkan wisata alam dan edukasi tentang konservasi,"['desa', 'yang', 'dikenal', 'dengan', 'populasi', 'burung', 'bangau', 'menawarkan', 'wisata', 'alam', 'dan', 'edukasi', 'tentang', 'konservasi']",Buatan,buatan,buatan,['buatan'],0.0,5.0,,-7.743062,110.3292115,1.0,0.0,0.0,1.0,0.0,taman hiburan,3,0.0,60,1,1
dataset1,134,Desa Wisata Gamplong,desa wisata gamplong,desa wisata gamplong,"['desa', 'wisata', 'gamplong']","Desa Wisata Gamplong adalah desa wisata kerajinan tenun yang berada di Padukuhan Gamplong Desa Sumber Rahayu Kecamatan Moyudan Kabupaten Sleman, Yogyakarta. Desa wisata yang terletak di sebelah barat Kota Yogyakarta ini cukup menarik untuk disinggahi wisatawan terlebih karena masih adanya industri kerajinan tenun tradisional dengan menggunakan Alat Tenun Bukan Mesin (ATBM). Dengan ATBM, masyarakat perajin Gamplong mampu menghasilkan kain tenun sebagai bahan stagen (kain panjang untuk melilit bagian perut wanita). Selain kerajinan tenun, perajin juga mampu memproduksi kerajinan anyaman untuk suvenir.","desa wisata gamplong adalah desa wisata kerajinan tenun yang berada di padukuhan gamplong desa sumber rahayu kecamatan moyudan kabupaten sleman, yogyakarta. desa wisata yang terletak di sebelah barat kota yogyakarta ini cukup menarik untuk disinggahi wisatawan terlebih karena masih adanya industri kerajinan tenun tradisional dengan menggunakan alat tenun bukan mesin atbm . dengan atbm, masyarakat perajin gamplong mampu menghasilkan kain tenun sebagai bahan stagen kain panjang untuk melilit bagian perut wanita . selain kerajinan tenun, perajin juga mampu memproduksi kerajinan anyaman untuk suvenir.",desa wisata gamplong adalah desa wisata kerajinan tenun yang berada di padukuhan gamplong desa sumber rahayu kecamatan moyudan kabupaten sleman yogyakarta desa wisata yang terletak di sebelah barat kota yogyakarta ini cukup menarik untuk disinggahi wisatawan terlebih karena masih adanya industri kerajinan tenun tradisional dengan menggunakan alat tenun bukan mesin atbm dengan atbm masyarakat perajin gamplong mampu menghasilkan kain tenun sebagai bahan stagen kain panjang untuk melilit bagian perut wanita selain kerajinan tenun perajin juga mampu memproduksi kerajinan anyaman untuk suvenir,"['desa', 'wisata', 'gamplong', 'adalah', 'desa', 'wisata', 'kerajinan', 'tenun', 'yang', 'berada', 'padukuhan', 'gamplong', 'desa', 'sumber', 'rahayu', 'kecamatan', 'moyudan', 'kabupaten', 'sleman', 'yogyakarta', 'desa', 'wisata', 'yang', 'terletak', 'sebelah', 'barat', 'kota', 'yogyakarta', 'ini', 'cukup', 'menarik', 'untuk', 'disinggahi', 'wisatawan', 'terlebih', 'karena', 'masih', 'adanya', 'industri', 'kerajinan', 'tenun', 'tradisional', 'dengan', 'menggunakan', 'alat', 'tenun', 'bukan', 'mesin', 'atbm', 'dengan', 'atbm', 'masyarakat', 'perajin', 'gamplong', 'mampu', 'menghasilkan', 'kain', 'tenun', 'sebagai', 'bahan', 'stagen', 'kain', 'panjang', 'untuk', 'melilit', 'bagian', 'perut', 'wanita', 'selain', 'kerajinan', 'tenun', 'perajin', 'juga', 'mampu', 'memproduksi', 'kerajinan', 'anyaman', 'untuk', 'suvenir']",Taman Hiburan,taman hiburan,taman hiburan,"['taman', 'hiburan']",10000.0,4.4,60.0,-7.8055232,110.2374676,0.0,0.0,0.0,0.8800000000000001,,taman hiburan,3,10000.0,61,1,1
dataset1,151,Desa Wisata Kelor,desa wisata kelor,desa wisata kelor,"['desa', 'wisata', 'kelor']","Desa wisata Kelor merupakan salah satu desa yang ada di kabupaten Sleman yang saat ini sedang dikembangkan menjadi desa wisata. Desa wisata Kelor ini menawarkan suasana pedesaan yang penduduknya bermata pencaharian sebagai petani, peternak, dan budidaya jamur. Banyak tanaman hijau yang membentang luas dengan pemandangan alam yang asri. Desa wisata Kelor ini memiliki masyarakat yang ramah dan memiliki lingkungan desa yang sangat nyaman. Desa Kelor ini juga memiliki sungai, dan air di sungai tersebut masih jernih dan indah.","desa wisata kelor merupakan salah satu desa yang ada di kabupaten sleman yang saat ini sedang dikembangkan menjadi desa wisata. desa wisata kelor ini menawarkan suasana pedesaan yang penduduknya bermata pencaharian sebagai petani, peternak, dan budidaya jamur. banyak tanaman hijau yang membentang luas dengan pemandangan alam yang asri. desa wisata kelor ini memiliki masyarakat yang ramah dan memiliki lingkungan desa yang sangat nyaman. desa kelor ini juga memiliki sungai, dan air di sungai tersebut masih jernih dan indah.",desa wisata kelor merupakan salah satu desa yang ada di kabupaten sleman yang saat ini sedang dikembangkan menjadi desa wisata desa wisata kelor ini menawarkan suasana pedesaan yang penduduknya bermata pencaharian sebagai petani peternak dan budidaya jamur banyak tanaman hijau yang membentang luas dengan pemandangan alam yang asri desa wisata kelor ini memiliki masyarakat yang ramah dan memiliki lingkungan desa yang sangat nyaman desa kelor ini juga memiliki sungai dan air di sungai tersebut masih jernih dan indah,"['desa', 'wisata', 'kelor', 'merupakan', 'salah', 'satu', 'desa', 'yang', 'ada', 'kabupaten', 'sleman', 'yang', 'saat', 'ini', 'sedang', 'dikembangkan', 'menjadi', 'desa', 'wisata', 'desa', 'wisata', 'kelor', 'ini', 'menawarkan', 'suasana', 'pedesaan', 'yang', 'penduduknya', 'bermata', 'pencaharian', 'sebagai', 'petani', 'peternak', 'dan', 'budidaya', 'jamur', 'banyak', 'tanaman', 'hijau', 'yang', 'membentang', 'luas', 'dengan', 'pemandangan', 'alam', 'yang', 'asri', 'desa', 'wisata', 'kelor', 'ini', 'memiliki', 'masyarakat', 'yang', 'ramah', 'dan', 'memiliki', 'lingkungan', 'desa', 'yang', 'sangat', 'nyaman', 'desa', 'kelor', 'ini', 'juga', 'memiliki', 'sungai', 'dan', 'air', 'sungai', 'tersebut', 'masih', 'jernih', 'dan', 'indah']",Taman Hiburan,taman hiburan,taman hiburan,"['taman', 'hiburan']",0.0,4.4,90.0,-7.6410258,110.3622794,0.0,0.0,0.0,0.8800000000000001,,taman hiburan,3,0.0,62,1,1
dataset2,500,Desa Wisata Kembang Wonderful,desa wisata kembang wonderful,desa wisata kembang wonderful,"['desa', 'wisata', 'kembang', 'wonderful']",desa wisata dengan keindahan alam dan kegiatan budaya cocok untuk liburan edukatif,desa wisata dengan keindahan alam dan kegiatan budaya cocok untuk liburan edukatif,desa wisata dengan keindahan alam dan kegiatan budaya cocok untuk liburan edukatif,"['desa', 'wisata', 'dengan', 'keindahan', 'alam', 'dan', 'kegiatan', 'budaya', 'cocok', 'untuk', 'liburan', 'edukatif']",Wisata Air,wisata air,wisata air,"['wisata', 'air']",0.0,5.0,,-7.6349344,110.3837672,8.0,0.0,0.0,1.0,0.0,wisata air,5,0.0,63,0,1
dataset2,201,Desa Wisata Malangan,desa wisata malangan,desa wisata malangan,"['desa', 'wisata', 'malangan']",desa wisata dengan aktivitas budaya seperti seni karawitan dan kuliner tradisional,desa wisata dengan aktivitas budaya seperti seni karawitan dan kuliner tradisional,desa wisata dengan aktivitas budaya seperti seni karawitan dan kuliner tradisional,"['desa', 'wisata', 'dengan', 'aktivitas', 'budaya', 'seperti', 'seni', 'karawitan', 'dan', 'kuliner', 'tradisional']",Agrowisata,agrowisata,agrowisata,['agrowisata'],0.0,4.4,,-7.7586856,110.2533026,95.0,5000.0,5000.0,0.8800000000000001,0.0036231884057971,lainnya,7,5000.0,64,0,1
dataset2,435,Desa Wisata Nawung,desa wisata nawung,desa wisata nawung,"['desa', 'wisata', 'nawung']",desa wisata yang fokus pada pelestarian budaya dan lingkungan serta kuliner tradisional,desa wisata yang fokus pada pelestarian budaya dan lingkungan serta kuliner tradisional,desa wisata yang fokus pada pelestarian budaya dan lingkungan serta kuliner tradisional,"['desa', 'wisata', 'yang', 'fokus', 'pada', 'pelestarian', 'budaya', 'dan', 'lingkungan', 'serta', 'kuliner', 'tradisional']",Wisata Air,wisata air,wisata air,"['wisata', 'air']",0.0,4.3,,-7.8202819,110.5425329,81.0,20000.0,20000.0,0.86,0.0144927536231884,wisata air,5,20000.0,65,0,1
dataset2,200,Desa Wisata Nglinggo,desa wisata nglinggo,desa wisata nglinggo,"['desa', 'wisata', 'nglinggo']",terletak di perbukitan menoreh desa ini menyuguhkan kebun teh sunrise cantik dan budaya lokal yang kental wisatawan dapat mencoba glamping tracking dan belajar proses pembuatan teh,terletak di perbukitan menoreh desa ini menyuguhkan kebun teh sunrise cantik dan budaya lokal yang kental wisatawan dapat mencoba glamping tracking dan belajar proses pembuatan teh,terletak di perbukitan menoreh desa ini menyuguhkan kebun teh sunrise cantik dan budaya lokal yang kental wisatawan dapat mencoba glamping tracking dan belajar proses pembuatan teh,"['terletak', 'perbukitan', 'menoreh', 'desa', 'ini', 'menyuguhkan', 'kebun', 'teh', 'sunrise', 'cantik', 'dan', 'budaya', 'lokal', 'yang', 'kental', 'wisatawan', 'dapat', 'mencoba', 'glamping', 'tracking', 'dan', 'belajar', 'proses', 'pembuatan', 'teh']",Alam,alam,alam,['alam'],0.0,4.4,,-7.647668,110.141878,616.0,5000.0,5000.0,0.8800000000000001,0.0036231884057971,cagar alam,1,5000.0,66,0,1
dataset2,276,Desa Wisata Pengkok,desa wisata pengkok,desa wisata pengkok,"['desa', 'wisata', 'pengkok']",desa wisata edukatif yang menyajikan kehidupan pedesaan pertanian dan budaya lokal,desa wisata edukatif yang menyajikan kehidupan pedesaan pertanian dan budaya lokal,desa wisata edukatif yang menyajikan kehidupan pedesaan pertanian dan budaya lokal,"['desa', 'wisata', 'edukatif', 'yang', 'menyajikan', 'kehidupan', 'pedesaan', 'pertanian', 'dan', 'budaya', 'lokal']",Agrowisata,agrowisata,agrowisata,['agrowisata'],0.0,4.3,,-7.8729739,110.4957781,131.0,3000.0,3000.0,0.86,0.0021739130434782,lainnya,7,3000.0,67,0,1
dataset1,204,Desa Wisata Pulesari,desa wisata pulesari,desa wisata pulesari,"['desa', 'wisata', 'pulesari']","Desa Wisata Pulesari semakin menambah deretan profil desa wisata di Jogja yang lahir dari kesadaran masyarakat, atas potensi lokal yang dimiliki. Baik itu dari sisi ragam budaya, pesona alam sekitar, kazanah kuliner, maupun nilai sejarah, dan budaya yang ada. Semuanya dikemas dalam sebuah keseruan wisata. Lokasi Desa Wisata Pulesari berada di Kabupaten Sleman, Daerah Istimewa Yogyakarta (DIY), yang notabene sebagai kabupaten yang dianugerahi banyak sekali tempat wisata. Kehadiran Desa Wisata Pulesari seakan menjadi penambal dari puzle wisata yang belum lengkap. Dan inilah review Desa Wisata Pulosari sebagai referensi awal untuk menentukan lokasi liburan nanti.","desa wisata pulesari semakin menambah deretan profil desa wisata di jogja yang lahir dari kesadaran masyarakat, atas potensi lokal yang dimiliki. baik itu dari sisi ragam budaya, pesona alam sekitar, kazanah kuliner, maupun nilai sejarah, dan budaya yang ada. semuanya dikemas dalam sebuah keseruan wisata. lokasi desa wisata pulesari berada di kabupaten sleman, daerah istimewa yogyakarta diy , yang notabene sebagai kabupaten yang dianugerahi banyak sekali tempat wisata. kehadiran desa wisata pulesari seakan menjadi penambal dari puzle wisata yang belum lengkap. dan inilah review desa wisata pulosari sebagai referensi awal untuk menentukan lokasi liburan nanti.",desa wisata pulesari semakin menambah deretan profil desa wisata di jogja yang lahir dari kesadaran masyarakat atas potensi lokal yang dimiliki baik itu dari sisi ragam budaya pesona alam sekitar kazanah kuliner maupun nilai sejarah dan budaya yang ada semuanya dikemas dalam sebuah keseruan wisata lokasi desa wisata pulesari berada di kabupaten sleman daerah istimewa yogyakarta diy yang notabene sebagai kabupaten yang dianugerahi banyak sekali tempat wisata kehadiran desa wisata pulesari seakan menjadi penambal dari puzle wisata yang belum lengkap dan inilah review desa wisata pulosari sebagai referensi awal untuk menentukan lokasi liburan nanti,"['desa', 'wisata', 'pulesari', 'semakin', 'menambah', 'deretan', 'profil', 'desa', 'wisata', 'jogja', 'yang', 'lahir', 'dari', 'kesadaran', 'masyarakat', 'atas', 'potensi', 'lokal', 'yang', 'dimiliki', 'baik', 'itu', 'dari', 'sisi', 'ragam', 'budaya', 'pesona', 'alam', 'sekitar', 'kazanah', 'kuliner', 'maupun', 'nilai', 'sejarah', 'dan', 'budaya', 'yang', 'ada', 'semuanya', 'dikemas', 'dalam', 'sebuah', 'keseruan', 'wisata', 'lokasi', 'desa', 'wisata', 'pulesari', 'berada', 'kabupaten', 'sleman', 'daerah', 'istimewa', 'yogyakarta', 'diy', 'yang', 'notabene', 'sebagai', 'kabupaten', 'yang', 'dianugerahi', 'banyak', 'sekali', 'tempat', 'wisata', 'kehadiran', 'desa', 'wisata', 'pulesari', 'seakan', 'menjadi', 'penambal', 'dari', 'puzle', 'wisata', 'yang', 'belum', 'lengkap', 'dan', 'inilah', 'review', 'desa', 'wisata', 'pulosari', 'sebagai', 'referensi', 'awal', 'untuk', 'menentukan', 'lokasi', 'liburan', 'nanti']",Taman Hiburan,taman hiburan,taman hiburan,"['taman', 'hiburan']",0.0,4.4,,-7.6258806,110.371698,0.0,0.0,0.0,0.8800000000000001,,taman hiburan,3,0.0,68,1,1
dataset1,205,Desa Wisata Tembi,desa wisata tembi,desa wisata tembi,"['desa', 'wisata', 'tembi']","Desa Wisata Tembi, merupakan satu dari sekian desa wisata yang sukses menata kawasannya, sehingga menjadi sebuah kawasan yang layak untuk dikunjungi. Potensi alam, sejarah, serta potensi budaya yang dimiliki Desa Wisata Tembi memang sangat pas untuk dijadikan sebuah desa wisata. Apalagi jarak Desa Wisata Tembi tidak jauh dari pusat kota Jogja. Ternyata, pesona keindahan Desa Wisata Tembi tidak hanya terbatas pada dua hal tersebut saja. Dan inilah info lengkap Desa Wisata Tembi, sebagai referensi awal menentukan lokasi wisata saat liburan nanti. Lokasi Desa Wisata Tembi terletak satu arah menuju Parangtritis. Alamat Desa Wisata Tembi berada di Desa Tembi, Kecamatan Sewon, Kabupaten Bantul, Daerah Istimewa Yogyakarta.","desa wisata tembi, merupakan satu dari sekian desa wisata yang sukses menata kawasannya, sehingga menjadi sebuah kawasan yang layak untuk dikunjungi. potensi alam, sejarah, serta potensi budaya yang dimiliki desa wisata tembi memang sangat pas untuk dijadikan sebuah desa wisata. apalagi jarak desa wisata tembi tidak jauh dari pusat kota jogja. ternyata, pesona keindahan desa wisata tembi tidak hanya terbatas pada dua hal tersebut saja. dan inilah info lengkap desa wisata tembi, sebagai referensi awal menentukan lokasi wisata saat liburan nanti. lokasi desa wisata tembi terletak satu arah menuju parangtritis. alamat desa wisata tembi berada di desa tembi, kecamatan sewon, kabupaten bantul, daerah istimewa yogyakarta.",desa wisata tembi merupakan satu dari sekian desa wisata yang sukses menata kawasannya sehingga menjadi sebuah kawasan yang layak untuk dikunjungi potensi alam sejarah serta potensi budaya yang dimiliki desa wisata tembi memang sangat pas untuk dijadikan sebuah desa wisata apalagi jarak desa wisata tembi tidak jauh dari pusat kota jogja ternyata pesona keindahan desa wisata tembi tidak hanya terbatas pada dua hal tersebut saja dan inilah info lengkap desa wisata tembi sebagai referensi awal menentukan lokasi wisata saat liburan nanti lokasi desa wisata tembi terletak satu arah menuju parangtritis alamat desa wisata tembi berada di desa tembi kecamatan sewon kabupaten bantul daerah istimewa yogyakarta,"['desa', 'wisata', 'tembi', 'merupakan', 'satu', 'dari', 'sekian', 'desa', 'wisata', 'yang', 'sukses', 'menata', 'kawasannya', 'sehingga', 'menjadi', 'sebuah', 'kawasan', 'yang', 'layak', 'untuk', 'dikunjungi', 'potensi', 'alam', 'sejarah', 'serta', 'potensi', 'budaya', 'yang', 'dimiliki', 'desa', 'wisata', 'tembi', 'memang', 'sangat', 'pas', 'untuk', 'dijadikan', 'sebuah', 'desa', 'wisata', 'apalagi', 'jarak', 'desa', 'wisata', 'tembi', 'tidak', 'jauh', 'dari', 'pusat', 'kota', 'jogja', 'ternyata', 'pesona', 'keindahan', 'desa', 'wisata', 'tembi', 'tidak', 'hanya', 'terbatas', 'pada', 'dua', 'hal', 'tersebut', 'saja', 'dan', 'inilah', 'info', 'lengkap', 'desa', 'wisata', 'tembi', 'sebagai', 'referensi', 'awal', 'menentukan', 'lokasi', 'wisata', 'saat', 'liburan', 'nanti', 'lokasi', 'desa', 'wisata', 'tembi', 'terletak', 'satu', 'arah', 'menuju', 'parangtritis', 'alamat', 'desa', 'wisata', 'tembi', 'berada', 'desa', 'tembi', 'kecamatan', 'sewon', 'kabupaten', 'bantul', 'daerah', 'istimewa', 'yogyakarta']",Taman Hiburan,taman hiburan,taman hiburan,"['taman', 'hiburan']",50000.0,4.5,,-7.8725673,110.3546963,0.0,0.0,0.0,0.9,,taman hiburan,3,50000.0,69,1,1
dataset2,220,Desa Wisata Tinalah (Dewi Tinalah - Wisata Jogja),desa wisata tinalah dewi tinalah wisata jogja,desa wisata tinalah dewi tinalah wisata jogja,"['desa', 'wisata', 'tinalah', 'dewi', 'tinalah', 'wisata', 'jogja']",desa wisata yang berada di kulon progo ini menawarkan pengalaman menyatu dengan alam dan budaya lokal dewi tinalah menggabungkan edukasi konservasi dan aktivitas outdoor seperti camping tracking serta pembelajaran sejarah perjuangan,desa wisata yang berada di kulon progo ini menawarkan pengalaman menyatu dengan alam dan budaya lokal dewi tinalah menggabungkan edukasi konservasi dan aktivitas outdoor seperti camping tracking serta pembelajaran sejarah perjuangan,desa wisata yang berada di kulon progo ini menawarkan pengalaman menyatu dengan alam dan budaya lokal dewi tinalah menggabungkan edukasi konservasi dan aktivitas outdoor seperti camping tracking serta pembelajaran sejarah perjuangan,"['desa', 'wisata', 'yang', 'berada', 'kulon', 'progo', 'ini', 'menawarkan', 'pengalaman', 'menyatu', 'dengan', 'alam', 'dan', 'budaya', 'lokal', 'dewi', 'tinalah', 'menggabungkan', 'edukasi', 'konservasi', 'dan', 'aktivitas', 'outdoor', 'seperti', 'camping', 'tracking', 'serta', 'pembelajaran', 'sejarah', 'perjuangan']",Budaya_Dan_Sejarah,budaya dan sejarah,budaya dan sejarah,"['budaya', 'dan', 'sejarah']",0.0,4.3,,-7.6955738,110.195883,701.0,5000.0,7500.0,0.86,0.0036231884057971,budaya,2,5000.0,70,1,0
dataset2,484,Desa Wisata Trumpon,desa wisata trumpon,desa wisata trumpon,"['desa', 'wisata', 'trumpon']",desa yang menawarkan pengalaman budaya dan kehidupan pedesaan termasuk kerajinan lokal dan kuliner tradisional,desa yang menawarkan pengalaman budaya dan kehidupan pedesaan termasuk kerajinan lokal dan kuliner tradisional,desa yang menawarkan pengalaman budaya dan kehidupan pedesaan termasuk kerajinan lokal dan kuliner tradisional,"['desa', 'yang', 'menawarkan', 'pengalaman', 'budaya', 'dan', 'kehidupan', 'pedesaan', 'termasuk', 'kerajinan', 'lokal', 'dan', 'kuliner', 'tradisional']",Agrowisata,agrowisata,agrowisata,['agrowisata'],0.0,4.5,,-7.6246794,110.3601189,4.0,0.0,0.0,0.9,0.0,lainnya,7,0.0,71,0,1
dataset2,169,Desa Wisata Wanurejo,desa wisata wanurejo,desa wisata wanurejo,"['desa', 'wisata', 'wanurejo']",terletak dekat candi borobudur desa ini menawarkan aktivitas seperti membatik membuat gerabah dan belajar seni tari tradisional,terletak dekat candi borobudur desa ini menawarkan aktivitas seperti membatik membuat gerabah dan belajar seni tari tradisional,terletak dekat candi borobudur desa ini menawarkan aktivitas seperti membatik membuat gerabah dan belajar seni tari tradisional,"['terletak', 'dekat', 'candi', 'borobudur', 'desa', 'ini', 'menawarkan', 'aktivitas', 'seperti', 'membatik', 'membuat', 'gerabah', 'dan', 'belajar', 'seni', 'tari', 'tradisional']",Agrowisata,agrowisata,agrowisata,['agrowisata'],0.0,4.4,,-7.6117993,110.2179225,221.0,12000.0,15000.0,0.8800000000000001,0.008695652173913,lainnya,7,12000.0,72,0,1
dataset2,215,Dewi Kano Tourism Village Kaligono,dewi kano tourism village kaligono,dewi kano tourism village kaligono,"['dewi', 'kano', 'tourism', 'village', 'kaligono']",desa wisata yang berfokus pada konservasi alam kegiatan pertanian dan edukasi lingkungan dengan pemandangan pegunungan,desa wisata yang berfokus pada konservasi alam kegiatan pertanian dan edukasi lingkungan dengan pemandangan pegunungan,desa wisata yang berfokus pada konservasi alam kegiatan pertanian dan edukasi lingkungan dengan pemandangan pegunungan,"['desa', 'wisata', 'yang', 'berfokus', 'pada', 'konservasi', 'alam', 'kegiatan', 'pertanian', 'dan', 'edukasi', 'lingkungan', 'dengan', 'pemandangan', 'pegunungan']",Agrowisata,agrowisata,agrowisata,['agrowisata'],0.0,4.4,,-7.7348214,110.0803636,233.0,5000.0,5000.0,0.8800000000000001,0.0036231884057971,lainnya,7,5000.0,73,0,1
dataset2,485,Dewi Suba,dewi suba,dewi suba,"['dewi', 'suba']",destinasi wisata yang menawarkan keindahan alam dan budaya lokal termasuk pertunjukan seni dan kuliner tradisional,destinasi wisata yang menawarkan keindahan alam dan budaya lokal termasuk pertunjukan seni dan kuliner tradisional,destinasi wisata yang menawarkan keindahan alam dan budaya lokal termasuk pertunjukan seni dan kuliner tradisional,"['destinasi', 'wisata', 'yang', 'menawarkan', 'keindahan', 'alam', 'dan', 'budaya', 'lokal', 'termasuk', 'pertunjukan', 'seni', 'dan', 'kuliner', 'tradisional']",Buatan,buatan,buatan,['buatan'],0.0,4.0,,-7.5907274,110.3334618,1.0,0.0,0.0,0.8,0.0,taman hiburan,3,0.0,74,1,1
dataset2,270,Djumbidi keluarga,djumbidi keluarga,djumbidi keluarga,"['djumbidi', 'keluarga']",tempat wisata keluarga yang menawarkan suasana alami edukasi pertanian serta wahana bermain anak,tempat wisata keluarga yang menawarkan suasana alami edukasi pertanian serta wahana bermain anak,tempat wisata keluarga yang menawarkan suasana alami edukasi pertanian serta wahana bermain anak,"['tempat', 'wisata', 'keluarga', 'yang', 'menawarkan', 'suasana', 'alami', 'edukasi', 'pertanian', 'serta', 'wahana', 'bermain', 'anak']",Agrowisata,agrowisata,agrowisata,['agrowisata'],0.0,5.0,,-7.8624582,110.4904404,1.0,5000.0,5000.0,1.0,0.0036231884057971,lainnya,7,5000.0,75,0,1
dataset2,267,Dodogan Cultural Tourism,dodogan cultural tourism,dodogan cultural tourism,"['dodogan', 'cultural', 'tourism']",wisata budaya lokal dengan pertunjukan seni tradisional dan kuliner khas desa,wisata budaya lokal dengan pertunjukan seni tradisional dan kuliner khas desa,wisata budaya lokal dengan pertunjukan seni tradisional dan kuliner khas desa,"['wisata', 'budaya', 'lokal', 'dengan', 'pertunjukan', 'seni', 'tradisional', 'dan', 'kuliner', 'khas', 'desa']",Wisata Air,wisata air,wisata air,"['wisata', 'air']",0.0,4.2,,-7.926687,110.4825668,153.0,4000.0,4000.0,0.8400000000000001,0.0028985507246376,wisata air,5,4000.0,76,0,1
dataset2,441,Ecotourism Jatisari Seropan 3,ecotourism jatisari seropan 3,ecotourism jatisari seropan 3,"['ecotourism', 'jatisari', 'seropan']",wisata alam berbasis konservasi dan pertanian cocok untuk edukasi dan relaksasi,wisata alam berbasis konservasi dan pertanian cocok untuk edukasi dan relaksasi,wisata alam berbasis konservasi dan pertanian cocok untuk edukasi dan relaksasi,"['wisata', 'alam', 'berbasis', 'konservasi', 'dan', 'pertanian', 'cocok', 'untuk', 'edukasi', 'dan', 'relaksasi']",Alam,alam,alam,['alam'],0.0,4.3,,-7.9436686,110.4440412,145.0,2000.0,2000.0,0.86,0.0014492753623188,cagar alam,1,2000.0,77,0,1
dataset2,506,EMBUNG JETIS SURUH,embung jetis suruh,embung jetis suruh,"['embung', 'jetis', 'suruh']",embung waduk kecil ini tidak hanya berfungsi sebagai irigasi tetapi juga menjadi spot wisata dengan pemandangan perbukitan yang indah sangat cocok untuk bersantai sore sambil menikmati matahari terbenam,embung waduk kecil ini tidak hanya berfungsi sebagai irigasi tetapi juga menjadi spot wisata dengan pemandangan perbukitan yang indah sangat cocok untuk bersantai sore sambil menikmati matahari terbenam,embung waduk kecil ini tidak hanya berfungsi sebagai irigasi tetapi juga menjadi spot wisata dengan pemandangan perbukitan yang indah sangat cocok untuk bersantai sore sambil menikmati matahari terbenam,"['embung', 'waduk', 'kecil', 'ini', 'tidak', 'hanya', 'berfungsi', 'sebagai', 'irigasi', 'tetapi', 'juga', 'menjadi', 'spot', 'wisata', 'dengan', 'pemandangan', 'perbukitan', 'yang', 'indah', 'sangat', 'cocok', 'untuk', 'bersantai', 'sore', 'sambil', 'menikmati', 'matahari', 'terbenam']",Wisata Air,wisata air,wisata air,"['wisata', 'air']",0.0,4.2,,-7.6745388,110.3845035,651.0,0.0,0.0,0.8400000000000001,0.0,wisata air,5,0.0,78,0,1
dataset2,191,Embung KP,embung kp,embung kp,['embung'],embung atau bendungan kecil yang digunakan untuk irigasi dan kini jadi spot piknik serta mancing,embung atau bendungan kecil yang digunakan untuk irigasi dan kini jadi spot piknik serta mancing,embung atau bendungan kecil yang digunakan untuk irigasi dan kini jadi spot piknik serta mancing,"['embung', 'atau', 'bendungan', 'kecil', 'yang', 'digunakan', 'untuk', 'irigasi', 'dan', 'kini', 'jadi', 'spot', 'piknik', 'serta', 'mancing']",Wisata Air,wisata air,wisata air,"['wisata', 'air']",0.0,4.3,,-7.6588773,110.235082,87.0,4000.0,4000.0,0.86,0.0028985507246376,wisata air,5,4000.0,79,0,1
dataset2,419,Embung Nglanggeran,embung nglanggeran,embung nglanggeran,"['embung', 'nglanggeran']",embung nglanggeran merupakan waduk kecil tempat menampung air yang memiliki luas sekitar hektar air embung ini digunakan untuk sarana pengairan di area perkebunan sekitar selain untuk pengairan telaga ini juga dimanfaatkan sebagai obyek wisata itu karena keindahan panorama yang dapat disaksikan dari embung berketinggian sekitar meter di atas permukaan laut ini selain embung telaga tampungan air pemandangan gunung api purba menjadi pesona yang ditawarkan oleh objek wisata tersebut,embung nglanggeran merupakan waduk kecil tempat menampung air yang memiliki luas sekitar hektar air embung ini digunakan untuk sarana pengairan di area perkebunan sekitar selain untuk pengairan telaga ini juga dimanfaatkan sebagai obyek wisata itu karena keindahan panorama yang dapat disaksikan dari embung berketinggian sekitar meter di atas permukaan laut ini selain embung telaga tampungan air pemandangan gunung api purba menjadi pesona yang ditawarkan oleh objek wisata tersebut,embung nglanggeran merupakan waduk kecil tempat menampung air yang memiliki luas sekitar hektar air embung ini digunakan untuk sarana pengairan di area perkebunan sekitar selain untuk pengairan telaga ini juga dimanfaatkan sebagai obyek wisata itu karena keindahan panorama yang dapat disaksikan dari embung berketinggian sekitar meter di atas permukaan laut ini selain embung telaga tampungan air pemandangan gunung api purba menjadi pesona yang ditawarkan oleh objek wisata tersebut,"['embung', 'nglanggeran', 'merupakan', 'waduk', 'kecil', 'tempat', 'menampung', 'air', 'yang', 'memiliki', 'luas', 'sekitar', 'hektar', 'air', 'embung', 'ini', 'digunakan', 'untuk', 'sarana', 'pengairan', 'area', 'perkebunan', 'sekitar', 'selain', 'untuk', 'pengairan', 'telaga', 'ini', 'juga', 'dimanfaatkan', 'sebagai', 'obyek', 'wisata', 'itu', 'karena', 'keindahan', 'panorama', 'yang', 'dapat', 'disaksikan', 'dari', 'embung', 'berketinggian', 'sekitar', 'meter', 'atas', 'permukaan', 'laut', 'ini', 'selain', 'embung', 'telaga', 'tampungan', 'air', 'pemandangan', 'gunung', 'api', 'purba', 'menjadi', 'pesona', 'yang', 'ditawarkan', 'oleh', 'objek', 'wisata', 'tersebut']",Buatan,buatan,buatan,['buatan'],0.0,4.5,,-7.8471399,110.5468589,4366.0,10000.0,10000.0,0.9,0.0072463768115942,taman hiburan,3,10000.0,80,1,1
dataset1,108,Embung Tambakboyo,embung tambakboyo,embung tambakboyo,"['embung', 'tambakboyo']","Embung atau waduk Tambakboyo adalah konservasi air yang terletak di Dusun Tambakboyo, Kecamatan Depok, Kabupaten Sleman, Yogyakarta. Waduk ini memanfaatkan sumber air dari sungai Tambak Bayan dan sungai Buntung dengan luasan 7,8 ha. Waduk ini dibangun sejak tahun 2003 hingga 2008 dan diresmikan setahun kemudian.","embung atau waduk tambakboyo adalah konservasi air yang terletak di dusun tambakboyo, kecamatan depok, kabupaten sleman, yogyakarta. waduk ini memanfaatkan sumber air dari sungai tambak bayan dan sungai buntung dengan luasan 7,8 ha. waduk ini dibangun sejak tahun 2003 hingga 2008 dan diresmikan setahun kemudian.",embung atau waduk tambakboyo adalah konservasi air yang terletak di dusun tambakboyo kecamatan depok kabupaten sleman yogyakarta waduk ini memanfaatkan sumber air dari sungai tambak bayan dan sungai buntung dengan luasan 78 ha waduk ini dibangun sejak tahun 2003 hingga 2008 dan diresmikan setahun kemudian,"['embung', 'atau', 'waduk', 'tambakboyo', 'adalah', 'konservasi', 'air', 'yang', 'terletak', 'dusun', 'tambakboyo', 'kecamatan', 'depok', 'kabupaten', 'sleman', 'yogyakarta', 'waduk', 'ini', 'memanfaatkan', 'sumber', 'air', 'dari', 'sungai', 'tambak', 'bayan', 'dan', 'sungai', 'buntung', 'dengan', 'luasan', 'waduk', 'ini', 'dibangun', 'sejak', 'tahun', '2003', 'hingga', '2008', 'dan', 'diresmikan', 'setahun', 'kemudian']",Taman Hiburan,taman hiburan,taman hiburan,"['taman', 'hiburan']",0.0,4.4,,-7.756227,110.4150131,0.0,0.0,0.0,0.8800000000000001,,taman hiburan,3,0.0,81,1,1
dataset2,43,Fort Vredeburg Museum,fort vredeburg museum,fort vredeburg museum,"['fort', 'vredeburg', 'museum']",letak benteng vredeburg yogyakarta di kawasan nol kilometer pusat kota yogyakarta menjadikan sebuah daya tarik bagi para wisatawan dalam pelayanannya kepada masyarakat museum benteng vredeburg tidak lepas dari unsur unsur pendidikan karena pada dasarnya museum memiliki dua fungsi yaitu sebagai rekreasi sekaligus tempat pendidikan informasi tentang kebudaya dan sejarahan kebudayaan dan nilai nilai luhur kejuangan disampaikan kepada generasi muda dalam nuansa edutainment yang berasal dari kata education dan entertainment demikianlah benteng vredeburg yang sekarang menjadi museum benteng vredeburg yogyakarta telah melekat dengan kota yogyakarta latar belakang budaya dan sejarah kota yogyakarta baik sebagai ibukota kasultanan yogyakarta dan ibukota nkri tidak dapat dipisahkan dengan budaya dan sejarah benteng vredeburg yogyakarta pelestarian benteng vredeburg sebagai museum bukan berarti pengagungan simbol kejayaan kolonial akan tetapi tujuannya untuk mendapatkan fungsi baru yang dapat memberikan informasi dan aspirasi perjuangan nasional bagi generasi mendatang,letak benteng vredeburg yogyakarta di kawasan nol kilometer pusat kota yogyakarta menjadikan sebuah daya tarik bagi para wisatawan dalam pelayanannya kepada masyarakat museum benteng vredeburg tidak lepas dari unsur unsur pendidikan karena pada dasarnya museum memiliki dua fungsi yaitu sebagai rekreasi sekaligus tempat pendidikan informasi tentang kebudaya dan sejarahan kebudayaan dan nilai nilai luhur kejuangan disampaikan kepada generasi muda dalam nuansa edutainment yang berasal dari kata education dan entertainment demikianlah benteng vredeburg yang sekarang menjadi museum benteng vredeburg yogyakarta telah melekat dengan kota yogyakarta latar belakang budaya dan sejarah kota yogyakarta baik sebagai ibukota kasultanan yogyakarta dan ibukota nkri tidak dapat dipisahkan dengan budaya dan sejarah benteng vredeburg yogyakarta pelestarian benteng vredeburg sebagai museum bukan berarti pengagungan simbol kejayaan kolonial akan tetapi tujuannya untuk mendapatkan fungsi baru yang dapat memberikan informasi dan aspirasi perjuangan nasional bagi generasi mendatang,letak benteng vredeburg yogyakarta di kawasan nol kilometer pusat kota yogyakarta menjadikan sebuah daya tarik bagi para wisatawan dalam pelayanannya kepada masyarakat museum benteng vredeburg tidak lepas dari unsur unsur pendidikan karena pada dasarnya museum memiliki dua fungsi yaitu sebagai rekreasi sekaligus tempat pendidikan informasi tentang kebudaya dan sejarahan kebudayaan dan nilai nilai luhur kejuangan disampaikan kepada generasi muda dalam nuansa edutainment yang berasal dari kata education dan entertainment demikianlah benteng vredeburg yang sekarang menjadi museum benteng vredeburg yogyakarta telah melekat dengan kota yogyakarta latar belakang budaya dan sejarah kota yogyakarta baik sebagai ibukota kasultanan yogyakarta dan ibukota nkri tidak dapat dipisahkan dengan budaya dan sejarah benteng vredeburg yogyakarta pelestarian benteng vredeburg sebagai museum bukan berarti pengagungan simbol kejayaan kolonial akan tetapi tujuannya untuk mendapatkan fungsi baru yang dapat memberikan informasi dan aspirasi perjuangan nasional bagi generasi mendatang,"['letak', 'benteng', 'vredeburg', 'yogyakarta', 'kawasan', 'nol', 'kilometer', 'pusat', 'kota', 'yogyakarta', 'menjadikan', 'sebuah', 'daya', 'tarik', 'bagi', 'para', 'wisatawan', 'dalam', 'pelayanannya', 'kepada', 'masyarakat', 'museum', 'benteng', 'vredeburg', 'tidak', 'lepas', 'dari', 'unsur', 'unsur', 'pendidikan', 'karena', 'pada', 'dasarnya', 'museum', 'memiliki', 'dua', 'fungsi', 'yaitu', 'sebagai', 'rekreasi', 'sekaligus', 'tempat', 'pendidikan', 'informasi', 'tentang', 'kebudaya', 'dan', 'sejarahan', 'kebudayaan', 'dan', 'nilai', 'nilai', 'luhur', 'kejuangan', 'disampaikan', 'kepada', 'generasi', 'muda', 'dalam', 'nuansa', 'edutainment', 'yang', 'berasal', 'dari', 'kata', 'education', 'dan', 'entertainment', 'demikianlah', 'benteng', 'vredeburg', 'yang', 'sekarang', 'menjadi', 'museum', 'benteng', 'vredeburg', 'yogyakarta', 'telah', 'melekat', 'dengan', 'kota', 'yogyakarta', 'latar', 'belakang', 'budaya', 'dan', 'sejarah', 'kota', 'yogyakarta', 'baik', 'sebagai', 'ibukota', 'kasultanan', 'yogyakarta', 'dan', 'ibukota', 'nkri', 'tidak', 'dapat', 'dipisahkan', 'dengan', 'budaya', 'dan', 'sejarah', 'benteng', 'vredeburg', 'yogyakarta', 'pelestarian', 'benteng', 'vredeburg', 'sebagai', 'museum', 'bukan', 'berarti', 'pengagungan', 'simbol', 'kejayaan', 'kolonial', 'akan', 'tetapi', 'tujuannya', 'untuk', 'mendapatkan', 'fungsi', 'baru', 'yang', 'dapat', 'memberikan', 'informasi', 'dan', 'aspirasi', 'perjuangan', 'nasional', 'bagi', 'generasi', 'mendatang']",Budaya_Dan_Sejarah,budaya dan sejarah,budaya dan sejarah,"['budaya', 'dan', 'sejarah']",0.0,4.6,,-7.8002016,110.3663044,15281.0,3000.0,3000.0,0.92,0.0021739130434782,budaya,2,3000.0,82,1,0
dataset2,138,Galaxy Waterpark,galaxy waterpark,galaxy waterpark,"['galaxy', 'waterpark']",galaxy waterpark cocok sebagai opsi untuk berlibur bersama keluarga apalagi untuk anak anak disini disediakan bermacam wahana seperti kolam arus flying fox wahana water slide kolam olimpic yang didesain dengan standar internasional untuk para atlet dewasa renang,galaxy waterpark cocok sebagai opsi untuk berlibur bersama keluarga apalagi untuk anak anak disini disediakan bermacam wahana seperti kolam arus flying fox wahana water slide kolam olimpic yang didesain dengan standar internasional untuk para atlet dewasa renang,galaxy waterpark cocok sebagai opsi untuk berlibur bersama keluarga apalagi untuk anak anak disini disediakan bermacam wahana seperti kolam arus flying fox wahana water slide kolam olimpic yang didesain dengan standar internasional untuk para atlet dewasa renang,"['galaxy', 'waterpark', 'cocok', 'sebagai', 'opsi', 'untuk', 'berlibur', 'bersama', 'keluarga', 'apalagi', 'untuk', 'anak', 'anak', 'disini', 'disediakan', 'bermacam', 'wahana', 'seperti', 'kolam', 'arus', 'flying', 'fox', 'wahana', 'water', 'slide', 'kolam', 'olimpic', 'yang', 'didesain', 'dengan', 'standar', 'internasional', 'untuk', 'para', 'atlet', 'dewasa', 'renang']",Wisata Air,wisata air,wisata air,"['wisata', 'air']",0.0,4.3,,-7.8159633,110.4136917,2761.0,25000.0,35000.0,0.86,0.0181159420289855,wisata air,5,25000.0,83,0,1
dataset2,127,Gantangan Lomba Burung New POSJAKAL,gantangan lomba burung new posjakal,gantangan lomba burung new posjakal,"['gantangan', 'lomba', 'burung', 'new', 'posjakal']",arena lomba burung berkicau yang menjadi ajang kompetisi bagi pecinta burung,arena lomba burung berkicau yang menjadi ajang kompetisi bagi pecinta burung,arena lomba burung berkicau yang menjadi ajang kompetisi bagi pecinta burung,"['arena', 'lomba', 'burung', 'berkicau', 'yang', 'menjadi', 'ajang', 'kompetisi', 'bagi', 'pecinta', 'burung']",Agrowisata,agrowisata,agrowisata,['agrowisata'],0.0,4.7,,-7.7459912,110.3916566,27.0,0.0,0.0,0.94,0.0,lainnya,7,0.0,84,0,1
dataset2,497,Gardu Pandang Merapi,gardu pandang merapi,gardu pandang merapi,"['gardu', 'pandang', 'merapi']",tempat terbaik untuk menikmati pemandangan gunung merapi secara langsung cocok untuk wisatawan yang ingin melihat keindahan dan kekuatan alam dari jarak aman,tempat terbaik untuk menikmati pemandangan gunung merapi secara langsung cocok untuk wisatawan yang ingin melihat keindahan dan kekuatan alam dari jarak aman,tempat terbaik untuk menikmati pemandangan gunung merapi secara langsung cocok untuk wisatawan yang ingin melihat keindahan dan kekuatan alam dari jarak aman,"['tempat', 'terbaik', 'untuk', 'menikmati', 'pemandangan', 'gunung', 'merapi', 'secara', 'langsung', 'cocok', 'untuk', 'wisatawan', 'yang', 'ingin', 'melihat', 'keindahan', 'dan', 'kekuatan', 'alam', 'dari', 'jarak', 'aman']",Alam,alam,alam,['alam'],0.0,4.3,,-7.5926693,110.4250243,377.0,5000.0,5000.0,0.86,0.0036231884057971,cagar alam,1,5000.0,85,0,1
dataset2,303,Gazebo Bukit Watu Pengklik Sriharjo,gazebo bukit watu pengklik sriharjo,gazebo bukit watu pengklik sriharjo,"['gazebo', 'bukit', 'watu', 'pengklik', 'sriharjo']",tempat istirahat di atas bukit dengan pemandangan alam yang memukau cocok untuk menikmati matahari terbenam,tempat istirahat di atas bukit dengan pemandangan alam yang memukau cocok untuk menikmati matahari terbenam,tempat istirahat di atas bukit dengan pemandangan alam yang memukau cocok untuk menikmati matahari terbenam,"['tempat', 'istirahat', 'atas', 'bukit', 'dengan', 'pemandangan', 'alam', 'yang', 'memukau', 'cocok', 'untuk', 'menikmati', 'matahari', 'terbenam']",Alam,alam,alam,['alam'],0.0,4.5,,-7.9458817,110.4274973,2.0,0.0,0.0,0.9,0.0,cagar alam,1,0.0,86,0,1
dataset2,188,Geger Menjangan,geger menjangan,geger menjangan,"['geger', 'menjangan']",bukit karst dengan pemandangan luas dan cerita legenda tentang kijang suci,bukit karst dengan pemandangan luas dan cerita legenda tentang kijang suci,bukit karst dengan pemandangan luas dan cerita legenda tentang kijang suci,"['bukit', 'karst', 'dengan', 'pemandangan', 'luas', 'dan', 'cerita', 'legenda', 'tentang', 'kijang', 'suci']",Alam,alam,alam,['alam'],0.0,4.1,,-7.6993041,110.0306903,121.0,5000.0,5000.0,0.82,0.0036231884057971,cagar alam,1,5000.0,87,0,1
dataset1,167,Geoforest Watu Payung Turunan,geoforest watu payung turunan,geoforest watu payung turunan,"['geoforest', 'watu', 'payung', 'turunan']","Bagi para pemburu keindahan matahari terbit yang tinggal atau berdomisili di Yogyakarta dan sekitarnya, Geoforest Watu Payung Turunan merupakan tujuan yang tepat. Keindahan matahari terbit, panorama alam, dan keunikan ornamen merupakan perpaduan sempurna yang tersaji di Geoforest Watu Payung Turunan. Tak hanya untuk memotret, obyek wisata ini juga pas untuk sekadar bersantai menikmati indahnya pagi.","bagi para pemburu keindahan matahari terbit yang tinggal atau berdomisili di yogyakarta dan sekitarnya, geoforest watu payung turunan merupakan tujuan yang tepat. keindahan matahari terbit, panorama alam, dan keunikan ornamen merupakan perpaduan sempurna yang tersaji di geoforest watu payung turunan. tak hanya untuk memotret, obyek wisata ini juga pas untuk sekadar bersantai menikmati indahnya pagi.",bagi para pemburu keindahan matahari terbit yang tinggal atau berdomisili di yogyakarta dan sekitarnya geoforest watu payung turunan merupakan tujuan yang tepat keindahan matahari terbit panorama alam dan keunikan ornamen merupakan perpaduan sempurna yang tersaji di geoforest watu payung turunan tak hanya untuk memotret obyek wisata ini juga pas untuk sekadar bersantai menikmati indahnya pagi,"['bagi', 'para', 'pemburu', 'keindahan', 'matahari', 'terbit', 'yang', 'tinggal', 'atau', 'berdomisili', 'yogyakarta', 'dan', 'sekitarnya', 'geoforest', 'watu', 'payung', 'turunan', 'merupakan', 'tujuan', 'yang', 'tepat', 'keindahan', 'matahari', 'terbit', 'panorama', 'alam', 'dan', 'keunikan', 'ornamen', 'merupakan', 'perpaduan', 'sempurna', 'yang', 'tersaji', 'geoforest', 'watu', 'payung', 'turunan', 'tak', 'hanya', 'untuk', 'memotret', 'obyek', 'wisata', 'ini', 'juga', 'pas', 'untuk', 'sekadar', 'bersantai', 'menikmati', 'indahnya', 'pagi']",Cagar Alam,cagar alam,cagar alam,"['cagar', 'alam']",0.0,4.5,60.0,-7.974294,110.4364363,0.0,0.0,0.0,0.9,,cagar alam,1,0.0,88,0,1
dataset2,150,Gerojogan Jurugan,gerojogan jurugan,gerojogan jurugan,"['gerojogan', 'jurugan']",air terjun alami yang menawan dengan suasana asri cocok untuk relaksasi dan menikmati segarnya air pegunungan,air terjun alami yang menawan dengan suasana asri cocok untuk relaksasi dan menikmati segarnya air pegunungan,air terjun alami yang menawan dengan suasana asri cocok untuk relaksasi dan menikmati segarnya air pegunungan,"['air', 'terjun', 'alami', 'yang', 'menawan', 'dengan', 'suasana', 'asri', 'cocok', 'untuk', 'relaksasi', 'dan', 'menikmati', 'segarnya', 'air', 'pegunungan']",Wisata Air,wisata air,wisata air,"['wisata', 'air']",0.0,4.6,,-7.7005813,110.2359752,19.0,3000.0,3000.0,0.92,0.0021739130434782,wisata air,5,3000.0,89,0,1
dataset1,149,Goa Cerme,goa cerme,goa cerme,"['goa', 'cerme']","Gua Cerme (bahasa Jawa: ꦒꦸꦮ​ꦕꦺꦂꦩꦺ, translit. Gua Cerme) adalah gua bersejarah dan sekaligus tempat wisata yang terletak di Dusun Srunggo, Desa Selopamioro, Kecamatan Imogiri, Kabupaten Bantul atau sekitar 20 km selatan Kota Yogyakarta. Gua Cerme memiliki panjang 1,5 km yang tembus hingga sendang di wilayah Panggang, yaitu di Dusun Ploso, Desa Giritirto, Kecamatan Purwosari, Kabupaten Gunungkidul.\nDi samping gua Cerme, di sekitarnya terdapat gua lain yang lebih kecil seperti Goa Dalang, Goa Ledek, Goa Badut dan Goa Kaum yang sering digunakan untuk bersemedi. Untuk mencapai gua, terdapat tangga setinggi 759 m. Kata cerme berasal dari kata ceramah yang mengisyaratkan pembicaraan yang dilakukan walisongo. Gua Cerme dulunya digunakan oleh para Walisongo untuk menyebarkan agama Islam di Jawa. Selain itu, Gua Cerme juga digunakan untuk membahas rencana pendirian Masjid Agung Demak. Setiap Senin atau Selasa wage, selalu diadakan upacara syukuran untuk meminta berkah kepada Tuhan.","gua cerme bahasa jawa , translit. gua cerme adalah gua bersejarah dan sekaligus tempat wisata yang terletak di dusun srunggo, desa selopamioro, kecamatan imogiri, kabupaten bantul atau sekitar 20 km selatan kota yogyakarta. gua cerme memiliki panjang 1,5 km yang tembus hingga sendang di wilayah panggang, yaitu di dusun ploso, desa giritirto, kecamatan purwosari, kabupaten gunungkidul. ndi samping gua cerme, di sekitarnya terdapat gua lain yang lebih kecil seperti goa dalang, goa ledek, goa badut dan goa kaum yang sering digunakan untuk bersemedi. untuk mencapai gua, terdapat tangga setinggi 759 m. kata cerme berasal dari kata ceramah yang mengisyaratkan pembicaraan yang dilakukan walisongo. gua cerme dulunya digunakan oleh para walisongo untuk menyebarkan agama islam di jawa. selain itu, gua cerme juga digunakan untuk membahas rencana pendirian masjid agung demak. setiap senin atau selasa wage, selalu diadakan upacara syukuran untuk meminta berkah kepada tuhan.",gua cerme bahasa jawa translit gua cerme adalah gua bersejarah dan sekaligus tempat wisata yang terletak di dusun srunggo desa selopamioro kecamatan imogiri kabupaten bantul atau sekitar 20 km selatan kota yogyakarta gua cerme memiliki panjang 15 km yang tembus hingga sendang di wilayah panggang yaitu di dusun ploso desa giritirto kecamatan purwosari kabupaten gunungkidul ndi samping gua cerme di sekitarnya terdapat gua lain yang lebih kecil seperti goa dalang goa ledek goa badut dan goa kaum yang sering digunakan untuk bersemedi untuk mencapai gua terdapat tangga setinggi 759 m kata cerme berasal dari kata ceramah yang mengisyaratkan pembicaraan yang dilakukan walisongo gua cerme dulunya digunakan oleh para walisongo untuk menyebarkan agama islam di jawa selain itu gua cerme juga digunakan untuk membahas rencana pendirian masjid agung demak setiap senin atau selasa wage selalu diadakan upacara syukuran untuk meminta berkah kepada tuhan,"['gua', 'cerme', 'bahasa', 'jawa', 'translit', 'gua', 'cerme', 'adalah', 'gua', 'bersejarah', 'dan', 'sekaligus', 'tempat', 'wisata', 'yang', 'terletak', 'dusun', 'srunggo', 'desa', 'selopamioro', 'kecamatan', 'imogiri', 'kabupaten', 'bantul', 'atau', 'sekitar', 'selatan', 'kota', 'yogyakarta', 'gua', 'cerme', 'memiliki', 'panjang', 'yang', 'tembus', 'hingga', 'sendang', 'wilayah', 'panggang', 'yaitu', 'dusun', 'ploso', 'desa', 'giritirto', 'kecamatan', 'purwosari', 'kabupaten', 'gunungkidul', 'ndi', 'samping', 'gua', 'cerme', 'sekitarnya', 'terdapat', 'gua', 'lain', 'yang', 'lebih', 'kecil', 'seperti', 'goa', 'dalang', 'goa', 'ledek', 'goa', 'badut', 'dan', 'goa', 'kaum', 'yang', 'sering', 'digunakan', 'untuk', 'bersemedi', 'untuk', 'mencapai', 'gua', 'terdapat', 'tangga', 'setinggi', '759', 'kata', 'cerme', 'berasal', 'dari', 'kata', 'ceramah', 'yang', 'mengisyaratkan', 'pembicaraan', 'yang', 'dilakukan', 'walisongo', 'gua', 'cerme', 'dulunya', 'digunakan', 'oleh', 'para', 'walisongo', 'untuk', 'menyebarkan', 'agama', 'islam', 'jawa', 'selain', 'itu', 'gua', 'cerme', 'juga', 'digunakan', 'untuk', 'membahas', 'rencana', 'pendirian', 'masjid', 'agung', 'demak', 'setiap', 'senin', 'atau', 'selasa', 'wage', 'selalu', 'diadakan', 'upacara', 'syukuran', 'untuk', 'meminta', 'berkah', 'kepada', 'tuhan']",Cagar Alam,cagar alam,cagar alam,"['cagar', 'alam']",3000.0,4.4,90.0,-7.9794413,110.3803114,0.0,0.0,0.0,0.8800000000000001,,cagar alam,1,3000.0,90,0,1
dataset1,144,Goa Jomblang,goa jomblang,goa jomblang,"['goa', 'jomblang']","Gua Jomblang merupakan gua vertikal yang bertipe collapse doline. Gua ini terbentuk akibat proses geologi amblasnya tanah beserta vegetasi yang ada di atasnya ke dasar bumi yang terjadi ribuan tahun lalu. Runtuhan ini membentuk sinkhole atau sumuran yang dalam bahasa Jawa dikenal dengan istilah luweng. Itulah yang membuat unik karena di dalam gua terdapat luas mulut gua sekitar 50 meter ini sering disebut dengan nama Luweng Jomblang. Gua Jomblang terletak di Kabupaten Gunungkidul, DI Yogyakarta.\nSaat ini Gua Jomblang merupakan tempat konservasi tumbuhan purba dan dikembangkan menjadi tempat wisata minat khusus yang mana dikelola oleh penduduk atau warga setempat. Untuk menuruni gua vertikal ini pihak pengelola sudah menyediakan perlengkapan lengkap sesuai standar keselamatan caving di gua vertikal.\nSinar matahari yang menerobos masuk dari Luweng Grubug setinggi 90 meter membentuk satu tiang cahaya, menyinari flowstone yang indah serta kedalaman gua yang gelap gulita. Air yang menetes dari ketinggian turut mempercantik pemandangan. Tidak salah\njika banyak orang terkagum-kagum datang ke sini ketika menyaksikan lukisan alam yang dikenal dengan istilah ""cahaya surga"".","gua jomblang merupakan gua vertikal yang bertipe collapse doline. gua ini terbentuk akibat proses geologi amblasnya tanah beserta vegetasi yang ada di atasnya ke dasar bumi yang terjadi ribuan tahun lalu. runtuhan ini membentuk sinkhole atau sumuran yang dalam bahasa jawa dikenal dengan istilah luweng. itulah yang membuat unik karena di dalam gua terdapat luas mulut gua sekitar 50 meter ini sering disebut dengan nama luweng jomblang. gua jomblang terletak di kabupaten gunungkidul, di yogyakarta. nsaat ini gua jomblang merupakan tempat konservasi tumbuhan purba dan dikembangkan menjadi tempat wisata minat khusus yang mana dikelola oleh penduduk atau warga setempat. untuk menuruni gua vertikal ini pihak pengelola sudah menyediakan perlengkapan lengkap sesuai standar keselamatan caving di gua vertikal. nsinar matahari yang menerobos masuk dari luweng grubug setinggi 90 meter membentuk satu tiang cahaya, menyinari flowstone yang indah serta kedalaman gua yang gelap gulita. air yang menetes dari ketinggian turut mempercantik pemandangan. tidak salah njika banyak orang terkagum kagum datang ke sini ketika menyaksikan lukisan alam yang dikenal dengan istilah cahaya surga .",gua jomblang merupakan gua vertikal yang bertipe collapse doline gua ini terbentuk akibat proses geologi amblasnya tanah beserta vegetasi yang ada di atasnya ke dasar bumi yang terjadi ribuan tahun lalu runtuhan ini membentuk sinkhole atau sumuran yang dalam bahasa jawa dikenal dengan istilah luweng itulah yang membuat unik karena di dalam gua terdapat luas mulut gua sekitar 50 meter ini sering disebut dengan nama luweng jomblang gua jomblang terletak di kabupaten gunungkidul di yogyakarta nsaat ini gua jomblang merupakan tempat konservasi tumbuhan purba dan dikembangkan menjadi tempat wisata minat khusus yang mana dikelola oleh penduduk atau warga setempat untuk menuruni gua vertikal ini pihak pengelola sudah menyediakan perlengkapan lengkap sesuai standar keselamatan caving di gua vertikal nsinar matahari yang menerobos masuk dari luweng grubug setinggi 90 meter membentuk satu tiang cahaya menyinari flowstone yang indah serta kedalaman gua yang gelap gulita air yang menetes dari ketinggian turut mempercantik pemandangan tidak salah njika banyak orang terkagum kagum datang ke sini ketika menyaksikan lukisan alam yang dikenal dengan istilah cahaya surga,"['gua', 'jomblang', 'merupakan', 'gua', 'vertikal', 'yang', 'bertipe', 'collapse', 'doline', 'gua', 'ini', 'terbentuk', 'akibat', 'proses', 'geologi', 'amblasnya', 'tanah', 'beserta', 'vegetasi', 'yang', 'ada', 'atasnya', 'dasar', 'bumi', 'yang', 'terjadi', 'ribuan', 'tahun', 'lalu', 'runtuhan', 'ini', 'membentuk', 'sinkhole', 'atau', 'sumuran', 'yang', 'dalam', 'bahasa', 'jawa', 'dikenal', 'dengan', 'istilah', 'luweng', 'itulah', 'yang', 'membuat', 'unik', 'karena', 'dalam', 'gua', 'terdapat', 'luas', 'mulut', 'gua', 'sekitar', 'meter', 'ini', 'sering', 'disebut', 'dengan', 'nama', 'luweng', 'jomblang', 'gua', 'jomblang', 'terletak', 'kabupaten', 'gunungkidul', 'yogyakarta', 'nsaat', 'ini', 'gua', 'jomblang', 'merupakan', 'tempat', 'konservasi', 'tumbuhan', 'purba', 'dan', 'dikembangkan', 'menjadi', 'tempat', 'wisata', 'minat', 'khusus', 'yang', 'mana', 'dikelola', 'oleh', 'penduduk', 'atau', 'warga', 'setempat', 'untuk', 'menuruni', 'gua', 'vertikal', 'ini', 'pihak', 'pengelola', 'sudah', 'menyediakan', 'perlengkapan', 'lengkap', 'sesuai', 'standar', 'keselamatan', 'caving', 'gua', 'vertikal', 'nsinar', 'matahari', 'yang', 'menerobos', 'masuk', 'dari', 'luweng', 'grubug', 'setinggi', 'meter', 'membentuk', 'satu', 'tiang', 'cahaya', 'menyinari', 'flowstone', 'yang', 'indah', 'serta', 'kedalaman', 'gua', 'yang', 'gelap', 'gulita', 'air', 'yang', 'menetes', 'dari', 'ketinggian', 'turut', 'mempercantik', 'pemandangan', 'tidak', 'salah', 'njika', 'banyak', 'orang', 'terkagum', 'kagum', 'datang', 'sini', 'ketika', 'menyaksikan', 'lukisan', 'alam', 'yang', 'dikenal', 'dengan', 'istilah', 'cahaya', 'surga']",Cagar Alam,cagar alam,cagar alam,"['cagar', 'alam']",500000.0,4.6,,-8.0281562,110.6383307,0.0,0.0,0.0,0.92,,cagar alam,1,500000.0,91,0,1
dataset2,32,Goa Kalisuci,goa kalisuci,goa kalisuci,"['goa', 'kalisuci']",destinasi cave tubing populer menyusuri sungai bawah tanah dengan ban di tengah keindahan gua alami,destinasi cave tubing populer menyusuri sungai bawah tanah dengan ban di tengah keindahan gua alami,destinasi cave tubing populer menyusuri sungai bawah tanah dengan ban di tengah keindahan gua alami,"['destinasi', 'cave', 'tubing', 'populer', 'menyusuri', 'sungai', 'bawah', 'tanah', 'dengan', 'ban', 'tengah', 'keindahan', 'gua', 'alami']",Alam,alam,alam,['alam'],0.0,4.6,,-8.002397389,110.6395038,152.0,2000.0,2000.0,0.92,0.0014492753623188,cagar alam,1,2000.0,92,0,1
dataset2,182,Goa Kebon,goa kebon,goa kebon,"['goa', 'kebon']",goa alami yang tersembunyi di pedalaman gunungkidul menawarkan pemandangan stalaktit dan stalagmit alami yang masih asri cocok untuk penjelajah alam dan pecinta kegiatan caving yang menantang,goa alami yang tersembunyi di pedalaman gunungkidul menawarkan pemandangan stalaktit dan stalagmit alami yang masih asri cocok untuk penjelajah alam dan pecinta kegiatan caving yang menantang,goa alami yang tersembunyi di pedalaman gunungkidul menawarkan pemandangan stalaktit dan stalagmit alami yang masih asri cocok untuk penjelajah alam dan pecinta kegiatan caving yang menantang,"['goa', 'alami', 'yang', 'tersembunyi', 'pedalaman', 'gunungkidul', 'menawarkan', 'pemandangan', 'stalaktit', 'dan', 'stalagmit', 'alami', 'yang', 'masih', 'asri', 'cocok', 'untuk', 'penjelajah', 'alam', 'dan', 'pecinta', 'kegiatan', 'caving', 'yang', 'menantang']",Alam,alam,alam,['alam'],0.0,4.3,,-7.8870828,110.1866704,659.0,0.0,0.0,0.86,0.0,cagar alam,1,0.0,93,0,1
dataset2,184,Goa Kiskendo,goa kiskendo,goa kiskendo,"['goa', 'kiskendo']",goa beserta kisah kisah yang menyertainya menjadi daya tarik terbesar obyek wisata ini goa konon sudah ditemukan abad silam para leluhur terdahulu memanfaatkan untuk mencari ketenangan batin dan pencerahan lewat bertapa goa itu sepanjang kilometer goa di dalam bumi bukit menoreh ada dua percabangan besar di dalamnya dan mengarahkan pengunjung pada bekas tempat banyak orang di masa lalu dalam melakoni pertapaan,goa beserta kisah kisah yang menyertainya menjadi daya tarik terbesar obyek wisata ini goa konon sudah ditemukan abad silam para leluhur terdahulu memanfaatkan untuk mencari ketenangan batin dan pencerahan lewat bertapa goa itu sepanjang kilometer goa di dalam bumi bukit menoreh ada dua percabangan besar di dalamnya dan mengarahkan pengunjung pada bekas tempat banyak orang di masa lalu dalam melakoni pertapaan,goa beserta kisah kisah yang menyertainya menjadi daya tarik terbesar obyek wisata ini goa konon sudah ditemukan abad silam para leluhur terdahulu memanfaatkan untuk mencari ketenangan batin dan pencerahan lewat bertapa goa itu sepanjang kilometer goa di dalam bumi bukit menoreh ada dua percabangan besar di dalamnya dan mengarahkan pengunjung pada bekas tempat banyak orang di masa lalu dalam melakoni pertapaan,"['goa', 'beserta', 'kisah', 'kisah', 'yang', 'menyertainya', 'menjadi', 'daya', 'tarik', 'terbesar', 'obyek', 'wisata', 'ini', 'goa', 'konon', 'sudah', 'ditemukan', 'abad', 'silam', 'para', 'leluhur', 'terdahulu', 'memanfaatkan', 'untuk', 'mencari', 'ketenangan', 'batin', 'dan', 'pencerahan', 'lewat', 'bertapa', 'goa', 'itu', 'sepanjang', 'kilometer', 'goa', 'dalam', 'bumi', 'bukit', 'menoreh', 'ada', 'dua', 'percabangan', 'besar', 'dalamnya', 'dan', 'mengarahkan', 'pengunjung', 'pada', 'bekas', 'tempat', 'banyak', 'orang', 'masa', 'lalu', 'dalam', 'melakoni', 'pertapaan']",Alam,alam,alam,['alam'],0.0,4.3,,-7.7471047,110.1310147,1446.0,5000.0,5000.0,0.86,0.0036231884057971,cagar alam,1,5000.0,94,0,1
dataset2,219,Goa Payaman,goa payaman,goa payaman,"['goa', 'payaman']",gua alami yang masih alami dan jarang dikunjungi cocok untuk petualang alam,gua alami yang masih alami dan jarang dikunjungi cocok untuk petualang alam,gua alami yang masih alami dan jarang dikunjungi cocok untuk petualang alam,"['gua', 'alami', 'yang', 'masih', 'alami', 'dan', 'jarang', 'dikunjungi', 'cocok', 'untuk', 'petualang', 'alam']",Alam,alam,alam,['alam'],0.0,4.2,,-7.8346264,110.258599,84.0,25000.0,25000.0,0.8400000000000001,0.0181159420289855,cagar alam,1,25000.0,95,0,1
dataset2,301,Goa Pego,goa pego,goa pego,"['goa', 'pego']",gua alami yang tenang dan tersembunyi menawarkan suasana mistis dan pemandangan eksotis,gua alami yang tenang dan tersembunyi menawarkan suasana mistis dan pemandangan eksotis,gua alami yang tenang dan tersembunyi menawarkan suasana mistis dan pemandangan eksotis,"['gua', 'alami', 'yang', 'tenang', 'dan', 'tersembunyi', 'menawarkan', 'suasana', 'mistis', 'dan', 'pemandangan', 'eksotis']",Alam,alam,alam,['alam'],0.0,4.2,,-7.9990794,110.3705074,16.0,5000.0,5000.0,0.8400000000000001,0.0036231884057971,cagar alam,1,5000.0,96,0,1
dataset1,178,Goa Pindul,goa pindul,goa pindul,"['goa', 'pindul']","Gua Pindul adalah objek wisata berupa gua yang terletak di Desa Bejiharjo, Kecamatan Karangmojo, Kabupaten Gunungkidul. Gua Pindul dikenal karena cara menyusuri gua yang dilakukan dengan menaiki ban pelampung di atas aliran sungai bawah tanah di dalam gua, kegiatan ini dikenal dengan istilah cave tubing.","gua pindul adalah objek wisata berupa gua yang terletak di desa bejiharjo, kecamatan karangmojo, kabupaten gunungkidul. gua pindul dikenal karena cara menyusuri gua yang dilakukan dengan menaiki ban pelampung di atas aliran sungai bawah tanah di dalam gua, kegiatan ini dikenal dengan istilah cave tubing.",gua pindul adalah objek wisata berupa gua yang terletak di desa bejiharjo kecamatan karangmojo kabupaten gunungkidul gua pindul dikenal karena cara menyusuri gua yang dilakukan dengan menaiki ban pelampung di atas aliran sungai bawah tanah di dalam gua kegiatan ini dikenal dengan istilah cave tubing,"['gua', 'pindul', 'adalah', 'objek', 'wisata', 'berupa', 'gua', 'yang', 'terletak', 'desa', 'bejiharjo', 'kecamatan', 'karangmojo', 'kabupaten', 'gunungkidul', 'gua', 'pindul', 'dikenal', 'karena', 'cara', 'menyusuri', 'gua', 'yang', 'dilakukan', 'dengan', 'menaiki', 'ban', 'pelampung', 'atas', 'aliran', 'sungai', 'bawah', 'tanah', 'dalam', 'gua', 'kegiatan', 'ini', 'dikenal', 'dengan', 'istilah', 'cave', 'tubing']",Cagar Alam,cagar alam,cagar alam,"['cagar', 'alam']",40000.0,4.5,,-7.9339721,110.651966,0.0,0.0,0.0,0.9,,cagar alam,1,40000.0,97,0,1
dataset2,39,Goa Selarong,goa selarong,goa selarong,"['goa', 'selarong']",gua selarong atau bisa disebut gua diponegoro adalah gua berbudaya dan sejarah sekaligus tempat wisata alam dan religius goa selarong merupakan sebuah goa kecil yang berada di dusun kembangputihan kecamatan pajangan bantul lokasinya cukup mudah dijangkau karena tak jauh dari kota bantul diy di goa selarong terdapat dua goa yaitu goa kakung dan goa p sekilas tak ada tampilan yang menarik secara visual dari kedua goa tersebut namun goa itu menyimpan peristiwa besar yang menjadi bagian dari budaya dan sejarah bangsa indonesia terutama kisah kepahlawanan pangeran diponegoro yang menjadi tokoh besar saat meletusnya perang jawa pada utri,gua selarong atau bisa disebut gua diponegoro adalah gua berbudaya dan sejarah sekaligus tempat wisata alam dan religius goa selarong merupakan sebuah goa kecil yang berada di dusun kembangputihan kecamatan pajangan bantul lokasinya cukup mudah dijangkau karena tak jauh dari kota bantul diy di goa selarong terdapat dua goa yaitu goa kakung dan goa p sekilas tak ada tampilan yang menarik secara visual dari kedua goa tersebut namun goa itu menyimpan peristiwa besar yang menjadi bagian dari budaya dan sejarah bangsa indonesia terutama kisah kepahlawanan pangeran diponegoro yang menjadi tokoh besar saat meletusnya perang jawa pada utri,gua selarong atau bisa disebut gua diponegoro adalah gua berbudaya dan sejarah sekaligus tempat wisata alam dan religius goa selarong merupakan sebuah goa kecil yang berada di dusun kembangputihan kecamatan pajangan bantul lokasinya cukup mudah dijangkau karena tak jauh dari kota bantul diy di goa selarong terdapat dua goa yaitu goa kakung dan goa p sekilas tak ada tampilan yang menarik secara visual dari kedua goa tersebut namun goa itu menyimpan peristiwa besar yang menjadi bagian dari budaya dan sejarah bangsa indonesia terutama kisah kepahlawanan pangeran diponegoro yang menjadi tokoh besar saat meletusnya perang jawa pada utri,"['gua', 'selarong', 'atau', 'bisa', 'disebut', 'gua', 'diponegoro', 'adalah', 'gua', 'berbudaya', 'dan', 'sejarah', 'sekaligus', 'tempat', 'wisata', 'alam', 'dan', 'religius', 'goa', 'selarong', 'merupakan', 'sebuah', 'goa', 'kecil', 'yang', 'berada', 'dusun', 'kembangputihan', 'kecamatan', 'pajangan', 'bantul', 'lokasinya', 'cukup', 'mudah', 'dijangkau', 'karena', 'tak', 'jauh', 'dari', 'kota', 'bantul', 'diy', 'goa', 'selarong', 'terdapat', 'dua', 'goa', 'yaitu', 'goa', 'kakung', 'dan', 'goa', 'sekilas', 'tak', 'ada', 'tampilan', 'yang', 'menarik', 'secara', 'visual', 'dari', 'kedua', 'goa', 'tersebut', 'namun', 'goa', 'itu', 'menyimpan', 'peristiwa', 'besar', 'yang', 'menjadi', 'bagian', 'dari', 'budaya', 'dan', 'sejarah', 'bangsa', 'indonesia', 'terutama', 'kisah', 'kepahlawanan', 'pangeran', 'diponegoro', 'yang', 'menjadi', 'tokoh', 'besar', 'saat', 'meletusnya', 'perang', 'jawa', 'pada', 'utri']",Alam,alam,alam,['alam'],0.0,4.3,,-7.860965268,110.3145237,2116.0,6000.0,6000.0,0.86,0.0043478260869565,cagar alam,1,6000.0,98,0,1
dataset2,181,Goa Seplawan,goa seplawan,goa seplawan,"['goa', 'seplawan']",goa yang berada di kawasan pegunungan menoreh ini merupakan goa basah alias terdapat aliran air di dalamnya goa tersebut tepatnya berada di desa donorejo kecamatan kaligesing kabupaten purworejo jawa tengah berbatasan langsung dengan kulonprogo di yogyakarta goa ini memiliki panjang meter dengan cabang cabang goa sekitar meter dan berdiameter meter sehingga untuk masuk ke dalam goa pengunjung harus menyusuri anak tangga menurun yang cukup melalahkan yang mana rasa lelah itu akan segera hilang begitu mulai memasuki mulut goa sebab dari mulut goa itu saja keindahan ukiran batu di dalam goa sudah terlihat jelas,goa yang berada di kawasan pegunungan menoreh ini merupakan goa basah alias terdapat aliran air di dalamnya goa tersebut tepatnya berada di desa donorejo kecamatan kaligesing kabupaten purworejo jawa tengah berbatasan langsung dengan kulonprogo di yogyakarta goa ini memiliki panjang meter dengan cabang cabang goa sekitar meter dan berdiameter meter sehingga untuk masuk ke dalam goa pengunjung harus menyusuri anak tangga menurun yang cukup melalahkan yang mana rasa lelah itu akan segera hilang begitu mulai memasuki mulut goa sebab dari mulut goa itu saja keindahan ukiran batu di dalam goa sudah terlihat jelas,goa yang berada di kawasan pegunungan menoreh ini merupakan goa basah alias terdapat aliran air di dalamnya goa tersebut tepatnya berada di desa donorejo kecamatan kaligesing kabupaten purworejo jawa tengah berbatasan langsung dengan kulonprogo di yogyakarta goa ini memiliki panjang meter dengan cabang cabang goa sekitar meter dan berdiameter meter sehingga untuk masuk ke dalam goa pengunjung harus menyusuri anak tangga menurun yang cukup melalahkan yang mana rasa lelah itu akan segera hilang begitu mulai memasuki mulut goa sebab dari mulut goa itu saja keindahan ukiran batu di dalam goa sudah terlihat jelas,"['goa', 'yang', 'berada', 'kawasan', 'pegunungan', 'menoreh', 'ini', 'merupakan', 'goa', 'basah', 'alias', 'terdapat', 'aliran', 'air', 'dalamnya', 'goa', 'tersebut', 'tepatnya', 'berada', 'desa', 'donorejo', 'kecamatan', 'kaligesing', 'kabupaten', 'purworejo', 'jawa', 'tengah', 'berbatasan', 'langsung', 'dengan', 'kulonprogo', 'yogyakarta', 'goa', 'ini', 'memiliki', 'panjang', 'meter', 'dengan', 'cabang', 'cabang', 'goa', 'sekitar', 'meter', 'dan', 'berdiameter', 'meter', 'sehingga', 'untuk', 'masuk', 'dalam', 'goa', 'pengunjung', 'harus', 'menyusuri', 'anak', 'tangga', 'menurun', 'yang', 'cukup', 'melalahkan', 'yang', 'mana', 'rasa', 'lelah', 'itu', 'akan', 'segera', 'hilang', 'begitu', 'mulai', 'memasuki', 'mulut', 'goa', 'sebab', 'dari', 'mulut', 'goa', 'itu', 'saja', 'keindahan', 'ukiran', 'batu', 'dalam', 'goa', 'sudah', 'terlihat', 'jelas']",Alam,alam,alam,['alam'],0.0,4.5,,-7.772978,110.1102509,947.0,8000.0,8000.0,0.9,0.0057971014492753,cagar alam,1,8000.0,99,0,1
dataset2,97,Graceland 66,graceland 66,graceland 66,['graceland'],tempat hiburan dan rekreasi yang menyediakan berbagai fasilitas untuk keluarga dan anak anak,tempat hiburan dan rekreasi yang menyediakan berbagai fasilitas untuk keluarga dan anak anak,tempat hiburan dan rekreasi yang menyediakan berbagai fasilitas untuk keluarga dan anak anak,"['tempat', 'hiburan', 'dan', 'rekreasi', 'yang', 'menyediakan', 'berbagai', 'fasilitas', 'untuk', 'keluarga', 'dan', 'anak', 'anak']",Budaya_Dan_Sejarah,budaya dan sejarah,budaya dan sejarah,"['budaya', 'dan', 'sejarah']",0.0,5.0,,-7.7763136,110.4071704,4.0,20000.0,20000.0,1.0,0.0144927536231884,budaya,2,20000.0,100,1,0
dataset2,266,Graha Candi,graha candi,graha candi,"['graha', 'candi']",bangunan dengan arsitektur candi yang digunakan untuk berbagai acara budaya dan keagamaan mencerminkan kekayaan budaya lokal,bangunan dengan arsitektur candi yang digunakan untuk berbagai acara budaya dan keagamaan mencerminkan kekayaan budaya lokal,bangunan dengan arsitektur candi yang digunakan untuk berbagai acara budaya dan keagamaan mencerminkan kekayaan budaya lokal,"['bangunan', 'dengan', 'arsitektur', 'candi', 'yang', 'digunakan', 'untuk', 'berbagai', 'acara', 'budaya', 'dan', 'keagamaan', 'mencerminkan', 'kekayaan', 'budaya', 'lokal']",Budaya_Dan_Sejarah,budaya dan sejarah,budaya dan sejarah,"['budaya', 'dan', 'sejarah']",0.0,5.0,,-7.8265832,110.47927,2.0,50000.0,50000.0,1.0,0.036231884057971,budaya,2,50000.0,101,1,1
dataset1,165,Green Village Gedangsari,green village gedangsari,green village gedangsari,"['green', 'village', 'gedangsari']","Wisata Green Village Gedangsari Gunungkidul merupakan wisata alam cukup menakjubkan, pesona alam berupa hamparan pepohonan hijau rindang serta udara sejuk, bahkan sekarang telah hadir loh wahana flying fox terpanjang se Asia Tenggara. Berada di dataran tinggi, pengunjung dapat menyaksikan panorama kota Jogja, Klaten hingga kota Solo. Beberapa kegiatan liburan menyenangkan dapat dilakukan ketika liburan di Green Village Gunungkidul. Sepanjang jalan setapak berawal dari gerbang masuk hingga lokasi puncak, tak perlu heran kalau banyak pengunjung berswafoto di sepanjang jalan. Hal tersebut mengingat pesona alam masih asri, sehingga sangat cocok dijadikan background berswafoto bareng keluarga, teman atau pun bareng pasangan. Tentu saja banyak pengunjung membawa tongkat selfie bahkan ada juga menggunakan pesawat drone demi merekam momen keseruan dan keindahan alam Gunungkidul melalui jepretan kamera.","wisata green village gedangsari gunungkidul merupakan wisata alam cukup menakjubkan, pesona alam berupa hamparan pepohonan hijau rindang serta udara sejuk, bahkan sekarang telah hadir loh wahana flying fox terpanjang se asia tenggara. berada di dataran tinggi, pengunjung dapat menyaksikan panorama kota jogja, klaten hingga kota solo. beberapa kegiatan liburan menyenangkan dapat dilakukan ketika liburan di green village gunungkidul. sepanjang jalan setapak berawal dari gerbang masuk hingga lokasi puncak, tak perlu heran kalau banyak pengunjung berswafoto di sepanjang jalan. hal tersebut mengingat pesona alam masih asri, sehingga sangat cocok dijadikan background berswafoto bareng keluarga, teman atau pun bareng pasangan. tentu saja banyak pengunjung membawa tongkat selfie bahkan ada juga menggunakan pesawat drone demi merekam momen keseruan dan keindahan alam gunungkidul melalui jepretan kamera.",wisata green village gedangsari gunungkidul merupakan wisata alam cukup menakjubkan pesona alam berupa hamparan pepohonan hijau rindang serta udara sejuk bahkan sekarang telah hadir loh wahana flying fox terpanjang se asia tenggara berada di dataran tinggi pengunjung dapat menyaksikan panorama kota jogja klaten hingga kota solo beberapa kegiatan liburan menyenangkan dapat dilakukan ketika liburan di green village gunungkidul sepanjang jalan setapak berawal dari gerbang masuk hingga lokasi puncak tak perlu heran kalau banyak pengunjung berswafoto di sepanjang jalan hal tersebut mengingat pesona alam masih asri sehingga sangat cocok dijadikan background berswafoto bareng keluarga teman atau pun bareng pasangan tentu saja banyak pengunjung membawa tongkat selfie bahkan ada juga menggunakan pesawat drone demi merekam momen keseruan dan keindahan alam gunungkidul melalui jepretan kamera,"['wisata', 'green', 'village', 'gedangsari', 'gunungkidul', 'merupakan', 'wisata', 'alam', 'cukup', 'menakjubkan', 'pesona', 'alam', 'berupa', 'hamparan', 'pepohonan', 'hijau', 'rindang', 'serta', 'udara', 'sejuk', 'bahkan', 'sekarang', 'telah', 'hadir', 'loh', 'wahana', 'flying', 'fox', 'terpanjang', 'asia', 'tenggara', 'berada', 'dataran', 'tinggi', 'pengunjung', 'dapat', 'menyaksikan', 'panorama', 'kota', 'jogja', 'klaten', 'hingga', 'kota', 'solo', 'beberapa', 'kegiatan', 'liburan', 'menyenangkan', 'dapat', 'dilakukan', 'ketika', 'liburan', 'green', 'village', 'gunungkidul', 'sepanjang', 'jalan', 'setapak', 'berawal', 'dari', 'gerbang', 'masuk', 'hingga', 'lokasi', 'puncak', 'tak', 'perlu', 'heran', 'kalau', 'banyak', 'pengunjung', 'berswafoto', 'sepanjang', 'jalan', 'hal', 'tersebut', 'mengingat', 'pesona', 'alam', 'masih', 'asri', 'sehingga', 'sangat', 'cocok', 'dijadikan', 'background', 'berswafoto', 'bareng', 'keluarga', 'teman', 'atau', 'pun', 'bareng', 'pasangan', 'tentu', 'saja', 'banyak', 'pengunjung', 'membawa', 'tongkat', 'selfie', 'bahkan', 'ada', 'juga', 'menggunakan', 'pesawat', 'drone', 'demi', 'merekam', 'momen', 'keseruan', 'dan', 'keindahan', 'alam', 'gunungkidul', 'melalui', 'jepretan', 'kamera']",Taman Hiburan,taman hiburan,taman hiburan,"['taman', 'hiburan']",2000.0,4.2,60.0,-7.813094,110.615571,0.0,0.0,0.0,0.8400000000000001,,taman hiburan,3,2000.0,102,1,1
dataset2,498,GRINATA ADVENTURE 1,grinata adventure 1,grinata adventure 1,"['grinata', 'adventure']",wisata petualangan alam dengan kegiatan seperti off road camping dan outbound di alam terbuka,wisata petualangan alam dengan kegiatan seperti off road camping dan outbound di alam terbuka,wisata petualangan alam dengan kegiatan seperti off road camping dan outbound di alam terbuka,"['wisata', 'petualangan', 'alam', 'dengan', 'kegiatan', 'seperti', 'off', 'road', 'camping', 'dan', 'outbound', 'alam', 'terbuka']",Agrowisata,agrowisata,agrowisata,['agrowisata'],0.0,4.9,,-7.5902269,110.4423564,13.0,350000.0,350000.0,0.98,0.2536231884057971,lainnya,7,350000.0,103,0,1
dataset2,296,Grojogan Pucung,grojogan pucung,grojogan pucung,"['grojogan', 'pucung']",air terjun alami yang menawarkan kesegaran dengan suasana alam yang asri dan menenangkan,air terjun alami yang menawarkan kesegaran dengan suasana alam yang asri dan menenangkan,air terjun alami yang menawarkan kesegaran dengan suasana alam yang asri dan menenangkan,"['air', 'terjun', 'alami', 'yang', 'menawarkan', 'kesegaran', 'dengan', 'suasana', 'alam', 'yang', 'asri', 'dan', 'menenangkan']",Wisata Air,wisata air,wisata air,"['wisata', 'air']",0.0,4.5,,-7.990371,110.3421397,23.0,0.0,0.0,0.9,0.0,wisata air,5,0.0,104,0,1
dataset1,136,Grojogan Watu Purbo Bangunrejo,grojogan watu purbo bangunrejo,grojogan watu purbo bangunrejo,"['grojogan', 'watu', 'purbo', 'bangunrejo']","Objek wisata itu tak adalah Grojogan Watu Purbo yang berada di Bangunrejo, Merdikorejo, Kecamatan Tempel. Objek wisata itu sekitar setahun terakhir cukup populer di kalangan wisatawan karena memiliki pemandangan eksotis berupa air terjun yang memiliki enam tingkatan. Wisatawan yang datang rata-rata menjadikan air terjun itu sebagai latar untuk swafoto karena pemandangannya yang dinilai instagramable. Grojokan Watu Purbo ini tepatnya berlokasi di aliran Kali Krisak, yang merupakan jalur dari lahar dingin yang mengalir dari Gunung Merapi. Pemandangan kawasan ini eksotis karena dikepung pepohonan asri serta hamparan sawah. Munculnya air terjun atau grojogan ini berasal dari enam dam dengan ketinggian bervariasi tak lebih dari 10 meter.","objek wisata itu tak adalah grojogan watu purbo yang berada di bangunrejo, merdikorejo, kecamatan tempel. objek wisata itu sekitar setahun terakhir cukup populer di kalangan wisatawan karena memiliki pemandangan eksotis berupa air terjun yang memiliki enam tingkatan. wisatawan yang datang rata rata menjadikan air terjun itu sebagai latar untuk swafoto karena pemandangannya yang dinilai instagramable. grojokan watu purbo ini tepatnya berlokasi di aliran kali krisak, yang merupakan jalur dari lahar dingin yang mengalir dari gunung merapi. pemandangan kawasan ini eksotis karena dikepung pepohonan asri serta hamparan sawah. munculnya air terjun atau grojogan ini berasal dari enam dam dengan ketinggian bervariasi tak lebih dari 10 meter.",objek wisata itu tak adalah grojogan watu purbo yang berada di bangunrejo merdikorejo kecamatan tempel objek wisata itu sekitar setahun terakhir cukup populer di kalangan wisatawan karena memiliki pemandangan eksotis berupa air terjun yang memiliki enam tingkatan wisatawan yang datang rata rata menjadikan air terjun itu sebagai latar untuk swafoto karena pemandangannya yang dinilai instagramable grojokan watu purbo ini tepatnya berlokasi di aliran kali krisak yang merupakan jalur dari lahar dingin yang mengalir dari gunung merapi pemandangan kawasan ini eksotis karena dikepung pepohonan asri serta hamparan sawah munculnya air terjun atau grojogan ini berasal dari enam dam dengan ketinggian bervariasi tak lebih dari 10 meter,"['objek', 'wisata', 'itu', 'tak', 'adalah', 'grojogan', 'watu', 'purbo', 'yang', 'berada', 'bangunrejo', 'merdikorejo', 'kecamatan', 'tempel', 'objek', 'wisata', 'itu', 'sekitar', 'setahun', 'terakhir', 'cukup', 'populer', 'kalangan', 'wisatawan', 'karena', 'memiliki', 'pemandangan', 'eksotis', 'berupa', 'air', 'terjun', 'yang', 'memiliki', 'enam', 'tingkatan', 'wisatawan', 'yang', 'datang', 'rata', 'rata', 'menjadikan', 'air', 'terjun', 'itu', 'sebagai', 'latar', 'untuk', 'swafoto', 'karena', 'pemandangannya', 'yang', 'dinilai', 'instagramable', 'grojokan', 'watu', 'purbo', 'ini', 'tepatnya', 'berlokasi', 'aliran', 'kali', 'krisak', 'yang', 'merupakan', 'jalur', 'dari', 'lahar', 'dingin', 'yang', 'mengalir', 'dari', 'gunung', 'merapi', 'pemandangan', 'kawasan', 'ini', 'eksotis', 'karena', 'dikepung', 'pepohonan', 'asri', 'serta', 'hamparan', 'sawah', 'munculnya', 'air', 'terjun', 'atau', 'grojogan', 'ini', 'berasal', 'dari', 'enam', 'dam', 'dengan', 'ketinggian', 'bervariasi', 'tak', 'lebih', 'dari', 'meter']",Taman Hiburan,taman hiburan,taman hiburan,"['taman', 'hiburan']",10000.0,4.5,90.0,-7.6340172,110.33837,0.0,0.0,0.0,0.9,,taman hiburan,3,10000.0,105,1,1
dataset2,305,Gua Permoni,gua permoni,gua permoni,"['gua', 'permoni']",sebuah gua alami yang terkenal dengan keindahan stalaktit dan stalagmitnya menawarkan pengalaman jelajah alam yang menantang,sebuah gua alami yang terkenal dengan keindahan stalaktit dan stalagmitnya menawarkan pengalaman jelajah alam yang menantang,sebuah gua alami yang terkenal dengan keindahan stalaktit dan stalagmitnya menawarkan pengalaman jelajah alam yang menantang,"['sebuah', 'gua', 'alami', 'yang', 'terkenal', 'dengan', 'keindahan', 'stalaktit', 'dan', 'stalagmitnya', 'menawarkan', 'pengalaman', 'jelajah', 'alam', 'yang', 'menantang']",Alam,alam,alam,['alam'],0.0,4.3,,-7.8796951,110.3965111,32.0,0.0,0.0,0.86,0.0,cagar alam,1,0.0,106,0,1
dataset1,128,Gumuk Pasir Parangkusumo,gumuk pasir parangkusumo,gumuk pasir parangkusumo,"['gumuk', 'pasir', 'parangkusumo']","Gumuk Pasir Parangkusumo (bahasa Jawa: ꦒꦸꦩꦸꦏ꧀​ꦥꦱꦶꦂ​ꦥꦫꦁ​ꦏꦸꦱꦸꦩ, translit. Gumuk Pasir Parangkusuma) adalah objek wisata di Kabupaten Bantul, Yogyakarta, letaknya di sebelah barat Pantai Parangtritis, yaitu di Desa Parangtritis, Kecamatan Kretek, Kabupaten Bantul, Daerah Istimewa Yogyakarta. Gumuk Pasir ini memiliki sejumlah keistimewaan terkait dengan jumlahnya hanya terbatas di dunia.\nNama ""Gumuk"" berasal dari bahasa Jawa yang artinya gundukan-gundukan pasir yang terhampar luas. Gumuk Pasir Yogyakarta terbentuk dari material Gunung Merapi yang kemudian mengalami transportasi melalui Sungai Opak dan Sungai Progo yang kemudian terbawa ombak dan mengendap di pantai. Material yang mengendap kemudian mengering dan terbawa angin lalu terbang kedaratan sehingga mengalami proses deposisi menjadi Gumuk Pasir.","gumuk pasir parangkusumo bahasa jawa , translit. gumuk pasir parangkusuma adalah objek wisata di kabupaten bantul, yogyakarta, letaknya di sebelah barat pantai parangtritis, yaitu di desa parangtritis, kecamatan kretek, kabupaten bantul, daerah istimewa yogyakarta. gumuk pasir ini memiliki sejumlah keistimewaan terkait dengan jumlahnya hanya terbatas di dunia. nnama gumuk berasal dari bahasa jawa yang artinya gundukan gundukan pasir yang terhampar luas. gumuk pasir yogyakarta terbentuk dari material gunung merapi yang kemudian mengalami transportasi melalui sungai opak dan sungai progo yang kemudian terbawa ombak dan mengendap di pantai. material yang mengendap kemudian mengering dan terbawa angin lalu terbang kedaratan sehingga mengalami proses deposisi menjadi gumuk pasir.",gumuk pasir parangkusumo bahasa jawa translit gumuk pasir parangkusuma adalah objek wisata di kabupaten bantul yogyakarta letaknya di sebelah barat pantai parangtritis yaitu di desa parangtritis kecamatan kretek kabupaten bantul daerah istimewa yogyakarta gumuk pasir ini memiliki sejumlah keistimewaan terkait dengan jumlahnya hanya terbatas di dunia nnama gumuk berasal dari bahasa jawa yang artinya gundukan gundukan pasir yang terhampar luas gumuk pasir yogyakarta terbentuk dari material gunung merapi yang kemudian mengalami transportasi melalui sungai opak dan sungai progo yang kemudian terbawa ombak dan mengendap di pantai material yang mengendap kemudian mengering dan terbawa angin lalu terbang kedaratan sehingga mengalami proses deposisi menjadi gumuk pasir,"['gumuk', 'pasir', 'parangkusumo', 'bahasa', 'jawa', 'translit', 'gumuk', 'pasir', 'parangkusuma', 'adalah', 'objek', 'wisata', 'kabupaten', 'bantul', 'yogyakarta', 'letaknya', 'sebelah', 'barat', 'pantai', 'parangtritis', 'yaitu', 'desa', 'parangtritis', 'kecamatan', 'kretek', 'kabupaten', 'bantul', 'daerah', 'istimewa', 'yogyakarta', 'gumuk', 'pasir', 'ini', 'memiliki', 'sejumlah', 'keistimewaan', 'terkait', 'dengan', 'jumlahnya', 'hanya', 'terbatas', 'dunia', 'nnama', 'gumuk', 'berasal', 'dari', 'bahasa', 'jawa', 'yang', 'artinya', 'gundukan', 'gundukan', 'pasir', 'yang', 'terhampar', 'luas', 'gumuk', 'pasir', 'yogyakarta', 'terbentuk', 'dari', 'material', 'gunung', 'merapi', 'yang', 'kemudian', 'mengalami', 'transportasi', 'melalui', 'sungai', 'opak', 'dan', 'sungai', 'progo', 'yang', 'kemudian', 'terbawa', 'ombak', 'dan', 'mengendap', 'pantai', 'material', 'yang', 'mengendap', 'kemudian', 'mengering', 'dan', 'terbawa', 'angin', 'lalu', 'terbang', 'kedaratan', 'sehingga', 'mengalami', 'proses', 'deposisi', 'menjadi', 'gumuk', 'pasir']",Taman Hiburan,taman hiburan,taman hiburan,"['taman', 'hiburan']",0.0,4.5,90.0,-8.0173266,110.3180791,0.0,0.0,0.0,0.9,,taman hiburan,3,0.0,107,1,1
dataset2,214,Gunung Gamping,gunung gamping,gunung gamping,"['gunung', 'gamping']",bukit kapur yang menawarkan wisata edukasi geologi tempat ini cocok untuk tracking ringan sambil belajar tentang formasi batuan karst di yogyakarta,bukit kapur yang menawarkan wisata edukasi geologi tempat ini cocok untuk tracking ringan sambil belajar tentang formasi batuan karst di yogyakarta,bukit kapur yang menawarkan wisata edukasi geologi tempat ini cocok untuk tracking ringan sambil belajar tentang formasi batuan karst di yogyakarta,"['bukit', 'kapur', 'yang', 'menawarkan', 'wisata', 'edukasi', 'geologi', 'tempat', 'ini', 'cocok', 'untuk', 'tracking', 'ringan', 'sambil', 'belajar', 'tentang', 'formasi', 'batuan', 'karst', 'yogyakarta']",Budaya_Dan_Sejarah,budaya dan sejarah,budaya dan sejarah,"['budaya', 'dan', 'sejarah']",0.0,4.3,,-7.8046696,110.3196567,350.0,10000.0,10000.0,0.86,0.0072463768115942,budaya,2,10000.0,108,1,1
dataset2,286,Gunung Mungker,gunung mungker,gunung mungker,"['gunung', 'mungker']",gunung kecil yang menawarkan panorama kota dari ketinggian dengan suasana sejuk dan jalan pendakian yang ramah bagi pemula spot ini juga cocok untuk pengamatan bintang dan menikmati city light yogyakarta di malam hari,gunung kecil yang menawarkan panorama kota dari ketinggian dengan suasana sejuk dan jalan pendakian yang ramah bagi pemula spot ini juga cocok untuk pengamatan bintang dan menikmati city light yogyakarta di malam hari,gunung kecil yang menawarkan panorama kota dari ketinggian dengan suasana sejuk dan jalan pendakian yang ramah bagi pemula spot ini juga cocok untuk pengamatan bintang dan menikmati city light yogyakarta di malam hari,"['gunung', 'kecil', 'yang', 'menawarkan', 'panorama', 'kota', 'dari', 'ketinggian', 'dengan', 'suasana', 'sejuk', 'dan', 'jalan', 'pendakian', 'yang', 'ramah', 'bagi', 'pemula', 'spot', 'ini', 'juga', 'cocok', 'untuk', 'pengamatan', 'bintang', 'dan', 'menikmati', 'city', 'light', 'yogyakarta', 'malam', 'hari']",Alam,alam,alam,['alam'],0.0,4.3,,-7.8758728,110.4578762,416.0,5000.0,5000.0,0.86,0.0036231884057971,cagar alam,1,5000.0,109,0,1
dataset2,49,History Of Java Museum (HOJM),history of java museum hojm,history of java museum hojm,"['history', 'java', 'museum', 'hojm']",museum interaktif yang menyajikan sejarah panjang pulau jawa dari zaman prasejarah hingga masa kini menggunakan teknologi ar vr dan instalasi modern edukatif dan futuristik,museum interaktif yang menyajikan sejarah panjang pulau jawa dari zaman prasejarah hingga masa kini menggunakan teknologi ar vr dan instalasi modern edukatif dan futuristik,museum interaktif yang menyajikan sejarah panjang pulau jawa dari zaman prasejarah hingga masa kini menggunakan teknologi ar vr dan instalasi modern edukatif dan futuristik,"['museum', 'interaktif', 'yang', 'menyajikan', 'sejarah', 'panjang', 'pulau', 'jawa', 'dari', 'zaman', 'prasejarah', 'hingga', 'masa', 'kini', 'menggunakan', 'teknologi', 'dan', 'instalasi', 'modern', 'edukatif', 'dan', 'futuristik']",Budaya_Dan_Sejarah,budaya dan sejarah,budaya dan sejarah,"['budaya', 'dan', 'sejarah']",0.0,4.5,,-7.8439029,110.362261,304.0,20000.0,25000.0,0.9,0.0144927536231884,budaya,2,20000.0,110,1,0
dataset2,125,Hutan Cemara Sembung,hutan cemara sembung,hutan cemara sembung,"['hutan', 'cemara', 'sembung']",hutan dengan deretan pohon cemara tinggi cocok untuk bersantai dan berfoto estetik,hutan dengan deretan pohon cemara tinggi cocok untuk bersantai dan berfoto estetik,hutan dengan deretan pohon cemara tinggi cocok untuk bersantai dan berfoto estetik,"['hutan', 'dengan', 'deretan', 'pohon', 'cemara', 'tinggi', 'cocok', 'untuk', 'bersantai', 'dan', 'berfoto', 'estetik']",Alam,alam,alam,['alam'],0.0,4.2,,-7.8306883,110.2897089,156.0,5000.0,5000.0,0.8400000000000001,0.0036231884057971,cagar alam,1,5000.0,111,0,1
dataset1,182,Hutan Mangrove Kulon Progo,hutan mangrove kulon progo,hutan mangrove kulon progo,"['hutan', 'mangrove', 'kulon', 'progo']","Di sini ada kawasan wisata Hutan Mangrove Kulon Progo yang menyajikan keindahan alamnya. hutan Mangrove  ini memberikan pesona tersendiri selain pantai Glagah yang sudah menjadi primadona di Kulon Progo ini. Letak lokasi hutan mangrove  Kulon Progo ini sejatinya sudah masuk ke kawasan Pasir Mendit Kecamatan Temon Kulon Progo.",di sini ada kawasan wisata hutan mangrove kulon progo yang menyajikan keindahan alamnya. hutan mangrove ini memberikan pesona tersendiri selain pantai glagah yang sudah menjadi primadona di kulon progo ini. letak lokasi hutan mangrove kulon progo ini sejatinya sudah masuk ke kawasan pasir mendit kecamatan temon kulon progo.,di sini ada kawasan wisata hutan mangrove kulon progo yang menyajikan keindahan alamnya hutan mangrove ini memberikan pesona tersendiri selain pantai glagah yang sudah menjadi primadona di kulon progo ini letak lokasi hutan mangrove kulon progo ini sejatinya sudah masuk ke kawasan pasir mendit kecamatan temon kulon progo,"['sini', 'ada', 'kawasan', 'wisata', 'hutan', 'mangrove', 'kulon', 'progo', 'yang', 'menyajikan', 'keindahan', 'alamnya', 'hutan', 'mangrove', 'ini', 'memberikan', 'pesona', 'tersendiri', 'selain', 'pantai', 'glagah', 'yang', 'sudah', 'menjadi', 'primadona', 'kulon', 'progo', 'ini', 'letak', 'lokasi', 'hutan', 'mangrove', 'kulon', 'progo', 'ini', 'sejatinya', 'sudah', 'masuk', 'kawasan', 'pasir', 'mendit', 'kecamatan', 'temon', 'kulon', 'progo']",Bahari,bahari,bahari,['bahari'],5000.0,4.1,120.0,-7.8933459,110.0198257,0.0,0.0,0.0,0.82,,bahari,4,5000.0,112,0,1
dataset2,418,Hutan Pinus Mangunan Dlingo,hutan pinus mangunan dlingo,hutan pinus mangunan dlingo,"['hutan', 'pinus', 'mangunan', 'dlingo']",hutan pinus mangunan yang ada di jogja bisa menjadi destinasi hutan yang tepat disana banyak terdapat pepohonan yang tinggi menjulang yang dikenal dengan nama pinus merkusi nggak heran deh kalau banyak wisatawan yang merasa kepincut dengan objek wisata ini sebab kesejukan dan keindahan pemandangannya benar benar mempesona mata,hutan pinus mangunan yang ada di jogja bisa menjadi destinasi hutan yang tepat disana banyak terdapat pepohonan yang tinggi menjulang yang dikenal dengan nama pinus merkusi nggak heran deh kalau banyak wisatawan yang merasa kepincut dengan objek wisata ini sebab kesejukan dan keindahan pemandangannya benar benar mempesona mata,hutan pinus mangunan yang ada di jogja bisa menjadi destinasi hutan yang tepat disana banyak terdapat pepohonan yang tinggi menjulang yang dikenal dengan nama pinus merkusi nggak heran deh kalau banyak wisatawan yang merasa kepincut dengan objek wisata ini sebab kesejukan dan keindahan pemandangannya benar benar mempesona mata,"['hutan', 'pinus', 'mangunan', 'yang', 'ada', 'jogja', 'bisa', 'menjadi', 'destinasi', 'hutan', 'yang', 'tepat', 'disana', 'banyak', 'terdapat', 'pepohonan', 'yang', 'tinggi', 'menjulang', 'yang', 'dikenal', 'dengan', 'nama', 'pinus', 'merkusi', 'nggak', 'heran', 'deh', 'kalau', 'banyak', 'wisatawan', 'yang', 'merasa', 'kepincut', 'dengan', 'objek', 'wisata', 'ini', 'sebab', 'kesejukan', 'dan', 'keindahan', 'pemandangannya', 'benar', 'benar', 'mempesona', 'mata']",Alam,alam,alam,['alam'],0.0,4.6,,-7.9267837,110.4319967,18271.0,3000.0,3000.0,0.92,0.0021739130434782,cagar alam,1,3000.0,113,0,1
dataset2,436,Jati Meranggas,jati meranggas,jati meranggas,"['jati', 'meranggas']",pohon jati tua yang menjadi simbol kekuatan dan ketahanan sering dikunjungi untuk wisata alam dan edukasi,pohon jati tua yang menjadi simbol kekuatan dan ketahanan sering dikunjungi untuk wisata alam dan edukasi,pohon jati tua yang menjadi simbol kekuatan dan ketahanan sering dikunjungi untuk wisata alam dan edukasi,"['pohon', 'jati', 'tua', 'yang', 'menjadi', 'simbol', 'kekuatan', 'dan', 'ketahanan', 'sering', 'dikunjungi', 'untuk', 'wisata', 'alam', 'dan', 'edukasi']",Alam,alam,alam,['alam'],0.0,4.5,,-7.8588559,110.4438313,2.0,7500.0,7500.0,0.9,0.0054347826086956,cagar alam,1,7500.0,114,0,1
dataset2,317,Jatirejo Village Tour : Local Life Discovery,jatirejo village tour local life discovery,jatirejo village tour local life discovery,"['jatirejo', 'village', 'tour', 'local', 'life', 'discovery']",tur desa yang menawarkan pengalaman langsung kehidupan masyarakat lokal termasuk kegiatan pertanian dan kerajinan,tur desa yang menawarkan pengalaman langsung kehidupan masyarakat lokal termasuk kegiatan pertanian dan kerajinan,tur desa yang menawarkan pengalaman langsung kehidupan masyarakat lokal termasuk kegiatan pertanian dan kerajinan,"['tur', 'desa', 'yang', 'menawarkan', 'pengalaman', 'langsung', 'kehidupan', 'masyarakat', 'lokal', 'termasuk', 'kegiatan', 'pertanian', 'dan', 'kerajinan']",Agrowisata,agrowisata,agrowisata,['agrowisata'],0.0,5.0,,-7.7343679,110.3717056,2.0,5000.0,5000.0,1.0,0.0036231884057971,lainnya,7,5000.0,115,0,1
dataset2,211,Jembatan Diro,jembatan diro,jembatan diro,"['jembatan', 'diro']",jembatan gantung dengan latar pemandangan sungai dan perbukitan yang fotogenik cocok untuk wisata alam dan swafoto,jembatan gantung dengan latar pemandangan sungai dan perbukitan yang fotogenik cocok untuk wisata alam dan swafoto,jembatan gantung dengan latar pemandangan sungai dan perbukitan yang fotogenik cocok untuk wisata alam dan swafoto,"['jembatan', 'gantung', 'dengan', 'latar', 'pemandangan', 'sungai', 'dan', 'perbukitan', 'yang', 'fotogenik', 'cocok', 'untuk', 'wisata', 'alam', 'dan', 'swafoto']",Buatan,buatan,buatan,['buatan'],0.0,5.0,,-7.73769,110.2342277,1.0,15000.0,15000.0,1.0,0.0108695652173913,taman hiburan,3,15000.0,116,1,1
dataset2,114,Jetis Monument,jetis monument,jetis monument,"['jetis', 'monument']",tugu bersejarah yang memperingati perjuangan masyarakat jetis di masa penjajahan,tugu bersejarah yang memperingati perjuangan masyarakat jetis di masa penjajahan,tugu bersejarah yang memperingati perjuangan masyarakat jetis di masa penjajahan,"['tugu', 'bersejarah', 'yang', 'memperingati', 'perjuangan', 'masyarakat', 'jetis', 'masa', 'penjajahan']",Buatan,buatan,buatan,['buatan'],0.0,4.2,,-7.8273402,110.3253528,128.0,15000.0,15000.0,0.8400000000000001,0.0108695652173913,taman hiburan,3,15000.0,117,1,1
dataset2,320,Jipangan Tourism Village,jipangan tourism village,jipangan tourism village,"['jipangan', 'tourism', 'village']",desa wisata yang menawarkan budaya pertanian dan atraksi kesenian lokal,desa wisata yang menawarkan budaya pertanian dan atraksi kesenian lokal,desa wisata yang menawarkan budaya pertanian dan atraksi kesenian lokal,"['desa', 'wisata', 'yang', 'menawarkan', 'budaya', 'pertanian', 'dan', 'atraksi', 'kesenian', 'lokal']",Wisata Air,wisata air,wisata air,"['wisata', 'air']",0.0,4.4,,-7.8548212,110.3277628,127.0,4000.0,4000.0,0.8800000000000001,0.0028985507246376,wisata air,5,4000.0,118,0,1
dataset1,138,Jogja Exotarium,jogja exotarium,jogja exotarium,"['jogja', 'exotarium']","Di Yogyakarta, tepatnya di Sleman, ada satu tempat wisata edukasi yang patut dikunjungi. Namanya adalah Jogja Exotarium — terdengar unik, kan? Namun sebenarnya, tempat ini merupakan taman hewan berskala kecil. Koleksi hewannya beragam dan bisa diajak berinteraksi secara langsung","di yogyakarta, tepatnya di sleman, ada satu tempat wisata edukasi yang patut dikunjungi. namanya adalah jogja exotarium terdengar unik, kan namun sebenarnya, tempat ini merupakan taman hewan berskala kecil. koleksi hewannya beragam dan bisa diajak berinteraksi secara langsung",di yogyakarta tepatnya di sleman ada satu tempat wisata edukasi yang patut dikunjungi namanya adalah jogja exotarium terdengar unik kan namun sebenarnya tempat ini merupakan taman hewan berskala kecil koleksi hewannya beragam dan bisa diajak berinteraksi secara langsung,"['yogyakarta', 'tepatnya', 'sleman', 'ada', 'satu', 'tempat', 'wisata', 'edukasi', 'yang', 'patut', 'dikunjungi', 'namanya', 'adalah', 'jogja', 'exotarium', 'terdengar', 'unik', 'kan', 'namun', 'sebenarnya', 'tempat', 'ini', 'merupakan', 'taman', 'hewan', 'berskala', 'kecil', 'koleksi', 'hewannya', 'beragam', 'dan', 'bisa', 'diajak', 'berinteraksi', 'secara', 'langsung']",Taman Hiburan,taman hiburan,taman hiburan,"['taman', 'hiburan']",20000.0,4.4,120.0,-7.7280356,110.3591712,0.0,0.0,0.0,0.8800000000000001,,taman hiburan,3,20000.0,119,1,1
dataset2,356,JOGJA TREVELING,jogja treveling,jogja treveling,"['jogja', 'treveling']",penyedia layanan paket wisata di yogyakarta yang menawarkan berbagai destinasi menarik dengan harga terjangkau,penyedia layanan paket wisata di yogyakarta yang menawarkan berbagai destinasi menarik dengan harga terjangkau,penyedia layanan paket wisata di yogyakarta yang menawarkan berbagai destinasi menarik dengan harga terjangkau,"['penyedia', 'layanan', 'paket', 'wisata', 'yogyakarta', 'yang', 'menawarkan', 'berbagai', 'destinasi', 'menarik', 'dengan', 'harga', 'terjangkau']",Agrowisata,agrowisata,agrowisata,['agrowisata'],0.0,4.9,,-7.7654126,110.3422458,43.0,350000.0,350000.0,0.98,0.2536231884057971,lainnya,7,350000.0,120,0,1
dataset2,291,Kali Gede Banyumeneng,kali gede banyumeneng,kali gede banyumeneng,"['kali', 'gede', 'banyumeneng']",wisata sungai alami dengan air jernih dan suasana tenang cocok untuk river tubing dan piknik santai,wisata sungai alami dengan air jernih dan suasana tenang cocok untuk river tubing dan piknik santai,wisata sungai alami dengan air jernih dan suasana tenang cocok untuk river tubing dan piknik santai,"['wisata', 'sungai', 'alami', 'dengan', 'air', 'jernih', 'dan', 'suasana', 'tenang', 'cocok', 'untuk', 'river', 'tubing', 'dan', 'piknik', 'santai']",Wisata Air,wisata air,wisata air,"['wisata', 'air']",0.0,4.0,,-7.9909547,110.4022933,1.0,0.0,0.0,0.8,0.0,wisata air,5,0.0,121,0,1
dataset2,268,Kalinampu Natural Park,kalinampu natural park,kalinampu natural park,"['kalinampu', 'natural', 'park']",taman alam di bantul yang menawarkan pemandangan bunga eceng gondok dan suasana mirip jepang cocok untuk berfoto dan rekreasi keluarga,taman alam di bantul yang menawarkan pemandangan bunga eceng gondok dan suasana mirip jepang cocok untuk berfoto dan rekreasi keluarga,taman alam di bantul yang menawarkan pemandangan bunga eceng gondok dan suasana mirip jepang cocok untuk berfoto dan rekreasi keluarga,"['taman', 'alam', 'bantul', 'yang', 'menawarkan', 'pemandangan', 'bunga', 'eceng', 'gondok', 'dan', 'suasana', 'mirip', 'jepang', 'cocok', 'untuk', 'berfoto', 'dan', 'rekreasi', 'keluarga']",Buatan,buatan,buatan,['buatan'],0.0,4.2,,-7.968594,110.3473611,49.0,5000.0,5000.0,0.8400000000000001,0.0036231884057971,taman hiburan,3,5000.0,122,1,1
dataset1,123,Kampung Wisata Rejowinangun,kampung wisata rejowinangun,kampung wisata rejowinangun,"['kampung', 'wisata', 'rejowinangun']","Kampung wisata Rejowinangun terletak di Kelurahan rejowinangun, Kecamatan Kotagede, Kota Yogyakarta tepatnya sebelah selatan Kebun binatang Gembiraloka. Kampung wisata ini telah dirintis sejak tahun 2010 dan dengan kerjasama seluruh elemen masyarakat, pada tanggal 04 Oktober 2013 oleh Kepala dinas Pariwisata Kota Yogyakarta, Kampung Wisata Rejowinangun diresmikan. Kelurahan Rejowinangun merupakan satu kelurahan dari tiga kelurahan yang ada di Kecamatan Kotagede, sebuah kecamatan diujung timur Kota Yogyakarta yang terkenal dengan perak dan bekas kerajaan Mataram. Kelurahan Rejowinangun memiliki banyak potensi yang jika dikembangkan sungguh akan sangat luar biasa, meskpun saat ini yang terkenal baru Kebun Raya Kebun Binatang (KRKB) Gembiraloka yang lokasinya berada di wilayah Kelurahan Rejowinangun. Dengan adanya tempat wisata KRKB Gembiraloka di wilayah ini, berusaha mengembangkan wilayah kelurahan dengan potensi yang ada sehingga wisatawan selain mengunjungi Gembiraloka bisa singgah di kampung wisata ini.","kampung wisata rejowinangun terletak di kelurahan rejowinangun, kecamatan kotagede, kota yogyakarta tepatnya sebelah selatan kebun binatang gembiraloka. kampung wisata ini telah dirintis sejak tahun 2010 dan dengan kerjasama seluruh elemen masyarakat, pada tanggal 04 oktober 2013 oleh kepala dinas pariwisata kota yogyakarta, kampung wisata rejowinangun diresmikan. kelurahan rejowinangun merupakan satu kelurahan dari tiga kelurahan yang ada di kecamatan kotagede, sebuah kecamatan diujung timur kota yogyakarta yang terkenal dengan perak dan bekas kerajaan mataram. kelurahan rejowinangun memiliki banyak potensi yang jika dikembangkan sungguh akan sangat luar biasa, meskpun saat ini yang terkenal baru kebun raya kebun binatang krkb gembiraloka yang lokasinya berada di wilayah kelurahan rejowinangun. dengan adanya tempat wisata krkb gembiraloka di wilayah ini, berusaha mengembangkan wilayah kelurahan dengan potensi yang ada sehingga wisatawan selain mengunjungi gembiraloka bisa singgah di kampung wisata ini.",kampung wisata rejowinangun terletak di kelurahan rejowinangun kecamatan kotagede kota yogyakarta tepatnya sebelah selatan kebun binatang gembiraloka kampung wisata ini telah dirintis sejak tahun 2010 dan dengan kerjasama seluruh elemen masyarakat pada tanggal 04 oktober 2013 oleh kepala dinas pariwisata kota yogyakarta kampung wisata rejowinangun diresmikan kelurahan rejowinangun merupakan satu kelurahan dari tiga kelurahan yang ada di kecamatan kotagede sebuah kecamatan diujung timur kota yogyakarta yang terkenal dengan perak dan bekas kerajaan mataram kelurahan rejowinangun memiliki banyak potensi yang jika dikembangkan sungguh akan sangat luar biasa meskpun saat ini yang terkenal baru kebun raya kebun binatang krkb gembiraloka yang lokasinya berada di wilayah kelurahan rejowinangun dengan adanya tempat wisata krkb gembiraloka di wilayah ini berusaha mengembangkan wilayah kelurahan dengan potensi yang ada sehingga wisatawan selain mengunjungi gembiraloka bisa singgah di kampung wisata ini,"['kampung', 'wisata', 'rejowinangun', 'terletak', 'kelurahan', 'rejowinangun', 'kecamatan', 'kotagede', 'kota', 'yogyakarta', 'tepatnya', 'sebelah', 'selatan', 'kebun', 'binatang', 'gembiraloka', 'kampung', 'wisata', 'ini', 'telah', 'dirintis', 'sejak', 'tahun', '2010', 'dan', 'dengan', 'kerjasama', 'seluruh', 'elemen', 'masyarakat', 'pada', 'tanggal', 'oktober', '2013', 'oleh', 'kepala', 'dinas', 'pariwisata', 'kota', 'yogyakarta', 'kampung', 'wisata', 'rejowinangun', 'diresmikan', 'kelurahan', 'rejowinangun', 'merupakan', 'satu', 'kelurahan', 'dari', 'tiga', 'kelurahan', 'yang', 'ada', 'kecamatan', 'kotagede', 'sebuah', 'kecamatan', 'diujung', 'timur', 'kota', 'yogyakarta', 'yang', 'terkenal', 'dengan', 'perak', 'dan', 'bekas', 'kerajaan', 'mataram', 'kelurahan', 'rejowinangun', 'memiliki', 'banyak', 'potensi', 'yang', 'jika', 'dikembangkan', 'sungguh', 'akan', 'sangat', 'luar', 'biasa', 'meskpun', 'saat', 'ini', 'yang', 'terkenal', 'baru', 'kebun', 'raya', 'kebun', 'binatang', 'krkb', 'gembiraloka', 'yang', 'lokasinya', 'berada', 'wilayah', 'kelurahan', 'rejowinangun', 'dengan', 'adanya', 'tempat', 'wisata', 'krkb', 'gembiraloka', 'wilayah', 'ini', 'berusaha', 'mengembangkan', 'wilayah', 'kelurahan', 'dengan', 'potensi', 'yang', 'ada', 'sehingga', 'wisatawan', 'selain', 'mengunjungi', 'gembiraloka', 'bisa', 'singgah', 'kampung', 'wisata', 'ini']",Budaya,budaya,budaya,['budaya'],0.0,4.3,,-7.8152776,110.3988359,0.0,0.0,0.0,0.86,,budaya,2,0.0,123,1,0
dataset2,473,Kampung Wisata Tanen | KAWITAN,kampung wisata tanen kawitan,kampung wisata tanen kawitan,"['kampung', 'wisata', 'tanen', 'kawitan']",kampung yang memadukan pertanian seni tradisional dan ekowisata dalam satu tempat,kampung yang memadukan pertanian seni tradisional dan ekowisata dalam satu tempat,kampung yang memadukan pertanian seni tradisional dan ekowisata dalam satu tempat,"['kampung', 'yang', 'memadukan', 'pertanian', 'seni', 'tradisional', 'dan', 'ekowisata', 'dalam', 'satu', 'tempat']",Agrowisata,agrowisata,agrowisata,['agrowisata'],0.0,4.4,,-7.6270688,110.4201728,80.0,0.0,0.0,0.8800000000000001,0.0,lainnya,7,0.0,124,0,1
dataset2,452,Karangtengah Tourism Village,karangtengah tourism village,karangtengah tourism village,"['karangtengah', 'tourism', 'village']",desa wisata dengan pesona pedesaan dan aktivitas seperti membatik berkebun dan membuat jajanan tradisional,desa wisata dengan pesona pedesaan dan aktivitas seperti membatik berkebun dan membuat jajanan tradisional,desa wisata dengan pesona pedesaan dan aktivitas seperti membatik berkebun dan membuat jajanan tradisional,"['desa', 'wisata', 'dengan', 'pesona', 'pedesaan', 'dan', 'aktivitas', 'seperti', 'membatik', 'berkebun', 'dan', 'membuat', 'jajanan', 'tradisional']",Agrowisata,agrowisata,agrowisata,['agrowisata'],0.0,4.3,,-7.9376732,110.3819417,236.0,30000.0,30000.0,0.86,0.0217391304347826,lainnya,7,30000.0,125,0,1
dataset2,31,Kawasan Pantai Baron,kawasan pantai baron,kawasan pantai baron,"['kawasan', 'pantai', 'baron']",objek wisata pantai baron merupakan pantai yang membentuk cekungan seperti pantai lainnya di pantai baron tersedia aneka ikan laut beserta olahannya ikan yang biasanya dijual di pantai baron adalah udang windu kakap bawal putih dan tongkol pantai baron memiliki fasilitas berupa tempat pelelangan ikan wahana permainan anak anak perahu bermesin dan toko cenderamata buah sirkaya pisang tanduk sirsak dan berbagai macam cenderamata yang terbuat dari kerang laut,objek wisata pantai baron merupakan pantai yang membentuk cekungan seperti pantai lainnya di pantai baron tersedia aneka ikan laut beserta olahannya ikan yang biasanya dijual di pantai baron adalah udang windu kakap bawal putih dan tongkol pantai baron memiliki fasilitas berupa tempat pelelangan ikan wahana permainan anak anak perahu bermesin dan toko cenderamata buah sirkaya pisang tanduk sirsak dan berbagai macam cenderamata yang terbuat dari kerang laut,objek wisata pantai baron merupakan pantai yang membentuk cekungan seperti pantai lainnya di pantai baron tersedia aneka ikan laut beserta olahannya ikan yang biasanya dijual di pantai baron adalah udang windu kakap bawal putih dan tongkol pantai baron memiliki fasilitas berupa tempat pelelangan ikan wahana permainan anak anak perahu bermesin dan toko cenderamata buah sirkaya pisang tanduk sirsak dan berbagai macam cenderamata yang terbuat dari kerang laut,"['objek', 'wisata', 'pantai', 'baron', 'merupakan', 'pantai', 'yang', 'membentuk', 'cekungan', 'seperti', 'pantai', 'lainnya', 'pantai', 'baron', 'tersedia', 'aneka', 'ikan', 'laut', 'beserta', 'olahannya', 'ikan', 'yang', 'biasanya', 'dijual', 'pantai', 'baron', 'adalah', 'udang', 'windu', 'kakap', 'bawal', 'putih', 'dan', 'tongkol', 'pantai', 'baron', 'memiliki', 'fasilitas', 'berupa', 'tempat', 'pelelangan', 'ikan', 'wahana', 'permainan', 'anak', 'anak', 'perahu', 'bermesin', 'dan', 'toko', 'cenderamata', 'buah', 'sirkaya', 'pisang', 'tanduk', 'sirsak', 'dan', 'berbagai', 'macam', 'cenderamata', 'yang', 'terbuat', 'dari', 'kerang', 'laut']",Alam,alam,alam,['alam'],0.0,4.4,,-8.1288246,110.5487763,1698.0,10000.0,10000.0,0.8800000000000001,0.0072463768115942,cagar alam,1,10000.0,126,0,1
dataset2,218,Kedung Pengilon,kedung pengilon,kedung pengilon,"['kedung', 'pengilon']",air terjun kecil dengan kolam alami berair jernih yang berada di tengah pedesaan tempat ini cocok untuk berenang piknik atau healing sambil menikmati suara alam yang menenangkan,air terjun kecil dengan kolam alami berair jernih yang berada di tengah pedesaan tempat ini cocok untuk berenang piknik atau healing sambil menikmati suara alam yang menenangkan,air terjun kecil dengan kolam alami berair jernih yang berada di tengah pedesaan tempat ini cocok untuk berenang piknik atau healing sambil menikmati suara alam yang menenangkan,"['air', 'terjun', 'kecil', 'dengan', 'kolam', 'alami', 'berair', 'jernih', 'yang', 'berada', 'tengah', 'pedesaan', 'tempat', 'ini', 'cocok', 'untuk', 'berenang', 'piknik', 'atau', 'healing', 'sambil', 'menikmati', 'suara', 'alam', 'yang', 'menenangkan']",Buatan,buatan,buatan,['buatan'],0.0,4.0,,-7.8560863,110.288863,412.0,0.0,0.0,0.8,0.0,taman hiburan,3,0.0,127,1,1
dataset2,309,Kedung Tolok,kedung tolok,kedung tolok,"['kedung', 'tolok']",kolam alami yang terbentuk dari aliran sungai cocok untuk bermain air dan bersantai di suasana alami yang masih asri,kolam alami yang terbentuk dari aliran sungai cocok untuk bermain air dan bersantai di suasana alami yang masih asri,kolam alami yang terbentuk dari aliran sungai cocok untuk bermain air dan bersantai di suasana alami yang masih asri,"['kolam', 'alami', 'yang', 'terbentuk', 'dari', 'aliran', 'sungai', 'cocok', 'untuk', 'bermain', 'air', 'dan', 'bersantai', 'suasana', 'alami', 'yang', 'masih', 'asri']",Wisata Air,wisata air,wisata air,"['wisata', 'air']",0.0,4.3,,-7.9632346,110.3838152,223.0,0.0,0.0,0.86,0.0,wisata air,5,0.0,128,0,1
dataset2,130,Kids Fun - Arung Jeram,kids fun arung jeram,kids fun arung jeram,"['kids', 'fun', 'arung', 'jeram']",aktivitas arung jeram yang menyenangkan dan penuh tantangan cocok untuk anak anak dan keluarga,aktivitas arung jeram yang menyenangkan dan penuh tantangan cocok untuk anak anak dan keluarga,aktivitas arung jeram yang menyenangkan dan penuh tantangan cocok untuk anak anak dan keluarga,"['aktivitas', 'arung', 'jeram', 'yang', 'menyenangkan', 'dan', 'penuh', 'tantangan', 'cocok', 'untuk', 'anak', 'anak', 'dan', 'keluarga']",Buatan,buatan,buatan,['buatan'],0.0,4.4,,-7.8285622,110.4412651,26.0,25000.0,25000.0,0.8800000000000001,0.0181159420289855,taman hiburan,3,25000.0,129,1,1
dataset2,135,Lapangan Reklamasi Ngentak,lapangan reklamasi ngentak,lapangan reklamasi ngentak,"['lapangan', 'reklamasi', 'ngentak']",tempat ibadah yang disediakan bagi pengunjung kawasan candi prambanan menjaga kenyamanan beribadah,tempat ibadah yang disediakan bagi pengunjung kawasan candi prambanan menjaga kenyamanan beribadah,tempat ibadah yang disediakan bagi pengunjung kawasan candi prambanan menjaga kenyamanan beribadah,"['tempat', 'ibadah', 'yang', 'disediakan', 'bagi', 'pengunjung', 'kawasan', 'candi', 'prambanan', 'menjaga', 'kenyamanan', 'beribadah']",Agrowisata,agrowisata,agrowisata,['agrowisata'],0.0,5.0,,-7.7129217,110.3384292,4.0,0.0,0.0,1.0,0.0,lainnya,7,0.0,130,0,1
dataset2,464,Lava Merapi and Alien Stone,lava merapi and alien stone,lava merapi and alien stone,"['lava', 'merapi', 'and', 'alien', 'stone']",lava tour merapi bisa menjadi pilihan aktivitas wisata ketika berlibur di yogyakarta lava tour merapi adalah istilah untuk tur wisata kawasan terdampak erupsi gunung merapi tahun tur yang dimaksud saat ini merupakan tur menggunakan mobil jenis jeep kegiatan tur meliputi kunjungan ke sejumlah titik yang terkena dampak langsung erupsi lava tour merapi ditawarkan sebagai aneka pilihan paket wisata paket paket ini dibanderol dengan harga yang beragam setiap paket sudah termasuk tiket masuk untuk sejumlah titik pemberhentian paket wisata ini bisa menampung rombongan sehingga cocok untuk dijajal sebagai liburan keluarga atau bersama teman,lava tour merapi bisa menjadi pilihan aktivitas wisata ketika berlibur di yogyakarta lava tour merapi adalah istilah untuk tur wisata kawasan terdampak erupsi gunung merapi tahun tur yang dimaksud saat ini merupakan tur menggunakan mobil jenis jeep kegiatan tur meliputi kunjungan ke sejumlah titik yang terkena dampak langsung erupsi lava tour merapi ditawarkan sebagai aneka pilihan paket wisata paket paket ini dibanderol dengan harga yang beragam setiap paket sudah termasuk tiket masuk untuk sejumlah titik pemberhentian paket wisata ini bisa menampung rombongan sehingga cocok untuk dijajal sebagai liburan keluarga atau bersama teman,lava tour merapi bisa menjadi pilihan aktivitas wisata ketika berlibur di yogyakarta lava tour merapi adalah istilah untuk tur wisata kawasan terdampak erupsi gunung merapi tahun tur yang dimaksud saat ini merupakan tur menggunakan mobil jenis jeep kegiatan tur meliputi kunjungan ke sejumlah titik yang terkena dampak langsung erupsi lava tour merapi ditawarkan sebagai aneka pilihan paket wisata paket paket ini dibanderol dengan harga yang beragam setiap paket sudah termasuk tiket masuk untuk sejumlah titik pemberhentian paket wisata ini bisa menampung rombongan sehingga cocok untuk dijajal sebagai liburan keluarga atau bersama teman,"['lava', 'tour', 'merapi', 'bisa', 'menjadi', 'pilihan', 'aktivitas', 'wisata', 'ketika', 'berlibur', 'yogyakarta', 'lava', 'tour', 'merapi', 'adalah', 'istilah', 'untuk', 'tur', 'wisata', 'kawasan', 'terdampak', 'erupsi', 'gunung', 'merapi', 'tahun', 'tur', 'yang', 'dimaksud', 'saat', 'ini', 'merupakan', 'tur', 'menggunakan', 'mobil', 'jenis', 'jeep', 'kegiatan', 'tur', 'meliputi', 'kunjungan', 'sejumlah', 'titik', 'yang', 'terkena', 'dampak', 'langsung', 'erupsi', 'lava', 'tour', 'merapi', 'ditawarkan', 'sebagai', 'aneka', 'pilihan', 'paket', 'wisata', 'paket', 'paket', 'ini', 'dibanderol', 'dengan', 'harga', 'yang', 'beragam', 'setiap', 'paket', 'sudah', 'termasuk', 'tiket', 'masuk', 'untuk', 'sejumlah', 'titik', 'pemberhentian', 'paket', 'wisata', 'ini', 'bisa', 'menampung', 'rombongan', 'sehingga', 'cocok', 'untuk', 'dijajal', 'sebagai', 'liburan', 'keluarga', 'atau', 'bersama', 'teman']",Alam,alam,alam,['alam'],0.0,4.5,,-7.6023375,110.4552585,8111.0,350000.0,350000.0,0.9,0.2536231884057971,cagar alam,1,350000.0,131,0,1
dataset2,348,Lava Tour Merapi,lava tour merapi,lava tour merapi,"['lava', 'tour', 'merapi']",wisata jeep menyusuri jalur bekas letusan merapi dengan cerita sejarah dan edukasi geologi,wisata jeep menyusuri jalur bekas letusan merapi dengan cerita sejarah dan edukasi geologi,wisata jeep menyusuri jalur bekas letusan merapi dengan cerita sejarah dan edukasi geologi,"['wisata', 'jeep', 'menyusuri', 'jalur', 'bekas', 'letusan', 'merapi', 'dengan', 'cerita', 'sejarah', 'dan', 'edukasi', 'geologi']",Alam,alam,alam,['alam'],0.0,4.8,,-7.7531441,110.3473714,67.0,350000.0,350000.0,0.96,0.2536231884057971,cagar alam,1,350000.0,132,0,1
dataset2,495,LAVA TOUR MERAPI PM ADVENTURE,lava tour merapi pm adventure,lava tour merapi pm adventure,"['lava', 'tour', 'merapi', 'adventure']",wisata jeep menyusuri bekas erupsi merapi seru dan penuh wawasan geologis,wisata jeep menyusuri bekas erupsi merapi seru dan penuh wawasan geologis,wisata jeep menyusuri bekas erupsi merapi seru dan penuh wawasan geologis,"['wisata', 'jeep', 'menyusuri', 'bekas', 'erupsi', 'merapi', 'seru', 'dan', 'penuh', 'wawasan', 'geologis']",Agrowisata,agrowisata,agrowisata,['agrowisata'],0.0,5.0,,-7.6133163,110.4264733,9.0,250000.0,300000.0,1.0,0.181159420289855,lainnya,7,250000.0,133,0,1
dataset2,280,Luweng Mendur,luweng mendur,luweng mendur,"['luweng', 'mendur']",goa vertikal alami yang eksotis dan penuh tantangan cocok untuk penggemar kegiatan susur goa dan fotografi alam,goa vertikal alami yang eksotis dan penuh tantangan cocok untuk penggemar kegiatan susur goa dan fotografi alam,goa vertikal alami yang eksotis dan penuh tantangan cocok untuk penggemar kegiatan susur goa dan fotografi alam,"['goa', 'vertikal', 'alami', 'yang', 'eksotis', 'dan', 'penuh', 'tantangan', 'cocok', 'untuk', 'penggemar', 'kegiatan', 'susur', 'goa', 'dan', 'fotografi', 'alam']",Agrowisata,agrowisata,agrowisata,['agrowisata'],0.0,5.0,,-8.02129,110.36932,1.0,0.0,0.0,1.0,0.0,lainnya,7,0.0,134,0,1
dataset2,508,MANGGALIA INDAH,manggalia indah,manggalia indah,"['manggalia', 'indah']",tempat wisata modern keluarga dengan fasilitas hiburan dan kuliner yang nyaman,tempat wisata modern keluarga dengan fasilitas hiburan dan kuliner yang nyaman,tempat wisata modern keluarga dengan fasilitas hiburan dan kuliner yang nyaman,"['tempat', 'wisata', 'modern', 'keluarga', 'dengan', 'fasilitas', 'hiburan', 'dan', 'kuliner', 'yang', 'nyaman']",Agrowisata,agrowisata,agrowisata,['agrowisata'],0.0,3.9,,-7.5915194,110.5074483,80.0,15000.0,15000.0,0.78,0.0108695652173913,lainnya,7,15000.0,135,0,1
dataset2,195,Mates Landscape,mates landscape,mates landscape,"['mates', 'landscape']",lanskap taman alami yang menawarkan spot foto instagenik dengan latar alam pegunungan dan persawahan,lanskap taman alami yang menawarkan spot foto instagenik dengan latar alam pegunungan dan persawahan,lanskap taman alami yang menawarkan spot foto instagenik dengan latar alam pegunungan dan persawahan,"['lanskap', 'taman', 'alami', 'yang', 'menawarkan', 'spot', 'foto', 'instagenik', 'dengan', 'latar', 'alam', 'pegunungan', 'dan', 'persawahan']",Agrowisata,agrowisata,agrowisata,['agrowisata'],0.0,4.8,,-7.8354971,110.278055,8.0,0.0,0.0,0.96,0.0,lainnya,7,0.0,136,0,1
dataset2,494,Monumen Deles Indah,monumen deles indah,monumen deles indah,"['monumen', 'deles', 'indah']",monumen yang terletak di kawasan deles menawarkan pemandangan alam dan sejarah lokal,monumen yang terletak di kawasan deles menawarkan pemandangan alam dan sejarah lokal,monumen yang terletak di kawasan deles menawarkan pemandangan alam dan sejarah lokal,"['monumen', 'yang', 'terletak', 'kawasan', 'deles', 'menawarkan', 'pemandangan', 'alam', 'dan', 'sejarah', 'lokal']",Budaya_Dan_Sejarah,budaya dan sejarah,budaya dan sejarah,"['budaya', 'dan', 'sejarah']",0.0,5.0,,-7.572719,110.467008,2.0,9500.0,9500.0,1.0,0.0068840579710144,budaya,2,9500.0,137,1,0
dataset2,69,Monumen Perjuangan TNI AU,monumen perjuangan tni au,monumen perjuangan tni au,"['monumen', 'perjuangan', 'tni']",monumen ini merupakan simbol penghormatan atas perjuangan tentara nasional indonesia angkatan udara dalam mempertahankan kedaulatan negara terletak di kompleks lanud adisutjipto monumen ini menyuguhkan koleksi pesawat tempur bersejarah serta dokumentasi perjuangan tni au tempat ini cocok untuk wisata edukatif sekaligus menumbuhkan rasa nasionalisme,monumen ini merupakan simbol penghormatan atas perjuangan tentara nasional indonesia angkatan udara dalam mempertahankan kedaulatan negara terletak di kompleks lanud adisutjipto monumen ini menyuguhkan koleksi pesawat tempur bersejarah serta dokumentasi perjuangan tni au tempat ini cocok untuk wisata edukatif sekaligus menumbuhkan rasa nasionalisme,monumen ini merupakan simbol penghormatan atas perjuangan tentara nasional indonesia angkatan udara dalam mempertahankan kedaulatan negara terletak di kompleks lanud adisutjipto monumen ini menyuguhkan koleksi pesawat tempur bersejarah serta dokumentasi perjuangan tni au tempat ini cocok untuk wisata edukatif sekaligus menumbuhkan rasa nasionalisme,"['monumen', 'ini', 'merupakan', 'simbol', 'penghormatan', 'atas', 'perjuangan', 'tentara', 'nasional', 'indonesia', 'angkatan', 'udara', 'dalam', 'mempertahankan', 'kedaulatan', 'negara', 'terletak', 'kompleks', 'lanud', 'adisutjipto', 'monumen', 'ini', 'menyuguhkan', 'koleksi', 'pesawat', 'tempur', 'bersejarah', 'serta', 'dokumentasi', 'perjuangan', 'tni', 'tempat', 'ini', 'cocok', 'untuk', 'wisata', 'edukatif', 'sekaligus', 'menumbuhkan', 'rasa', 'nasionalisme']",Budaya_Dan_Sejarah,budaya dan sejarah,budaya dan sejarah,"['budaya', 'dan', 'sejarah']",0.0,4.5,,-7.8407981,110.3764617,748.0,6000.0,6000.0,0.9,0.0043478260869565,budaya,2,6000.0,138,1,0
dataset2,68,Museum Factory Dan Kedai Chocolate Monggo,museum factory dan kedai chocolate monggo,museum factory dan kedai chocolate monggo,"['museum', 'factory', 'dan', 'kedai', 'chocolate', 'monggo']",disini wisatawan dapat belajar mengenai budaya dan sejarah cokelat melihat langsung pembuatan cokelat di pabrik dan langsung bisa mempraktekkan membuat cokelat cokelat monggo ini dibuat dari warga negara belgia yang terinspirasi karena rasa rindunya akan rasa cokelat belgia,disini wisatawan dapat belajar mengenai budaya dan sejarah cokelat melihat langsung pembuatan cokelat di pabrik dan langsung bisa mempraktekkan membuat cokelat cokelat monggo ini dibuat dari warga negara belgia yang terinspirasi karena rasa rindunya akan rasa cokelat belgia,disini wisatawan dapat belajar mengenai budaya dan sejarah cokelat melihat langsung pembuatan cokelat di pabrik dan langsung bisa mempraktekkan membuat cokelat cokelat monggo ini dibuat dari warga negara belgia yang terinspirasi karena rasa rindunya akan rasa cokelat belgia,"['disini', 'wisatawan', 'dapat', 'belajar', 'mengenai', 'budaya', 'dan', 'sejarah', 'cokelat', 'melihat', 'langsung', 'pembuatan', 'cokelat', 'pabrik', 'dan', 'langsung', 'bisa', 'mempraktekkan', 'membuat', 'cokelat', 'cokelat', 'monggo', 'ini', 'dibuat', 'dari', 'warga', 'negara', 'belgia', 'yang', 'terinspirasi', 'karena', 'rasa', 'rindunya', 'akan', 'rasa', 'cokelat', 'belgia']",Agrowisata,agrowisata,agrowisata,['agrowisata'],0.0,4.6,,-7.8408737,110.298431,1704.0,15000.0,15000.0,0.92,0.0108695652173913,lainnya,7,15000.0,139,0,1
dataset2,51,Museum HM Soeharto,museum hm soeharto,museum hm soeharto,"['museum', 'soeharto']",museum soeharto adalah adalah bangunan berbudaya dan sejarah berbentuk museum yang menyimpan memoar dan peninggalan peninggalan jenderal besar tni soeharto yang diresmikan pada tahun museum ini berdiri di atas tanah milik soeharto yang terletak di dusun kemusuk lor desa argomulyo kecamatan sedayu kabupaten bantul daerah istimewa yogyakarta di dalam memorial ini terdapat sebuah bangunan joglo besar di pusat lokasi rumah kakek buyut pak harto yaitu notosudiro terdapat juga barang barang peninggalan diorama budaya dan sejarah kehidupan pak harto dokumen arsip nasional video dan beberapa foto yang berkaitan dengan budaya dan sejarah pak harto,museum soeharto adalah adalah bangunan berbudaya dan sejarah berbentuk museum yang menyimpan memoar dan peninggalan peninggalan jenderal besar tni soeharto yang diresmikan pada tahun museum ini berdiri di atas tanah milik soeharto yang terletak di dusun kemusuk lor desa argomulyo kecamatan sedayu kabupaten bantul daerah istimewa yogyakarta di dalam memorial ini terdapat sebuah bangunan joglo besar di pusat lokasi rumah kakek buyut pak harto yaitu notosudiro terdapat juga barang barang peninggalan diorama budaya dan sejarah kehidupan pak harto dokumen arsip nasional video dan beberapa foto yang berkaitan dengan budaya dan sejarah pak harto,museum soeharto adalah adalah bangunan berbudaya dan sejarah berbentuk museum yang menyimpan memoar dan peninggalan peninggalan jenderal besar tni soeharto yang diresmikan pada tahun museum ini berdiri di atas tanah milik soeharto yang terletak di dusun kemusuk lor desa argomulyo kecamatan sedayu kabupaten bantul daerah istimewa yogyakarta di dalam memorial ini terdapat sebuah bangunan joglo besar di pusat lokasi rumah kakek buyut pak harto yaitu notosudiro terdapat juga barang barang peninggalan diorama budaya dan sejarah kehidupan pak harto dokumen arsip nasional video dan beberapa foto yang berkaitan dengan budaya dan sejarah pak harto,"['museum', 'soeharto', 'adalah', 'adalah', 'bangunan', 'berbudaya', 'dan', 'sejarah', 'berbentuk', 'museum', 'yang', 'menyimpan', 'memoar', 'dan', 'peninggalan', 'peninggalan', 'jenderal', 'besar', 'tni', 'soeharto', 'yang', 'diresmikan', 'pada', 'tahun', 'museum', 'ini', 'berdiri', 'atas', 'tanah', 'milik', 'soeharto', 'yang', 'terletak', 'dusun', 'kemusuk', 'lor', 'desa', 'argomulyo', 'kecamatan', 'sedayu', 'kabupaten', 'bantul', 'daerah', 'istimewa', 'yogyakarta', 'dalam', 'memorial', 'ini', 'terdapat', 'sebuah', 'bangunan', 'joglo', 'besar', 'pusat', 'lokasi', 'rumah', 'kakek', 'buyut', 'pak', 'harto', 'yaitu', 'notosudiro', 'terdapat', 'juga', 'barang', 'barang', 'peninggalan', 'diorama', 'budaya', 'dan', 'sejarah', 'kehidupan', 'pak', 'harto', 'dokumen', 'arsip', 'nasional', 'video', 'dan', 'beberapa', 'foto', 'yang', 'berkaitan', 'dengan', 'budaya', 'dan', 'sejarah', 'pak', 'harto']",Museum,museum,museum,['museum'],0.0,4.4,,-7.7913177,110.2805284,2628.0,0.0,0.0,0.8800000000000001,0.0,museum,6,0.0,140,1,0
dataset2,76,Museum Monumen Pangeran Diponegoro,museum monumen pangeran diponegoro,museum monumen pangeran diponegoro,"['museum', 'monumen', 'pangeran', 'diponegoro']",museum monumen pangeran diponegoro adalah museum sekaligus monumen kediaman pangeran ketika dikepung oleh pihak belanda museum ini berisi berbagai peninggalan pangeran diponegoro di museum ini juga terdapat pendapa dan pringgitan yng didalamnya berisi benda benda berbudaya dan sejarah benda berbudaya dan sejarah tersebut berupa berbagai jenis senjata tradisional seperti keris tombak pedang panah dan masih banyak lagi senjata yang dikoleksi di dalam museum ini i museum monument pangeran diponegoro ini juga terdapat dinding yang berlubang yang menjadi jalan keluar pangeran diponegoro untuk bisa lolos dari kepungan penjajah belanda di museum ini juga terdapat barang peninggalan milik sri sultan hamengku buwono ii yaitu ketipung dan wilahan bonang penembung yang terbuat dari kayu dan perunggu yang berwarna merah dan kuning barang peninggalan sri sultan hb ii yang ada mencapai lebih dari buah disana juga terdapat dua senjata meriam yang terletak di depan dan disebelah timur pendopo serta ada berbagai macam peralatan rumah tangga seperti tempat menaruh siri canting teko dan bokor,museum monumen pangeran diponegoro adalah museum sekaligus monumen kediaman pangeran ketika dikepung oleh pihak belanda museum ini berisi berbagai peninggalan pangeran diponegoro di museum ini juga terdapat pendapa dan pringgitan yng didalamnya berisi benda benda berbudaya dan sejarah benda berbudaya dan sejarah tersebut berupa berbagai jenis senjata tradisional seperti keris tombak pedang panah dan masih banyak lagi senjata yang dikoleksi di dalam museum ini i museum monument pangeran diponegoro ini juga terdapat dinding yang berlubang yang menjadi jalan keluar pangeran diponegoro untuk bisa lolos dari kepungan penjajah belanda di museum ini juga terdapat barang peninggalan milik sri sultan hamengku buwono ii yaitu ketipung dan wilahan bonang penembung yang terbuat dari kayu dan perunggu yang berwarna merah dan kuning barang peninggalan sri sultan hb ii yang ada mencapai lebih dari buah disana juga terdapat dua senjata meriam yang terletak di depan dan disebelah timur pendopo serta ada berbagai macam peralatan rumah tangga seperti tempat menaruh siri canting teko dan bokor,museum monumen pangeran diponegoro adalah museum sekaligus monumen kediaman pangeran ketika dikepung oleh pihak belanda museum ini berisi berbagai peninggalan pangeran diponegoro di museum ini juga terdapat pendapa dan pringgitan yng didalamnya berisi benda benda berbudaya dan sejarah benda berbudaya dan sejarah tersebut berupa berbagai jenis senjata tradisional seperti keris tombak pedang panah dan masih banyak lagi senjata yang dikoleksi di dalam museum ini i museum monument pangeran diponegoro ini juga terdapat dinding yang berlubang yang menjadi jalan keluar pangeran diponegoro untuk bisa lolos dari kepungan penjajah belanda di museum ini juga terdapat barang peninggalan milik sri sultan hamengku buwono ii yaitu ketipung dan wilahan bonang penembung yang terbuat dari kayu dan perunggu yang berwarna merah dan kuning barang peninggalan sri sultan hb ii yang ada mencapai lebih dari buah disana juga terdapat dua senjata meriam yang terletak di depan dan disebelah timur pendopo serta ada berbagai macam peralatan rumah tangga seperti tempat menaruh siri canting teko dan bokor,"['museum', 'monumen', 'pangeran', 'diponegoro', 'adalah', 'museum', 'sekaligus', 'monumen', 'kediaman', 'pangeran', 'ketika', 'dikepung', 'oleh', 'pihak', 'belanda', 'museum', 'ini', 'berisi', 'berbagai', 'peninggalan', 'pangeran', 'diponegoro', 'museum', 'ini', 'juga', 'terdapat', 'pendapa', 'dan', 'pringgitan', 'yng', 'didalamnya', 'berisi', 'benda', 'benda', 'berbudaya', 'dan', 'sejarah', 'benda', 'berbudaya', 'dan', 'sejarah', 'tersebut', 'berupa', 'berbagai', 'jenis', 'senjata', 'tradisional', 'seperti', 'keris', 'tombak', 'pedang', 'panah', 'dan', 'masih', 'banyak', 'lagi', 'senjata', 'yang', 'dikoleksi', 'dalam', 'museum', 'ini', 'museum', 'monument', 'pangeran', 'diponegoro', 'ini', 'juga', 'terdapat', 'dinding', 'yang', 'berlubang', 'yang', 'menjadi', 'jalan', 'keluar', 'pangeran', 'diponegoro', 'untuk', 'bisa', 'lolos', 'dari', 'kepungan', 'penjajah', 'belanda', 'museum', 'ini', 'juga', 'terdapat', 'barang', 'peninggalan', 'milik', 'sri', 'sultan', 'hamengku', 'buwono', 'yaitu', 'ketipung', 'dan', 'wilahan', 'bonang', 'penembung', 'yang', 'terbuat', 'dari', 'kayu', 'dan', 'perunggu', 'yang', 'berwarna', 'merah', 'dan', 'kuning', 'barang', 'peninggalan', 'sri', 'sultan', 'yang', 'ada', 'mencapai', 'lebih', 'dari', 'buah', 'disana', 'juga', 'terdapat', 'dua', 'senjata', 'meriam', 'yang', 'terletak', 'depan', 'dan', 'disebelah', 'timur', 'pendopo', 'serta', 'ada', 'berbagai', 'macam', 'peralatan', 'rumah', 'tangga', 'seperti', 'tempat', 'menaruh', 'siri', 'canting', 'teko', 'dan', 'bokor']",Budaya_Dan_Sejarah,budaya dan sejarah,budaya dan sejarah,"['budaya', 'dan', 'sejarah']",0.0,4.4,,-7.7865891,110.3514473,1778.0,2000.0,2000.0,0.8800000000000001,0.0014492753623188,budaya,2,2000.0,141,1,0
dataset2,81,Museum Padepokan Sumber Karahajon,museum padepokan sumber karahajon,museum padepokan sumber karahajon,"['museum', 'padepokan', 'sumber', 'karahajon']",museum yang menyajikan nilai budaya spiritual dan sejarah lokal yang sarat filosofi jawa,museum yang menyajikan nilai budaya spiritual dan sejarah lokal yang sarat filosofi jawa,museum yang menyajikan nilai budaya spiritual dan sejarah lokal yang sarat filosofi jawa,"['museum', 'yang', 'menyajikan', 'nilai', 'budaya', 'spiritual', 'dan', 'sejarah', 'lokal', 'yang', 'sarat', 'filosofi', 'jawa']",Budaya_Dan_Sejarah,budaya dan sejarah,budaya dan sejarah,"['budaya', 'dan', 'sejarah']",0.0,4.3,,-7.859559,110.409273,19.0,0.0,0.0,0.86,0.0,budaya,2,0.0,142,1,0
dataset2,160,Musium Waterpark Wonoboyo,musium waterpark wonoboyo,musium waterpark wonoboyo,"['musium', 'waterpark', 'wonoboyo']",kombinasi antara museum dan taman air menawarkan edukasi sejarah serta wahana permainan air untuk anak anak,kombinasi antara museum dan taman air menawarkan edukasi sejarah serta wahana permainan air untuk anak anak,kombinasi antara museum dan taman air menawarkan edukasi sejarah serta wahana permainan air untuk anak anak,"['kombinasi', 'antara', 'museum', 'dan', 'taman', 'air', 'menawarkan', 'edukasi', 'sejarah', 'serta', 'wahana', 'permainan', 'air', 'untuk', 'anak', 'anak']",Budaya_Dan_Sejarah,budaya dan sejarah,budaya dan sejarah,"['budaya', 'dan', 'sejarah']",0.0,4.6,,-7.730046,110.536511,5.0,2500.0,2500.0,0.92,0.0018115942028985,budaya,2,2500.0,143,1,0
dataset2,199,"Nanggulan Rice Terrace, Watumurah, Pendowoharjo","nanggulan rice terrace, watumurah, pendowoharjo",nanggulan rice terrace watumurah pendowoharjo,"['nanggulan', 'rice', 'terrace', 'watumurah', 'pendowoharjo']",hamparan sawah bertingkat yang memesona di kawasan pedesaan nanggulan,hamparan sawah bertingkat yang memesona di kawasan pedesaan nanggulan,hamparan sawah bertingkat yang memesona di kawasan pedesaan nanggulan,"['hamparan', 'sawah', 'bertingkat', 'yang', 'memesona', 'kawasan', 'pedesaan', 'nanggulan']",Alam,alam,alam,['alam'],0.0,4.3,,-7.7479509,110.1903153,108.0,5000.0,5000.0,0.86,0.0036231884057971,cagar alam,1,5000.0,144,0,1
dataset2,386,Nglangkap Beach,nglangkap beach,nglangkap beach,"['nglangkap', 'beach']",pantai yang menawarkan keindahan alam dan suasana yang tenang cocok untuk bersantai dan menikmati pemandangan laut,pantai yang menawarkan keindahan alam dan suasana yang tenang cocok untuk bersantai dan menikmati pemandangan laut,pantai yang menawarkan keindahan alam dan suasana yang tenang cocok untuk bersantai dan menikmati pemandangan laut,"['pantai', 'yang', 'menawarkan', 'keindahan', 'alam', 'dan', 'suasana', 'yang', 'tenang', 'cocok', 'untuk', 'bersantai', 'dan', 'menikmati', 'pemandangan', 'laut']",Pantai,pantai,pantai,['pantai'],0.0,4.3,,-8.1107366,110.479256,39.0,10000.0,10000.0,0.86,0.0072463768115942,bahari,4,10000.0,145,0,1
dataset2,370,Ngobaran Beach,ngobaran beach,ngobaran beach,"['ngobaran', 'beach']",nama pantai ngobaran yang unik ini tentu tak lepas dari cerita masalalu kisahnya berawal dari kerajaan majapahit dan kerajaan demak sekitar tahun lalu bangunan berupa gapura dan patung patung simbol agama hindu dan budha didirikan tujuannya untuk menghormati kedatangan keturunan raja brawijaya v di pantai tersebut tak hanya gapura prasasti dan beberapa arca saja tapi anda juga akan menemukan bangunan joglo dengan aliran kejawen,nama pantai ngobaran yang unik ini tentu tak lepas dari cerita masalalu kisahnya berawal dari kerajaan majapahit dan kerajaan demak sekitar tahun lalu bangunan berupa gapura dan patung patung simbol agama hindu dan budha didirikan tujuannya untuk menghormati kedatangan keturunan raja brawijaya v di pantai tersebut tak hanya gapura prasasti dan beberapa arca saja tapi anda juga akan menemukan bangunan joglo dengan aliran kejawen,nama pantai ngobaran yang unik ini tentu tak lepas dari cerita masalalu kisahnya berawal dari kerajaan majapahit dan kerajaan demak sekitar tahun lalu bangunan berupa gapura dan patung patung simbol agama hindu dan budha didirikan tujuannya untuk menghormati kedatangan keturunan raja brawijaya v di pantai tersebut tak hanya gapura prasasti dan beberapa arca saja tapi anda juga akan menemukan bangunan joglo dengan aliran kejawen,"['nama', 'pantai', 'ngobaran', 'yang', 'unik', 'ini', 'tentu', 'tak', 'lepas', 'dari', 'cerita', 'masalalu', 'kisahnya', 'berawal', 'dari', 'kerajaan', 'majapahit', 'dan', 'kerajaan', 'demak', 'sekitar', 'tahun', 'lalu', 'bangunan', 'berupa', 'gapura', 'dan', 'patung', 'patung', 'simbol', 'agama', 'hindu', 'dan', 'budha', 'didirikan', 'tujuannya', 'untuk', 'menghormati', 'kedatangan', 'keturunan', 'raja', 'brawijaya', 'pantai', 'tersebut', 'tak', 'hanya', 'gapura', 'prasasti', 'dan', 'beberapa', 'arca', 'saja', 'tapi', 'anda', 'juga', 'akan', 'menemukan', 'bangunan', 'joglo', 'dengan', 'aliran', 'kejawen']",Alam,alam,alam,['alam'],0.0,4.6,,-8.1184844,110.5028785,1160.0,5000.0,5000.0,0.92,0.0036231884057971,cagar alam,1,5000.0,146,0,1
dataset2,133,Obelix Hills Sunset View,obelix hills sunset view,obelix hills sunset view,"['obelix', 'hills', 'sunset', 'view']",spot kekinian untuk menikmati sunset dengan caf outdoor dan banyak spot foto,spot kekinian untuk menikmati sunset dengan caf outdoor dan banyak spot foto,spot kekinian untuk menikmati sunset dengan caf outdoor dan banyak spot foto,"['spot', 'kekinian', 'untuk', 'menikmati', 'sunset', 'dengan', 'caf', 'outdoor', 'dan', 'banyak', 'spot', 'foto']",Buatan,buatan,buatan,['buatan'],0.0,4.6,,-7.8070316,110.5215714,99.0,15000.0,25000.0,0.92,0.0108695652173913,taman hiburan,3,15000.0,147,1,1
dataset2,503,Obyek Wisata BKK kendal sari,obyek wisata bkk kendal sari,obyek wisata bkk kendal sari,"['obyek', 'wisata', 'bkk', 'kendal', 'sari']",tempat wisata yang menawarkan keindahan alam dan fasilitas rekreasi untuk keluarga,tempat wisata yang menawarkan keindahan alam dan fasilitas rekreasi untuk keluarga,tempat wisata yang menawarkan keindahan alam dan fasilitas rekreasi untuk keluarga,"['tempat', 'wisata', 'yang', 'menawarkan', 'keindahan', 'alam', 'dan', 'fasilitas', 'rekreasi', 'untuk', 'keluarga']",Wisata Air,wisata air,wisata air,"['wisata', 'air']",0.0,4.7,,-7.6290107,110.4908773,3.0,60000.0,65000.0,0.94,0.0434782608695652,wisata air,5,60000.0,148,0,1
dataset2,479,Omah maggot ngaglik,omah maggot ngaglik,omah maggot ngaglik,"['omah', 'maggot', 'ngaglik']",wisata edukatif pengelolaan sampah organik menggunakan maggot larva lalat bsf cocok untuk pecinta lingkungan,wisata edukatif pengelolaan sampah organik menggunakan maggot larva lalat bsf cocok untuk pecinta lingkungan,wisata edukatif pengelolaan sampah organik menggunakan maggot larva lalat bsf cocok untuk pecinta lingkungan,"['wisata', 'edukatif', 'pengelolaan', 'sampah', 'organik', 'menggunakan', 'maggot', 'larva', 'lalat', 'bsf', 'cocok', 'untuk', 'pecinta', 'lingkungan']",Buatan,buatan,buatan,['buatan'],0.0,5.0,,-7.7130748,110.3945574,1.0,0.0,0.0,1.0,0.0,taman hiburan,3,0.0,149,1,1
dataset2,137,Padepokan suroloyo,padepokan suroloyo,padepokan suroloyo,"['padepokan', 'suroloyo']",tempat spiritual di perbukitan menoreh dengan pemandangan alam yang indah sering dikunjungi untuk meditasi dan menikmati matahari terbit,tempat spiritual di perbukitan menoreh dengan pemandangan alam yang indah sering dikunjungi untuk meditasi dan menikmati matahari terbit,tempat spiritual di perbukitan menoreh dengan pemandangan alam yang indah sering dikunjungi untuk meditasi dan menikmati matahari terbit,"['tempat', 'spiritual', 'perbukitan', 'menoreh', 'dengan', 'pemandangan', 'alam', 'yang', 'indah', 'sering', 'dikunjungi', 'untuk', 'meditasi', 'dan', 'menikmati', 'matahari', 'terbit']",Kuliner,kuliner,kuliner,['kuliner'],0.0,5.0,,-7.9497203,110.5415388,5.0,2000.0,2000.0,1.0,0.0014492753623188,lainnya,7,2000.0,150,0,1
dataset2,153,Pakem Sari Water Park,pakem sari water park,pakem sari water park,"['pakem', 'sari', 'water', 'park']",wahana air keluarga dengan berbagai permainan dan kolam untuk anak hingga dewasa,wahana air keluarga dengan berbagai permainan dan kolam untuk anak hingga dewasa,wahana air keluarga dengan berbagai permainan dan kolam untuk anak hingga dewasa,"['wahana', 'air', 'keluarga', 'dengan', 'berbagai', 'permainan', 'dan', 'kolam', 'untuk', 'anak', 'hingga', 'dewasa']",Wisata Air,wisata air,wisata air,"['wisata', 'air']",0.0,3.7,,-7.661928,110.413932,154.0,20000.0,20000.0,0.74,0.0144927536231884,wisata air,5,20000.0,151,0,1
dataset2,210,Pantai Bidara Tourism,pantai bidara tourism,pantai bidara tourism,"['pantai', 'bidara', 'tourism']",pantai dengan vegetasi bidara yang khas memberikan nuansa alami dan cocok untuk wisata keluarga,pantai dengan vegetasi bidara yang khas memberikan nuansa alami dan cocok untuk wisata keluarga,pantai dengan vegetasi bidara yang khas memberikan nuansa alami dan cocok untuk wisata keluarga,"['pantai', 'dengan', 'vegetasi', 'bidara', 'yang', 'khas', 'memberikan', 'nuansa', 'alami', 'dan', 'cocok', 'untuk', 'wisata', 'keluarga']",Pantai,pantai,pantai,['pantai'],0.0,4.0,,-7.932481,110.1127314,1.0,5000.0,5000.0,0.8,0.0036231884057971,bahari,4,5000.0,152,0,1
dataset2,385,Pantai Botorubuh,pantai botorubuh,pantai botorubuh,"['pantai', 'botorubuh']",pantai yang menawarkan keindahan alam dan suasana yang tenang cocok untuk bersantai dan menikmati pemandangan laut,pantai yang menawarkan keindahan alam dan suasana yang tenang cocok untuk bersantai dan menikmati pemandangan laut,pantai yang menawarkan keindahan alam dan suasana yang tenang cocok untuk bersantai dan menikmati pemandangan laut,"['pantai', 'yang', 'menawarkan', 'keindahan', 'alam', 'dan', 'suasana', 'yang', 'tenang', 'cocok', 'untuk', 'bersantai', 'dan', 'menikmati', 'pemandangan', 'laut']",Pantai,pantai,pantai,['pantai'],0.0,4.6,,-8.2003473,110.7082335,34.0,5000.0,5000.0,0.92,0.0036231884057971,bahari,4,5000.0,153,0,1
dataset2,401,Pantai Bukit Indah Nampu,pantai bukit indah nampu,pantai bukit indah nampu,"['pantai', 'bukit', 'indah', 'nampu']",pantai dengan bukit kecil dan pemandangan laut yang eksotis cocok untuk sunset hunting,pantai dengan bukit kecil dan pemandangan laut yang eksotis cocok untuk sunset hunting,pantai dengan bukit kecil dan pemandangan laut yang eksotis cocok untuk sunset hunting,"['pantai', 'dengan', 'bukit', 'kecil', 'dan', 'pemandangan', 'laut', 'yang', 'eksotis', 'cocok', 'untuk', 'sunset', 'hunting']",Pantai,pantai,pantai,['pantai'],0.0,4.4,,-8.1840158,110.7081369,125.0,10000.0,10000.0,0.8800000000000001,0.0072463768115942,bahari,4,10000.0,154,0,1
dataset2,392,Pantai Daerah Yogyakarta,pantai daerah yogyakarta,pantai daerah yogyakarta,"['pantai', 'daerah', 'yogyakarta']",deretan pantai indah seperti parangtritis indrayanti dan glagah menawarkan pasir putih sunset romantis serta aktivitas surfing dan kulineran,deretan pantai indah seperti parangtritis indrayanti dan glagah menawarkan pasir putih sunset romantis serta aktivitas surfing dan kulineran,deretan pantai indah seperti parangtritis indrayanti dan glagah menawarkan pasir putih sunset romantis serta aktivitas surfing dan kulineran,"['deretan', 'pantai', 'indah', 'seperti', 'parangtritis', 'indrayanti', 'dan', 'glagah', 'menawarkan', 'pasir', 'putih', 'sunset', 'romantis', 'serta', 'aktivitas', 'surfing', 'dan', 'kulineran']",Pantai,pantai,pantai,['pantai'],0.0,3.3,,-7.8753849,110.4262088,3.0,10000.0,20000.0,0.6599999999999999,0.0072463768115942,bahari,4,10000.0,155,0,1
dataset2,393,Pantai Daud,pantai daud,pantai daud,"['pantai', 'daud']",pantai yang relatif sepi menawarkan keindahan alam dengan pasir hitam dan ombak yang cocok untuk bersantai,pantai yang relatif sepi menawarkan keindahan alam dengan pasir hitam dan ombak yang cocok untuk bersantai,pantai yang relatif sepi menawarkan keindahan alam dengan pasir hitam dan ombak yang cocok untuk bersantai,"['pantai', 'yang', 'relatif', 'sepi', 'menawarkan', 'keindahan', 'alam', 'dengan', 'pasir', 'hitam', 'dan', 'ombak', 'yang', 'cocok', 'untuk', 'bersantai']",Pantai,pantai,pantai,['pantai'],0.0,4.4,,-8.157724,110.6246487,21.0,0.0,0.0,0.8800000000000001,0.0,bahari,4,0.0,156,0,1
dataset1,191,Pantai Drini,pantai drini,pantai drini,"['pantai', 'drini']","Pantai Drini adalah salah satu objek wisata yang terletak di Desa Banjarejo, Kecamatan Tanjungsari,Gunungkidul, Yogyakarta. Letaknya di sebelah timur Pantai Baron dan berjarak sekitar 1 km ke arah timur Pantai Sepanjang. Namun jarak sebenarnya yang harus ditempuh untuk sampai ke pantai ini sejauh 60 km atau sekitar 2-3 jam dari Kota Yogyakarta. Infrastruktur menuju ke Pantai Drini cukup mulus, walaupun jalan masuk untuk sampai ke pantai ini cukup terjal dan berkelok-kelok. Pantai Drini merupakan pantai yang langsung berhadapan dengan Samudra Hindia. Pantai ini memiliki lereng pantai yang cukup curam sekitar 10 derajat dan merupakan bagian dari Wonosari yang didominasi oleh batuan karst dari Gunung Sewu. Pantai ini belum banyak terjamah oleh wisatawan lokal maupun asing, karena letaknya yang berada di daerah terpencil. Sehingga, Pantai Drini ini dikenal dengan nama Pantai Perawan. Sebutan ini digunakan oleh masyarakat setempat karena kondisi Pantai Drini yang masih bersih, udara yang sejuk, air yang terasa dingin ditambah dengan hamparan pasir putih yang mempesona dan aliran airnya yang tidak seganas Pantai Parangtritis Pantai ini memiliki sebuah tebing besar yang berada di tengah-tengah pantai dan membagi pantai ini menjadi dua sisi, yaitu sisi barat dan sisi timur . Tebing ini terlihat begitu indah sehingga membuatnya seolah-olah seperti pulau kecil yang terapung di tengah pantai. Di atas karang ini dibangun mercusuar dimana dari menaranya mata kita akan dimanjakan dengan pemandangan yang luar biasa indahnya.. Di pantai ini pengunjung juga dapat melihat dengan jelas rumput-rumput laut di antara karang-karang laut dan biota laut lainnya.","pantai drini adalah salah satu objek wisata yang terletak di desa banjarejo, kecamatan tanjungsari,gunungkidul, yogyakarta. letaknya di sebelah timur pantai baron dan berjarak sekitar 1 km ke arah timur pantai sepanjang. namun jarak sebenarnya yang harus ditempuh untuk sampai ke pantai ini sejauh 60 km atau sekitar 2 3 jam dari kota yogyakarta. infrastruktur menuju ke pantai drini cukup mulus, walaupun jalan masuk untuk sampai ke pantai ini cukup terjal dan berkelok kelok. pantai drini merupakan pantai yang langsung berhadapan dengan samudra hindia. pantai ini memiliki lereng pantai yang cukup curam sekitar 10 derajat dan merupakan bagian dari wonosari yang didominasi oleh batuan karst dari gunung sewu. pantai ini belum banyak terjamah oleh wisatawan lokal maupun asing, karena letaknya yang berada di daerah terpencil. sehingga, pantai drini ini dikenal dengan nama pantai perawan. sebutan ini digunakan oleh masyarakat setempat karena kondisi pantai drini yang masih bersih, udara yang sejuk, air yang terasa dingin ditambah dengan hamparan pasir putih yang mempesona dan aliran airnya yang tidak seganas pantai parangtritis pantai ini memiliki sebuah tebing besar yang berada di tengah tengah pantai dan membagi pantai ini menjadi dua sisi, yaitu sisi barat dan sisi timur . tebing ini terlihat begitu indah sehingga membuatnya seolah olah seperti pulau kecil yang terapung di tengah pantai. di atas karang ini dibangun mercusuar dimana dari menaranya mata kita akan dimanjakan dengan pemandangan yang luar biasa indahnya.. di pantai ini pengunjung juga dapat melihat dengan jelas rumput rumput laut di antara karang karang laut dan biota laut lainnya.",pantai drini adalah salah satu objek wisata yang terletak di desa banjarejo kecamatan tanjungsarigunungkidul yogyakarta letaknya di sebelah timur pantai baron dan berjarak sekitar 1 km ke arah timur pantai sepanjang namun jarak sebenarnya yang harus ditempuh untuk sampai ke pantai ini sejauh 60 km atau sekitar 2 3 jam dari kota yogyakarta infrastruktur menuju ke pantai drini cukup mulus walaupun jalan masuk untuk sampai ke pantai ini cukup terjal dan berkelok kelok pantai drini merupakan pantai yang langsung berhadapan dengan samudra hindia pantai ini memiliki lereng pantai yang cukup curam sekitar 10 derajat dan merupakan bagian dari wonosari yang didominasi oleh batuan karst dari gunung sewu pantai ini belum banyak terjamah oleh wisatawan lokal maupun asing karena letaknya yang berada di daerah terpencil sehingga pantai drini ini dikenal dengan nama pantai perawan sebutan ini digunakan oleh masyarakat setempat karena kondisi pantai drini yang masih bersih udara yang sejuk air yang terasa dingin ditambah dengan hamparan pasir putih yang mempesona dan aliran airnya yang tidak seganas pantai parangtritis pantai ini memiliki sebuah tebing besar yang berada di tengah tengah pantai dan membagi pantai ini menjadi dua sisi yaitu sisi barat dan sisi timur tebing ini terlihat begitu indah sehingga membuatnya seolah olah seperti pulau kecil yang terapung di tengah pantai di atas karang ini dibangun mercusuar dimana dari menaranya mata kita akan dimanjakan dengan pemandangan yang luar biasa indahnya di pantai ini pengunjung juga dapat melihat dengan jelas rumput rumput laut di antara karang karang laut dan biota laut lainnya,"['pantai', 'drini', 'adalah', 'salah', 'satu', 'objek', 'wisata', 'yang', 'terletak', 'desa', 'banjarejo', 'kecamatan', 'tanjungsarigunungkidul', 'yogyakarta', 'letaknya', 'sebelah', 'timur', 'pantai', 'baron', 'dan', 'berjarak', 'sekitar', 'arah', 'timur', 'pantai', 'sepanjang', 'namun', 'jarak', 'sebenarnya', 'yang', 'harus', 'ditempuh', 'untuk', 'sampai', 'pantai', 'ini', 'sejauh', 'atau', 'sekitar', 'jam', 'dari', 'kota', 'yogyakarta', 'infrastruktur', 'menuju', 'pantai', 'drini', 'cukup', 'mulus', 'walaupun', 'jalan', 'masuk', 'untuk', 'sampai', 'pantai', 'ini', 'cukup', 'terjal', 'dan', 'berkelok', 'kelok', 'pantai', 'drini', 'merupakan', 'pantai', 'yang', 'langsung', 'berhadapan', 'dengan', 'samudra', 'hindia', 'pantai', 'ini', 'memiliki', 'lereng', 'pantai', 'yang', 'cukup', 'curam', 'sekitar', 'derajat', 'dan', 'merupakan', 'bagian', 'dari', 'wonosari', 'yang', 'didominasi', 'oleh', 'batuan', 'karst', 'dari', 'gunung', 'sewu', 'pantai', 'ini', 'belum', 'banyak', 'terjamah', 'oleh', 'wisatawan', 'lokal', 'maupun', 'asing', 'karena', 'letaknya', 'yang', 'berada', 'daerah', 'terpencil', 'sehingga', 'pantai', 'drini', 'ini', 'dikenal', 'dengan', 'nama', 'pantai', 'perawan', 'sebutan', 'ini', 'digunakan', 'oleh', 'masyarakat', 'setempat', 'karena', 'kondisi', 'pantai', 'drini', 'yang', 'masih', 'bersih', 'udara', 'yang', 'sejuk', 'air', 'yang', 'terasa', 'dingin', 'ditambah', 'dengan', 'hamparan', 'pasir', 'putih', 'yang', 'mempesona', 'dan', 'aliran', 'airnya', 'yang', 'tidak', 'seganas', 'pantai', 'parangtritis', 'pantai', 'ini', 'memiliki', 'sebuah', 'tebing', 'besar', 'yang', 'berada', 'tengah', 'tengah', 'pantai', 'dan', 'membagi', 'pantai', 'ini', 'menjadi', 'dua', 'sisi', 'yaitu', 'sisi', 'barat', 'dan', 'sisi', 'timur', 'tebing', 'ini', 'terlihat', 'begitu', 'indah', 'sehingga', 'membuatnya', 'seolah', 'olah', 'seperti', 'pulau', 'kecil', 'yang', 'terapung', 'tengah', 'pantai', 'atas', 'karang', 'ini', 'dibangun', 'mercusuar', 'dimana', 'dari', 'menaranya', 'mata', 'kita', 'akan', 'dimanjakan', 'dengan', 'pemandangan', 'yang', 'luar', 'biasa', 'indahnya', 'pantai', 'ini', 'pengunjung', 'juga', 'dapat', 'melihat', 'dengan', 'jelas', 'rumput', 'rumput', 'laut', 'antara', 'karang', 'karang', 'laut', 'dan', 'biota', 'laut', 'lainnya']",Bahari,bahari,bahari,['bahari'],10000.0,4.5,,-8.1384509,110.577522,0.0,0.0,0.0,0.9,,bahari,4,10000.0,157,0,1
dataset1,186,Pantai Glagah,pantai glagah,pantai glagah,"['pantai', 'glagah']",Pantai Glagah Indah adalah salah satu pantai yang menjadi objek wisata di provinsi Daerah Istimewa Yogyakarta. Pantai Glagah Indah merupakan salah satu pantai di Yogyakarta dengan hamparan pasir yang berwarna hitam dan banyak mengandung pasir besi. Pantai Glagah Indah memiliki akses yang baik,pantai glagah indah adalah salah satu pantai yang menjadi objek wisata di provinsi daerah istimewa yogyakarta. pantai glagah indah merupakan salah satu pantai di yogyakarta dengan hamparan pasir yang berwarna hitam dan banyak mengandung pasir besi. pantai glagah indah memiliki akses yang baik,pantai glagah indah adalah salah satu pantai yang menjadi objek wisata di provinsi daerah istimewa yogyakarta pantai glagah indah merupakan salah satu pantai di yogyakarta dengan hamparan pasir yang berwarna hitam dan banyak mengandung pasir besi pantai glagah indah memiliki akses yang baik,"['pantai', 'glagah', 'indah', 'adalah', 'salah', 'satu', 'pantai', 'yang', 'menjadi', 'objek', 'wisata', 'provinsi', 'daerah', 'istimewa', 'yogyakarta', 'pantai', 'glagah', 'indah', 'merupakan', 'salah', 'satu', 'pantai', 'yogyakarta', 'dengan', 'hamparan', 'pasir', 'yang', 'berwarna', 'hitam', 'dan', 'banyak', 'mengandung', 'pasir', 'besi', 'pantai', 'glagah', 'indah', 'memiliki', 'akses', 'yang', 'baik']",Bahari,bahari,bahari,['bahari'],5000.0,4.4,,-7.9119427,110.0647339,0.0,0.0,0.0,0.8800000000000001,,bahari,4,5000.0,158,0,1
dataset1,126,Pantai Goa Cemara,pantai goa cemara,pantai goa cemara,"['pantai', 'goa', 'cemara']","Pantai Goa Cemara (bahasa Jawa: ꦥꦱꦶꦱꦶꦂ​ ꦒꦸꦮ​ ꦕꦺꦩꦫ, translit. Pasisir Guwa Cemara​) adalah objek wisata pantai yang terletak di Dusun Patihan, Desa Gadingsari, Kecamatan Sanden, Kabupaten Bantul. Daerah Istimewa Yogyakarta. Pantai ini terletak tepatnya berdampingan dengan Pantai Samas dan Pantai Pandansari.\n\nPantai ini memiliki pasir berwarna hitam tapi lembut dengan ombak yang cukup besar kerakteristik pantai selatan. Pantai ini merupakan pantai pengembangan baru dimana terdapat banyak pohong Cemara udang rindang membentuk seperti goa, hal ini yang membuat pantai ini dinamai Goa Cemara. Pohon Cemara ini bertujuan untuk melindungi abrasi air laut dan menahan gumuk pasir supaya tidak mengalamai perpindahan akibat tiupan angin.","pantai goa cemara bahasa jawa , translit. pasisir guwa cemara adalah objek wisata pantai yang terletak di dusun patihan, desa gadingsari, kecamatan sanden, kabupaten bantul. daerah istimewa yogyakarta. pantai ini terletak tepatnya berdampingan dengan pantai samas dan pantai pandansari. n npantai ini memiliki pasir berwarna hitam tapi lembut dengan ombak yang cukup besar kerakteristik pantai selatan. pantai ini merupakan pantai pengembangan baru dimana terdapat banyak pohong cemara udang rindang membentuk seperti goa, hal ini yang membuat pantai ini dinamai goa cemara. pohon cemara ini bertujuan untuk melindungi abrasi air laut dan menahan gumuk pasir supaya tidak mengalamai perpindahan akibat tiupan angin.",pantai goa cemara bahasa jawa translit pasisir guwa cemara adalah objek wisata pantai yang terletak di dusun patihan desa gadingsari kecamatan sanden kabupaten bantul daerah istimewa yogyakarta pantai ini terletak tepatnya berdampingan dengan pantai samas dan pantai pandansari n npantai ini memiliki pasir berwarna hitam tapi lembut dengan ombak yang cukup besar kerakteristik pantai selatan pantai ini merupakan pantai pengembangan baru dimana terdapat banyak pohong cemara udang rindang membentuk seperti goa hal ini yang membuat pantai ini dinamai goa cemara pohon cemara ini bertujuan untuk melindungi abrasi air laut dan menahan gumuk pasir supaya tidak mengalamai perpindahan akibat tiupan angin,"['pantai', 'goa', 'cemara', 'bahasa', 'jawa', 'translit', 'pasisir', 'guwa', 'cemara', 'adalah', 'objek', 'wisata', 'pantai', 'yang', 'terletak', 'dusun', 'patihan', 'desa', 'gadingsari', 'kecamatan', 'sanden', 'kabupaten', 'bantul', 'daerah', 'istimewa', 'yogyakarta', 'pantai', 'ini', 'terletak', 'tepatnya', 'berdampingan', 'dengan', 'pantai', 'samas', 'dan', 'pantai', 'pandansari', 'npantai', 'ini', 'memiliki', 'pasir', 'berwarna', 'hitam', 'tapi', 'lembut', 'dengan', 'ombak', 'yang', 'cukup', 'besar', 'kerakteristik', 'pantai', 'selatan', 'pantai', 'ini', 'merupakan', 'pantai', 'pengembangan', 'baru', 'dimana', 'terdapat', 'banyak', 'pohong', 'cemara', 'udang', 'rindang', 'membentuk', 'seperti', 'goa', 'hal', 'ini', 'yang', 'membuat', 'pantai', 'ini', 'dinamai', 'goa', 'cemara', 'pohon', 'cemara', 'ini', 'bertujuan', 'untuk', 'melindungi', 'abrasi', 'air', 'laut', 'dan', 'menahan', 'gumuk', 'pasir', 'supaya', 'tidak', 'mengalamai', 'perpindahan', 'akibat', 'tiupan', 'angin']",Bahari,bahari,bahari,['bahari'],4000.0,4.3,,-7.999423,110.248963,0.0,0.0,0.0,0.86,,bahari,4,4000.0,159,0,1
dataset1,198,Pantai Greweng,pantai greweng,pantai greweng,"['pantai', 'greweng']","Di Kabupaten Gunungkidul, tidak sulit memilih pantai yang masih sepi dan indah. Pantai Greweng yang berada di Kecamatan Girisubo adalah satu di antaranya. Tidak hanya cantik, pantai ini juga dikenal sebagai destinasi untuk berkemah. Namun, siapkan energi lebih untuk mencapai lokasinya yang terpencil.","di kabupaten gunungkidul, tidak sulit memilih pantai yang masih sepi dan indah. pantai greweng yang berada di kecamatan girisubo adalah satu di antaranya. tidak hanya cantik, pantai ini juga dikenal sebagai destinasi untuk berkemah. namun, siapkan energi lebih untuk mencapai lokasinya yang terpencil.",di kabupaten gunungkidul tidak sulit memilih pantai yang masih sepi dan indah pantai greweng yang berada di kecamatan girisubo adalah satu di antaranya tidak hanya cantik pantai ini juga dikenal sebagai destinasi untuk berkemah namun siapkan energi lebih untuk mencapai lokasinya yang terpencil,"['kabupaten', 'gunungkidul', 'tidak', 'sulit', 'memilih', 'pantai', 'yang', 'masih', 'sepi', 'dan', 'indah', 'pantai', 'greweng', 'yang', 'berada', 'kecamatan', 'girisubo', 'adalah', 'satu', 'antaranya', 'tidak', 'hanya', 'cantik', 'pantai', 'ini', 'juga', 'dikenal', 'sebagai', 'destinasi', 'untuk', 'berkemah', 'namun', 'siapkan', 'energi', 'lebih', 'untuk', 'mencapai', 'lokasinya', 'yang', 'terpencil']",Bahari,bahari,bahari,['bahari'],5000.0,4.6,,-8.1978644,110.7186216,0.0,0.0,0.0,0.92,,bahari,4,5000.0,160,0,1
dataset2,403,Pantai Imorenggo,pantai imorenggo,pantai imorenggo,"['pantai', 'imorenggo']",pantai dengan pasir hitam eksotis di kulon progo menawarkan keindahan alam yang masih alami dan cocok untuk bersantai,pantai dengan pasir hitam eksotis di kulon progo menawarkan keindahan alam yang masih alami dan cocok untuk bersantai,pantai dengan pasir hitam eksotis di kulon progo menawarkan keindahan alam yang masih alami dan cocok untuk bersantai,"['pantai', 'dengan', 'pasir', 'hitam', 'eksotis', 'kulon', 'progo', 'menawarkan', 'keindahan', 'alam', 'yang', 'masih', 'alami', 'dan', 'cocok', 'untuk', 'bersantai']",Pantai,pantai,pantai,['pantai'],0.0,4.4,,-7.9658312,110.1824816,45.0,0.0,0.0,0.8800000000000001,0.0,bahari,4,0.0,161,0,1
dataset1,195,Pantai Jogan,pantai jogan,pantai jogan,"['pantai', 'jogan']","Pantai Jogan adalah objek wisata pantai yang terletak di Dusun Duwet, Purwodadi, Tepus, Kabupaten Gunungkidul, Daerah Istimewa Yogyakarta. Lokasinya berjarak kurang lebih 74 km dari Pusat kota Yogyakarta. Pantai ini terletak di jajaran pegunungan Gunungkidul, yang memberikan pemandangan alam tebing dan air terjun yang mengarah ke laut lepas.","pantai jogan adalah objek wisata pantai yang terletak di dusun duwet, purwodadi, tepus, kabupaten gunungkidul, daerah istimewa yogyakarta. lokasinya berjarak kurang lebih 74 km dari pusat kota yogyakarta. pantai ini terletak di jajaran pegunungan gunungkidul, yang memberikan pemandangan alam tebing dan air terjun yang mengarah ke laut lepas.",pantai jogan adalah objek wisata pantai yang terletak di dusun duwet purwodadi tepus kabupaten gunungkidul daerah istimewa yogyakarta lokasinya berjarak kurang lebih 74 km dari pusat kota yogyakarta pantai ini terletak di jajaran pegunungan gunungkidul yang memberikan pemandangan alam tebing dan air terjun yang mengarah ke laut lepas,"['pantai', 'jogan', 'adalah', 'objek', 'wisata', 'pantai', 'yang', 'terletak', 'dusun', 'duwet', 'purwodadi', 'tepus', 'kabupaten', 'gunungkidul', 'daerah', 'istimewa', 'yogyakarta', 'lokasinya', 'berjarak', 'kurang', 'lebih', 'dari', 'pusat', 'kota', 'yogyakarta', 'pantai', 'ini', 'terletak', 'jajaran', 'pegunungan', 'gunungkidul', 'yang', 'memberikan', 'pemandangan', 'alam', 'tebing', 'dan', 'air', 'terjun', 'yang', 'mengarah', 'laut', 'lepas']",Bahari,bahari,bahari,['bahari'],5000.0,4.4,,-8.180135,110.6763715,0.0,0.0,0.0,0.8800000000000001,,bahari,4,5000.0,162,0,1
dataset1,201,Pantai Kesirat,pantai kesirat,pantai kesirat,"['pantai', 'kesirat']","Pada umumnya pantai identik dengan pasirnya bukan, namun pantai kesirat memiliki keunikan tersendiri yang akan anda temukan disini. Pantai kesirat tidak memiliki pasir namun anda akan menemukan tebing tebing yang memeiliki struktur yang cantik kemudian anda kana menikmati pantai di atasnya, tempat ini juga sangat cocok untuk menikmati sunset. Keindahan pantai ini membuat semua orang tidak bisa melupakannya seperti janji mantan hehee.. pantai kesirat memiliki spot spot foto yang instagramable banget cocok sekali untuk kamu yang suka berfoto. Keunikan lain yang menjadi ciri khas dari wisata Pantai Kesirat adalah hadirnya sebuah pohon yang tampak berdiri kokoh yang menjadi ikon dari tempat wisata ini. Banyak wisatawan yang memanfaatkan pohon ini sebagai latar belakang foto mereka.","pada umumnya pantai identik dengan pasirnya bukan, namun pantai kesirat memiliki keunikan tersendiri yang akan anda temukan disini. pantai kesirat tidak memiliki pasir namun anda akan menemukan tebing tebing yang memeiliki struktur yang cantik kemudian anda kana menikmati pantai di atasnya, tempat ini juga sangat cocok untuk menikmati sunset. keindahan pantai ini membuat semua orang tidak bisa melupakannya seperti janji mantan hehee.. pantai kesirat memiliki spot spot foto yang instagramable banget cocok sekali untuk kamu yang suka berfoto. keunikan lain yang menjadi ciri khas dari wisata pantai kesirat adalah hadirnya sebuah pohon yang tampak berdiri kokoh yang menjadi ikon dari tempat wisata ini. banyak wisatawan yang memanfaatkan pohon ini sebagai latar belakang foto mereka.",pada umumnya pantai identik dengan pasirnya bukan namun pantai kesirat memiliki keunikan tersendiri yang akan anda temukan disini pantai kesirat tidak memiliki pasir namun anda akan menemukan tebing tebing yang memeiliki struktur yang cantik kemudian anda kana menikmati pantai di atasnya tempat ini juga sangat cocok untuk menikmati sunset keindahan pantai ini membuat semua orang tidak bisa melupakannya seperti janji mantan hehee pantai kesirat memiliki spot spot foto yang instagramable banget cocok sekali untuk kamu yang suka berfoto keunikan lain yang menjadi ciri khas dari wisata pantai kesirat adalah hadirnya sebuah pohon yang tampak berdiri kokoh yang menjadi ikon dari tempat wisata ini banyak wisatawan yang memanfaatkan pohon ini sebagai latar belakang foto mereka,"['pada', 'umumnya', 'pantai', 'identik', 'dengan', 'pasirnya', 'bukan', 'namun', 'pantai', 'kesirat', 'memiliki', 'keunikan', 'tersendiri', 'yang', 'akan', 'anda', 'temukan', 'disini', 'pantai', 'kesirat', 'tidak', 'memiliki', 'pasir', 'namun', 'anda', 'akan', 'menemukan', 'tebing', 'tebing', 'yang', 'memeiliki', 'struktur', 'yang', 'cantik', 'kemudian', 'anda', 'kana', 'menikmati', 'pantai', 'atasnya', 'tempat', 'ini', 'juga', 'sangat', 'cocok', 'untuk', 'menikmati', 'sunset', 'keindahan', 'pantai', 'ini', 'membuat', 'semua', 'orang', 'tidak', 'bisa', 'melupakannya', 'seperti', 'janji', 'mantan', 'hehee', 'pantai', 'kesirat', 'memiliki', 'spot', 'spot', 'foto', 'yang', 'instagramable', 'banget', 'cocok', 'sekali', 'untuk', 'kamu', 'yang', 'suka', 'berfoto', 'keunikan', 'lain', 'yang', 'menjadi', 'ciri', 'khas', 'dari', 'wisata', 'pantai', 'kesirat', 'adalah', 'hadirnya', 'sebuah', 'pohon', 'yang', 'tampak', 'berdiri', 'kokoh', 'yang', 'menjadi', 'ikon', 'dari', 'tempat', 'wisata', 'ini', 'banyak', 'wisatawan', 'yang', 'memanfaatkan', 'pohon', 'ini', 'sebagai', 'latar', 'belakang', 'foto', 'mereka']",Bahari,bahari,bahari,['bahari'],5000.0,4.6,90.0,-8.0961535,110.4350483,0.0,0.0,0.0,0.92,,bahari,4,5000.0,163,0,1
dataset1,185,Pantai Krakal,pantai krakal,pantai krakal,"['pantai', 'krakal']","Pantai krakal merupakan pantai strategis untuk singgah, selain bisa menikmati panorama laut, wisatawan juga bisa mencicipi kuliner laut. Terdapat icon berupa bangunan berbentuk ikan diatas bukit yang sering dijadikan tempat foto.","pantai krakal merupakan pantai strategis untuk singgah, selain bisa menikmati panorama laut, wisatawan juga bisa mencicipi kuliner laut. terdapat icon berupa bangunan berbentuk ikan diatas bukit yang sering dijadikan tempat foto.",pantai krakal merupakan pantai strategis untuk singgah selain bisa menikmati panorama laut wisatawan juga bisa mencicipi kuliner laut terdapat icon berupa bangunan berbentuk ikan diatas bukit yang sering dijadikan tempat foto,"['pantai', 'krakal', 'merupakan', 'pantai', 'strategis', 'untuk', 'singgah', 'selain', 'bisa', 'menikmati', 'panorama', 'laut', 'wisatawan', 'juga', 'bisa', 'mencicipi', 'kuliner', 'laut', 'terdapat', 'icon', 'berupa', 'bangunan', 'berbentuk', 'ikan', 'diatas', 'bukit', 'yang', 'sering', 'dijadikan', 'tempat', 'foto']",Bahari,bahari,bahari,['bahari'],10000.0,4.5,,-8.145019,110.5998857,0.0,0.0,0.0,0.9,,bahari,4,10000.0,164,0,1
dataset2,38,Pantai Kuwaru,pantai kuwaru,pantai kuwaru,"['pantai', 'kuwaru']",pantai kuwaru terkenal dengan wisata yang terkesan santai dan murah,pantai kuwaru terkenal dengan wisata yang terkesan santai dan murah,pantai kuwaru terkenal dengan wisata yang terkesan santai dan murah,"['pantai', 'kuwaru', 'terkenal', 'dengan', 'wisata', 'yang', 'terkesan', 'santai', 'dan', 'murah']",Pantai,pantai,pantai,['pantai'],0.0,4.1,,-7.989177883,110.2265599,1109.0,10000.0,10000.0,0.82,0.0072463768115942,bahari,4,10000.0,165,0,1
dataset2,384,Pantai Midodaren,pantai midodaren,pantai midodaren,"['pantai', 'midodaren']",pantai yang masih alami di kawasan gunungkidul cocok untuk yang ingin menikmati keindahan laut tanpa keramaian pasir putih dan batuan karang menambah pesona tempat ini,pantai yang masih alami di kawasan gunungkidul cocok untuk yang ingin menikmati keindahan laut tanpa keramaian pasir putih dan batuan karang menambah pesona tempat ini,pantai yang masih alami di kawasan gunungkidul cocok untuk yang ingin menikmati keindahan laut tanpa keramaian pasir putih dan batuan karang menambah pesona tempat ini,"['pantai', 'yang', 'masih', 'alami', 'kawasan', 'gunungkidul', 'cocok', 'untuk', 'yang', 'ingin', 'menikmati', 'keindahan', 'laut', 'tanpa', 'keramaian', 'pasir', 'putih', 'dan', 'batuan', 'karang', 'menambah', 'pesona', 'tempat', 'ini']",Pantai,pantai,pantai,['pantai'],0.0,4.5,,-8.1255992,110.521558,550.0,10000.0,15000.0,0.9,0.0072463768115942,bahari,4,10000.0,166,0,1
dataset2,417,Pantai Ngetun,pantai ngetun,pantai ngetun,"['pantai', 'ngetun']",pantai ngetun adalah keindahan yang sempurna dari yogyakarta khususnya gunung kidul keindahan biota lautnya memang tidak bisa dihindarkan,pantai ngetun adalah keindahan yang sempurna dari yogyakarta khususnya gunung kidul keindahan biota lautnya memang tidak bisa dihindarkan,pantai ngetun adalah keindahan yang sempurna dari yogyakarta khususnya gunung kidul keindahan biota lautnya memang tidak bisa dihindarkan,"['pantai', 'ngetun', 'adalah', 'keindahan', 'yang', 'sempurna', 'dari', 'yogyakarta', 'khususnya', 'gunung', 'kidul', 'keindahan', 'biota', 'lautnya', 'memang', 'tidak', 'bisa', 'dihindarkan']",Pantai,pantai,pantai,['pantai'],0.0,4.5,,-8.1703641,110.6526446,709.0,15000.0,15000.0,0.9,0.0108695652173913,bahari,4,15000.0,167,0,1
dataset2,397,Pantai Nglolang,pantai nglolang,pantai nglolang,"['pantai', 'nglolang']",pantai ini sangat indah dengan pasir putih dan ombak yang bergulung gulung dan menghempas karang ini masih terbilang sepi dan mengunjungi pantai yang masih sepi ini pastinya obat yang sangat manjur untuk menghilangkan kejenuhan setelah sehari hari berkutat dengan kesibukan deburan ombak yang menggulung gulung dan menghempas karang dan pemandangan cakrawala jauh di depan menjadi obat penetral suasana hati yang ampuh apalagi pemandangan di sekitar pantai ini dipercantik dengan dua tebing yang mengapit pantai,pantai ini sangat indah dengan pasir putih dan ombak yang bergulung gulung dan menghempas karang ini masih terbilang sepi dan mengunjungi pantai yang masih sepi ini pastinya obat yang sangat manjur untuk menghilangkan kejenuhan setelah sehari hari berkutat dengan kesibukan deburan ombak yang menggulung gulung dan menghempas karang dan pemandangan cakrawala jauh di depan menjadi obat penetral suasana hati yang ampuh apalagi pemandangan di sekitar pantai ini dipercantik dengan dua tebing yang mengapit pantai,pantai ini sangat indah dengan pasir putih dan ombak yang bergulung gulung dan menghempas karang ini masih terbilang sepi dan mengunjungi pantai yang masih sepi ini pastinya obat yang sangat manjur untuk menghilangkan kejenuhan setelah sehari hari berkutat dengan kesibukan deburan ombak yang menggulung gulung dan menghempas karang dan pemandangan cakrawala jauh di depan menjadi obat penetral suasana hati yang ampuh apalagi pemandangan di sekitar pantai ini dipercantik dengan dua tebing yang mengapit pantai,"['pantai', 'ini', 'sangat', 'indah', 'dengan', 'pasir', 'putih', 'dan', 'ombak', 'yang', 'bergulung', 'gulung', 'dan', 'menghempas', 'karang', 'ini', 'masih', 'terbilang', 'sepi', 'dan', 'mengunjungi', 'pantai', 'yang', 'masih', 'sepi', 'ini', 'pastinya', 'obat', 'yang', 'sangat', 'manjur', 'untuk', 'menghilangkan', 'kejenuhan', 'setelah', 'sehari', 'hari', 'berkutat', 'dengan', 'kesibukan', 'deburan', 'ombak', 'yang', 'menggulung', 'gulung', 'dan', 'menghempas', 'karang', 'dan', 'pemandangan', 'cakrawala', 'jauh', 'depan', 'menjadi', 'obat', 'penetral', 'suasana', 'hati', 'yang', 'ampuh', 'apalagi', 'pemandangan', 'sekitar', 'pantai', 'ini', 'dipercantik', 'dengan', 'dua', 'tebing', 'yang', 'mengapit', 'pantai']",Pantai,pantai,pantai,['pantai'],0.0,4.3,,-8.1360048,110.562855,1123.0,10000.0,10000.0,0.86,0.0072463768115942,bahari,4,10000.0,168,0,1
dataset2,375,Pantai Ngluwen,pantai ngluwen,pantai ngluwen,"['pantai', 'ngluwen']",pantai perawan yang tenang cocok untuk pelarian dari keramaian kota,pantai perawan yang tenang cocok untuk pelarian dari keramaian kota,pantai perawan yang tenang cocok untuk pelarian dari keramaian kota,"['pantai', 'perawan', 'yang', 'tenang', 'cocok', 'untuk', 'pelarian', 'dari', 'keramaian', 'kota']",Pantai,pantai,pantai,['pantai'],0.0,4.5,,-8.1140054,110.4898614,96.0,10000.0,10000.0,0.9,0.0072463768115942,bahari,4,10000.0,169,0,1
dataset1,189,Pantai Nguluran,pantai nguluran,pantai nguluran,"['pantai', 'nguluran']","Di pantai Nguluran anda hanya bisa melihat hamparan laut luas serta spot foto. Semua fasilitas itu adanya di atas tebing. Sekitar belasan meter dari permukaan air pantai. Spot favorit di resort pantai ini adalah teras kaca. Teras kaca ini dapat dijadikan spot selfie dengan latar belakang pantai. Pengunjung akan mendapatkan foto yang sangat bagus dan indah untuk dipajang di IG, FB, atau media sosial lain. Apalagi jika foto diambil saat sunset. Saat berfoto di teras kaca, pengunjung akan merasakan sensasi yang menegangkan. Sensasi tegang ini timbul akibat teras kaca yang tepat berdiri di atas pinggir laut. Sensasi yang timbul seperti berjalan di atas seutas tali pada ketingian belasan meter di atas air laut. Namun tidak perlu kuatir, pihak pengelola menjamin keselematan para pengunjung, sepanjang tidak melanggar peraturan yang sudah di buat pihak pengelola.","di pantai nguluran anda hanya bisa melihat hamparan laut luas serta spot foto. semua fasilitas itu adanya di atas tebing. sekitar belasan meter dari permukaan air pantai. spot favorit di resort pantai ini adalah teras kaca. teras kaca ini dapat dijadikan spot selfie dengan latar belakang pantai. pengunjung akan mendapatkan foto yang sangat bagus dan indah untuk dipajang di ig, fb, atau media sosial lain. apalagi jika foto diambil saat sunset. saat berfoto di teras kaca, pengunjung akan merasakan sensasi yang menegangkan. sensasi tegang ini timbul akibat teras kaca yang tepat berdiri di atas pinggir laut. sensasi yang timbul seperti berjalan di atas seutas tali pada ketingian belasan meter di atas air laut. namun tidak perlu kuatir, pihak pengelola menjamin keselematan para pengunjung, sepanjang tidak melanggar peraturan yang sudah di buat pihak pengelola.",di pantai nguluran anda hanya bisa melihat hamparan laut luas serta spot foto semua fasilitas itu adanya di atas tebing sekitar belasan meter dari permukaan air pantai spot favorit di resort pantai ini adalah teras kaca teras kaca ini dapat dijadikan spot selfie dengan latar belakang pantai pengunjung akan mendapatkan foto yang sangat bagus dan indah untuk dipajang di ig fb atau media sosial lain apalagi jika foto diambil saat sunset saat berfoto di teras kaca pengunjung akan merasakan sensasi yang menegangkan sensasi tegang ini timbul akibat teras kaca yang tepat berdiri di atas pinggir laut sensasi yang timbul seperti berjalan di atas seutas tali pada ketingian belasan meter di atas air laut namun tidak perlu kuatir pihak pengelola menjamin keselematan para pengunjung sepanjang tidak melanggar peraturan yang sudah di buat pihak pengelola,"['pantai', 'nguluran', 'anda', 'hanya', 'bisa', 'melihat', 'hamparan', 'laut', 'luas', 'serta', 'spot', 'foto', 'semua', 'fasilitas', 'itu', 'adanya', 'atas', 'tebing', 'sekitar', 'belasan', 'meter', 'dari', 'permukaan', 'air', 'pantai', 'spot', 'favorit', 'resort', 'pantai', 'ini', 'adalah', 'teras', 'kaca', 'teras', 'kaca', 'ini', 'dapat', 'dijadikan', 'spot', 'selfie', 'dengan', 'latar', 'belakang', 'pantai', 'pengunjung', 'akan', 'mendapatkan', 'foto', 'yang', 'sangat', 'bagus', 'dan', 'indah', 'untuk', 'dipajang', 'atau', 'media', 'sosial', 'lain', 'apalagi', 'jika', 'foto', 'diambil', 'saat', 'sunset', 'saat', 'berfoto', 'teras', 'kaca', 'pengunjung', 'akan', 'merasakan', 'sensasi', 'yang', 'menegangkan', 'sensasi', 'tegang', 'ini', 'timbul', 'akibat', 'teras', 'kaca', 'yang', 'tepat', 'berdiri', 'atas', 'pinggir', 'laut', 'sensasi', 'yang', 'timbul', 'seperti', 'berjalan', 'atas', 'seutas', 'tali', 'pada', 'ketingian', 'belasan', 'meter', 'atas', 'air', 'laut', 'namun', 'tidak', 'perlu', 'kuatir', 'pihak', 'pengelola', 'menjamin', 'keselematan', 'para', 'pengunjung', 'sepanjang', 'tidak', 'melanggar', 'peraturan', 'yang', 'sudah', 'buat', 'pihak', 'pengelola']",Bahari,bahari,bahari,['bahari'],10000.0,4.1,,-8.1060061,110.4618655,0.0,0.0,0.0,0.82,,bahari,4,10000.0,170,0,1
dataset1,177,Pantai Parangtritis,pantai parangtritis,pantai parangtritis,"['pantai', 'parangtritis']","Pantai Parangtritis (bahasa Jawa: ꦥꦱꦶꦱꦶꦂ ꦥꦫꦁꦠꦿꦶꦠꦶꦱ꧀, translit. Pasisir Parangtritis) adalah tempat wisata yang terletak di Desa Parangtritis, Kretek, Kabupaten Bantul, Daerah Istimewa Yogyakarta. Jaraknya kurang lebih 27 km dari pusat Kota Yogyakarta. Pantai ini boleh terbilang adalah salah satu destinasi wisata terkenal di Yogyakarta dan paling favorit diantara para wisatawan sejak lama, bahkan Pantai Parangtritis telah menjadi ikon pariwisata di Yogyakarta. Pantai Parangtritis mempunyai nilai simbolis yang merupakan garis yang bersifat magis yang menghubungkan Panggung Krapyak, Keraton Yogyakarta, Tugu Yogyakarta dan Gunung Merapi yang dikenal sebagai Garis Imajiner Yogyakarta.\nPantai yang terletak di sisi timur Pantai Parangkusumo ini terkenal diantara para wisatawan karena memiliki legenda yang melekat dengan Ratu Kidul sebagai penguasa laut selatan dan keindahannya. Pantai ini merupakan pantai yang cukup luas di Yogyakarta, berbeda dengan pantai-pantai di kawasan Yogyakarta lainya seperti Pantai di Gunungkidul yang ukurannya relatif kecil.","pantai parangtritis bahasa jawa , translit. pasisir parangtritis adalah tempat wisata yang terletak di desa parangtritis, kretek, kabupaten bantul, daerah istimewa yogyakarta. jaraknya kurang lebih 27 km dari pusat kota yogyakarta. pantai ini boleh terbilang adalah salah satu destinasi wisata terkenal di yogyakarta dan paling favorit diantara para wisatawan sejak lama, bahkan pantai parangtritis telah menjadi ikon pariwisata di yogyakarta. pantai parangtritis mempunyai nilai simbolis yang merupakan garis yang bersifat magis yang menghubungkan panggung krapyak, keraton yogyakarta, tugu yogyakarta dan gunung merapi yang dikenal sebagai garis imajiner yogyakarta. npantai yang terletak di sisi timur pantai parangkusumo ini terkenal diantara para wisatawan karena memiliki legenda yang melekat dengan ratu kidul sebagai penguasa laut selatan dan keindahannya. pantai ini merupakan pantai yang cukup luas di yogyakarta, berbeda dengan pantai pantai di kawasan yogyakarta lainya seperti pantai di gunungkidul yang ukurannya relatif kecil.",pantai parangtritis bahasa jawa translit pasisir parangtritis adalah tempat wisata yang terletak di desa parangtritis kretek kabupaten bantul daerah istimewa yogyakarta jaraknya kurang lebih 27 km dari pusat kota yogyakarta pantai ini boleh terbilang adalah salah satu destinasi wisata terkenal di yogyakarta dan paling favorit diantara para wisatawan sejak lama bahkan pantai parangtritis telah menjadi ikon pariwisata di yogyakarta pantai parangtritis mempunyai nilai simbolis yang merupakan garis yang bersifat magis yang menghubungkan panggung krapyak keraton yogyakarta tugu yogyakarta dan gunung merapi yang dikenal sebagai garis imajiner yogyakarta npantai yang terletak di sisi timur pantai parangkusumo ini terkenal diantara para wisatawan karena memiliki legenda yang melekat dengan ratu kidul sebagai penguasa laut selatan dan keindahannya pantai ini merupakan pantai yang cukup luas di yogyakarta berbeda dengan pantai pantai di kawasan yogyakarta lainya seperti pantai di gunungkidul yang ukurannya relatif kecil,"['pantai', 'parangtritis', 'bahasa', 'jawa', 'translit', 'pasisir', 'parangtritis', 'adalah', 'tempat', 'wisata', 'yang', 'terletak', 'desa', 'parangtritis', 'kretek', 'kabupaten', 'bantul', 'daerah', 'istimewa', 'yogyakarta', 'jaraknya', 'kurang', 'lebih', 'dari', 'pusat', 'kota', 'yogyakarta', 'pantai', 'ini', 'boleh', 'terbilang', 'adalah', 'salah', 'satu', 'destinasi', 'wisata', 'terkenal', 'yogyakarta', 'dan', 'paling', 'favorit', 'diantara', 'para', 'wisatawan', 'sejak', 'lama', 'bahkan', 'pantai', 'parangtritis', 'telah', 'menjadi', 'ikon', 'pariwisata', 'yogyakarta', 'pantai', 'parangtritis', 'mempunyai', 'nilai', 'simbolis', 'yang', 'merupakan', 'garis', 'yang', 'bersifat', 'magis', 'yang', 'menghubungkan', 'panggung', 'krapyak', 'keraton', 'yogyakarta', 'tugu', 'yogyakarta', 'dan', 'gunung', 'merapi', 'yang', 'dikenal', 'sebagai', 'garis', 'imajiner', 'yogyakarta', 'npantai', 'yang', 'terletak', 'sisi', 'timur', 'pantai', 'parangkusumo', 'ini', 'terkenal', 'diantara', 'para', 'wisatawan', 'karena', 'memiliki', 'legenda', 'yang', 'melekat', 'dengan', 'ratu', 'kidul', 'sebagai', 'penguasa', 'laut', 'selatan', 'dan', 'keindahannya', 'pantai', 'ini', 'merupakan', 'pantai', 'yang', 'cukup', 'luas', 'yogyakarta', 'berbeda', 'dengan', 'pantai', 'pantai', 'kawasan', 'yogyakarta', 'lainya', 'seperti', 'pantai', 'gunungkidul', 'yang', 'ukurannya', 'relatif', 'kecil']",Bahari,bahari,bahari,['bahari'],10000.0,4.5,,-8.024608,110.3298045,0.0,0.0,0.0,0.9,,bahari,4,10000.0,171,0,1
dataset2,409,Pantai Pasir Puncu,pantai pasir puncu,pantai pasir puncu,"['pantai', 'pasir', 'puncu']",pantai eksotis yang masih belum banyak diketahui wisatawan dengan pasir bersih dan tebing tebing batu yang unik,pantai eksotis yang masih belum banyak diketahui wisatawan dengan pasir bersih dan tebing tebing batu yang unik,pantai eksotis yang masih belum banyak diketahui wisatawan dengan pasir bersih dan tebing tebing batu yang unik,"['pantai', 'eksotis', 'yang', 'masih', 'belum', 'banyak', 'diketahui', 'wisatawan', 'dengan', 'pasir', 'bersih', 'dan', 'tebing', 'tebing', 'batu', 'yang', 'unik']",Pantai,pantai,pantai,['pantai'],0.0,4.0,,-7.8540573,109.9130624,188.0,5000.0,10000.0,0.8,0.0036231884057971,bahari,4,5000.0,172,0,1
dataset1,190,Pantai Samas,pantai samas,pantai samas,"['pantai', 'samas']","Pantai Samas (bahasa Jawa: ꦥꦱꦶꦱꦶꦂ​ꦱꦩꦱ꧀, translit. Pasisir Samas) merupakan salah satu pantai yang berada di deretan pantai sebelah timur Pantai Parangtritis. Lokasi Pantai Samas kurang lebih 14 km arah selatan Kota Bantul atau sekitar 35 km dari pusat Kota Yogyakarta, tepatnya di Desa Srigading, Kecamatan Sanden, Kabupaten Bantul, Daerah Istimewa Yogyakarta.","pantai samas bahasa jawa , translit. pasisir samas merupakan salah satu pantai yang berada di deretan pantai sebelah timur pantai parangtritis. lokasi pantai samas kurang lebih 14 km arah selatan kota bantul atau sekitar 35 km dari pusat kota yogyakarta, tepatnya di desa srigading, kecamatan sanden, kabupaten bantul, daerah istimewa yogyakarta.",pantai samas bahasa jawa translit pasisir samas merupakan salah satu pantai yang berada di deretan pantai sebelah timur pantai parangtritis lokasi pantai samas kurang lebih 14 km arah selatan kota bantul atau sekitar 35 km dari pusat kota yogyakarta tepatnya di desa srigading kecamatan sanden kabupaten bantul daerah istimewa yogyakarta,"['pantai', 'samas', 'bahasa', 'jawa', 'translit', 'pasisir', 'samas', 'merupakan', 'salah', 'satu', 'pantai', 'yang', 'berada', 'deretan', 'pantai', 'sebelah', 'timur', 'pantai', 'parangtritis', 'lokasi', 'pantai', 'samas', 'kurang', 'lebih', 'arah', 'selatan', 'kota', 'bantul', 'atau', 'sekitar', 'dari', 'pusat', 'kota', 'yogyakarta', 'tepatnya', 'desa', 'srigading', 'kecamatan', 'sanden', 'kabupaten', 'bantul', 'daerah', 'istimewa', 'yogyakarta']",Bahari,bahari,bahari,['bahari'],4000.0,4.0,45.0,-8.0045535,110.2703756,0.0,0.0,0.0,0.8,,bahari,4,4000.0,173,0,1
dataset2,209,Patung Kaligintung Lor,patung kaligintung lor,patung kaligintung lor,"['patung', 'kaligintung', 'lor']",monumen berbentuk patung sebagai ikon lokal yang menjadi titik penanda sejarah atau budaya wilayah kaligintung,monumen berbentuk patung sebagai ikon lokal yang menjadi titik penanda sejarah atau budaya wilayah kaligintung,monumen berbentuk patung sebagai ikon lokal yang menjadi titik penanda sejarah atau budaya wilayah kaligintung,"['monumen', 'berbentuk', 'patung', 'sebagai', 'ikon', 'lokal', 'yang', 'menjadi', 'titik', 'penanda', 'sejarah', 'atau', 'budaya', 'wilayah', 'kaligintung']",Alam,alam,alam,['alam'],0.0,5.0,,-7.8795782,110.0885,1.0,0.0,0.0,1.0,0.0,cagar alam,1,0.0,174,0,1
dataset2,140,PATUNG SULTAN AGUNG Imogiri,patung sultan agung imogiri,patung sultan agung imogiri,"['patung', 'sultan', 'agung', 'imogiri']",monumen penghormatan kepada sultan agung raja mataram yang legendaris terletak di kawasan makam raja raja imogiri,monumen penghormatan kepada sultan agung raja mataram yang legendaris terletak di kawasan makam raja raja imogiri,monumen penghormatan kepada sultan agung raja mataram yang legendaris terletak di kawasan makam raja raja imogiri,"['monumen', 'penghormatan', 'kepada', 'sultan', 'agung', 'raja', 'mataram', 'yang', 'legendaris', 'terletak', 'kawasan', 'makam', 'raja', 'raja', 'imogiri']",Budaya_Dan_Sejarah,budaya dan sejarah,budaya dan sejarah,"['budaya', 'dan', 'sejarah']",0.0,5.0,,-7.919995,110.3815984,1.0,0.0,0.0,1.0,0.0,budaya,2,0.0,175,1,0
dataset2,139,Pemancingan Adi Winata,pemancingan adi winata,pemancingan adi winata,"['pemancingan', 'adi', 'winata']",tempat rekreasi keluarga yang menawarkan fasilitas memancing warung makan dan suasana pedesaan yang sejuk,tempat rekreasi keluarga yang menawarkan fasilitas memancing warung makan dan suasana pedesaan yang sejuk,tempat rekreasi keluarga yang menawarkan fasilitas memancing warung makan dan suasana pedesaan yang sejuk,"['tempat', 'rekreasi', 'keluarga', 'yang', 'menawarkan', 'fasilitas', 'memancing', 'warung', 'makan', 'dan', 'suasana', 'pedesaan', 'yang', 'sejuk']",Wisata Air,wisata air,wisata air,"['wisata', 'air']",0.0,5.0,,-7.7045773,110.5120115,1.0,0.0,0.0,1.0,0.0,wisata air,5,0.0,176,0,1
dataset2,122,Pemancingan Sungkono,pemancingan sungkono,pemancingan sungkono,"['pemancingan', 'sungkono']",tempat wisata pemancingan yang cocok bagi para penggemar memancing dilengkapi dengan fasilitas yang nyaman,tempat wisata pemancingan yang cocok bagi para penggemar memancing dilengkapi dengan fasilitas yang nyaman,tempat wisata pemancingan yang cocok bagi para penggemar memancing dilengkapi dengan fasilitas yang nyaman,"['tempat', 'wisata', 'pemancingan', 'yang', 'cocok', 'bagi', 'para', 'penggemar', 'memancing', 'dilengkapi', 'dengan', 'fasilitas', 'yang', 'nyaman']",Wisata Air,wisata air,wisata air,"['wisata', 'air']",0.0,3.6,,-7.9436745,110.2288385,30.0,0.0,0.0,0.72,0.0,wisata air,5,0.0,177,0,1
dataset2,412,Pemecah Ombak Pantai Glagah,pemecah ombak pantai glagah,pemecah ombak pantai glagah,"['pemecah', 'ombak', 'pantai', 'glagah']",pemecah gelombang merupakan atraksi wisata utama yang ada di pantai glagah banyak pengunjung datang ke pantai ini untuk melihat secara langsung seperti apa pemecah gelombang itu ada dua pemecah gelombang di kawasan pantai glagah ini pemecah gelombang yang banyak dikunjungi wisatawan ada di sisi barat yang satu bagian dengan kawasan pantai pasir glagah pemecah gelombang sisi timur bisa dijangkau melalui dermaga adikarta,pemecah gelombang merupakan atraksi wisata utama yang ada di pantai glagah banyak pengunjung datang ke pantai ini untuk melihat secara langsung seperti apa pemecah gelombang itu ada dua pemecah gelombang di kawasan pantai glagah ini pemecah gelombang yang banyak dikunjungi wisatawan ada di sisi barat yang satu bagian dengan kawasan pantai pasir glagah pemecah gelombang sisi timur bisa dijangkau melalui dermaga adikarta,pemecah gelombang merupakan atraksi wisata utama yang ada di pantai glagah banyak pengunjung datang ke pantai ini untuk melihat secara langsung seperti apa pemecah gelombang itu ada dua pemecah gelombang di kawasan pantai glagah ini pemecah gelombang yang banyak dikunjungi wisatawan ada di sisi barat yang satu bagian dengan kawasan pantai pasir glagah pemecah gelombang sisi timur bisa dijangkau melalui dermaga adikarta,"['pemecah', 'gelombang', 'merupakan', 'atraksi', 'wisata', 'utama', 'yang', 'ada', 'pantai', 'glagah', 'banyak', 'pengunjung', 'datang', 'pantai', 'ini', 'untuk', 'melihat', 'secara', 'langsung', 'seperti', 'apa', 'pemecah', 'gelombang', 'itu', 'ada', 'dua', 'pemecah', 'gelombang', 'kawasan', 'pantai', 'glagah', 'ini', 'pemecah', 'gelombang', 'yang', 'banyak', 'dikunjungi', 'wisatawan', 'ada', 'sisi', 'barat', 'yang', 'satu', 'bagian', 'dengan', 'kawasan', 'pantai', 'pasir', 'glagah', 'pemecah', 'gelombang', 'sisi', 'timur', 'bisa', 'dijangkau', 'melalui', 'dermaga', 'adikarta']",Buatan,buatan,buatan,['buatan'],0.0,4.4,,-7.9190028,110.0775951,2683.0,5000.0,5000.0,0.8800000000000001,0.0036231884057971,taman hiburan,3,5000.0,178,1,1
dataset2,505,Permandian Alami Dan Supernatural,permandian alami dan supernatural,permandian alami dan supernatural,"['permandian', 'alami', 'dan', 'supernatural']",tempat pemandian yang dipercaya memiliki khasiat alami dan nilai spiritual oleh masyarakat sekitar,tempat pemandian yang dipercaya memiliki khasiat alami dan nilai spiritual oleh masyarakat sekitar,tempat pemandian yang dipercaya memiliki khasiat alami dan nilai spiritual oleh masyarakat sekitar,"['tempat', 'pemandian', 'yang', 'dipercaya', 'memiliki', 'khasiat', 'alami', 'dan', 'nilai', 'spiritual', 'oleh', 'masyarakat', 'sekitar']",Wisata Air,wisata air,wisata air,"['wisata', 'air']",0.0,4.0,,-7.7046102,110.3526466,3.0,5000.0,5000.0,0.8,0.0036231884057971,wisata air,5,5000.0,179,0,1
dataset2,217,Puncak Kleco Desa Wisata Tinalah,puncak kleco desa wisata tinalah,puncak kleco desa wisata tinalah,"['puncak', 'kleco', 'desa', 'wisata', 'tinalah']",spot sunrise yang berada di kawasan menoreh dengan gardu pandang dan suasana sejuk khas pegunungan dikenal sebagai tempat healing dan foto foto berlatar alam,spot sunrise yang berada di kawasan menoreh dengan gardu pandang dan suasana sejuk khas pegunungan dikenal sebagai tempat healing dan foto foto berlatar alam,spot sunrise yang berada di kawasan menoreh dengan gardu pandang dan suasana sejuk khas pegunungan dikenal sebagai tempat healing dan foto foto berlatar alam,"['spot', 'sunrise', 'yang', 'berada', 'kawasan', 'menoreh', 'dengan', 'gardu', 'pandang', 'dan', 'suasana', 'sejuk', 'khas', 'pegunungan', 'dikenal', 'sebagai', 'tempat', 'healing', 'dan', 'foto', 'foto', 'berlatar', 'alam']",Alam,alam,alam,['alam'],0.0,4.5,,-7.7125459,110.2045109,337.0,10000.0,10000.0,0.9,0.0072463768115942,cagar alam,1,10000.0,180,0,1
dataset2,278,Puncak Kobango Bike Park,puncak kobango bike park,puncak kobango bike park,"['puncak', 'kobango', 'bike', 'park']",tempat ideal bagi pecinta sepeda gunung dengan jalur menantang dan pemandangan indah,tempat ideal bagi pecinta sepeda gunung dengan jalur menantang dan pemandangan indah,tempat ideal bagi pecinta sepeda gunung dengan jalur menantang dan pemandangan indah,"['tempat', 'ideal', 'bagi', 'pecinta', 'sepeda', 'gunung', 'dengan', 'jalur', 'menantang', 'dan', 'pemandangan', 'indah']",Alam,alam,alam,['alam'],0.0,4.9,,-7.8976603,110.407079,7.0,0.0,0.0,0.98,0.0,cagar alam,1,0.0,181,0,1
dataset2,205,Puncak Kuda Sembrani-Desa Wisata Banjarasri,puncak kuda sembrani desa wisata banjarasri,puncak kuda sembrani desa wisata banjarasri,"['puncak', 'kuda', 'sembrani', 'desa', 'wisata', 'banjarasri']",puncak bukit dengan panorama hijau dan patung kuda legendaris spot favorit untuk bersantai dan berfoto,puncak bukit dengan panorama hijau dan patung kuda legendaris spot favorit untuk bersantai dan berfoto,puncak bukit dengan panorama hijau dan patung kuda legendaris spot favorit untuk bersantai dan berfoto,"['puncak', 'bukit', 'dengan', 'panorama', 'hijau', 'dan', 'patung', 'kuda', 'legendaris', 'spot', 'favorit', 'untuk', 'bersantai', 'dan', 'berfoto']",Alam,alam,alam,['alam'],0.0,4.4,,-7.6920487,110.2131553,19.0,12000.0,12000.0,0.8800000000000001,0.008695652173913,cagar alam,1,12000.0,182,0,1
dataset1,111,Puncak Pinus Becici,puncak pinus becici,puncak pinus becici,"['puncak', 'pinus', 'becici']","Puncak Pinus Becici atau Puncak Becici merupakan objek wisata yang berada di Desa Muntuk, Kecamatan Dlingo, Kabupaten Bantul, Yogyakarta. Pemandangan di kawasan ini sangat indah dengan hamparan perbukitan yang banyak di tumbuhi pohon pinus serta dapat melihat pesona Kota Yogyakarta dari ketinggian dengan gardu pandang. Dari bagian utara dapat melihat Candi Prambanan, bagian selatan terlihat garis lurus yang merupakan Pantai Selatan serta dapat melihat Gunung Merapi dan Gunung Sindoro.","puncak pinus becici atau puncak becici merupakan objek wisata yang berada di desa muntuk, kecamatan dlingo, kabupaten bantul, yogyakarta. pemandangan di kawasan ini sangat indah dengan hamparan perbukitan yang banyak di tumbuhi pohon pinus serta dapat melihat pesona kota yogyakarta dari ketinggian dengan gardu pandang. dari bagian utara dapat melihat candi prambanan, bagian selatan terlihat garis lurus yang merupakan pantai selatan serta dapat melihat gunung merapi dan gunung sindoro.",puncak pinus becici atau puncak becici merupakan objek wisata yang berada di desa muntuk kecamatan dlingo kabupaten bantul yogyakarta pemandangan di kawasan ini sangat indah dengan hamparan perbukitan yang banyak di tumbuhi pohon pinus serta dapat melihat pesona kota yogyakarta dari ketinggian dengan gardu pandang dari bagian utara dapat melihat candi prambanan bagian selatan terlihat garis lurus yang merupakan pantai selatan serta dapat melihat gunung merapi dan gunung sindoro,"['puncak', 'pinus', 'becici', 'atau', 'puncak', 'becici', 'merupakan', 'objek', 'wisata', 'yang', 'berada', 'desa', 'muntuk', 'kecamatan', 'dlingo', 'kabupaten', 'bantul', 'yogyakarta', 'pemandangan', 'kawasan', 'ini', 'sangat', 'indah', 'dengan', 'hamparan', 'perbukitan', 'yang', 'banyak', 'tumbuhi', 'pohon', 'pinus', 'serta', 'dapat', 'melihat', 'pesona', 'kota', 'yogyakarta', 'dari', 'ketinggian', 'dengan', 'gardu', 'pandang', 'dari', 'bagian', 'utara', 'dapat', 'melihat', 'candi', 'prambanan', 'bagian', 'selatan', 'terlihat', 'garis', 'lurus', 'yang', 'merupakan', 'pantai', 'selatan', 'serta', 'dapat', 'melihat', 'gunung', 'merapi', 'dan', 'gunung', 'sindoro']",Taman Hiburan,taman hiburan,taman hiburan,"['taman', 'hiburan']",3000.0,4.5,,-7.9020355,110.4374627,0.0,0.0,0.0,0.9,,taman hiburan,3,3000.0,183,1,1
dataset2,29,Puncak Suroloyo,puncak suroloyo,puncak suroloyo,"['puncak', 'suroloyo']",selain cocok untuk menyaksikan keindahan matahari terbenam puncak suroloyo juga terletak di ujung hamparan pegunungan menoreh yang membatasi provinsi jawa tengah dan daerah istimewa yogyakarta tepatnya kabupaten kulon progo dengan magelang berada di puncak suroloyo seolah sedang berada di atap benteng raksasa yang berwarna hijau hal itu wajar karena pegunungan menoreh tampak memanjang bagai benteng yang membatasi kabupaten magelang dengan kulon progo,selain cocok untuk menyaksikan keindahan matahari terbenam puncak suroloyo juga terletak di ujung hamparan pegunungan menoreh yang membatasi provinsi jawa tengah dan daerah istimewa yogyakarta tepatnya kabupaten kulon progo dengan magelang berada di puncak suroloyo seolah sedang berada di atap benteng raksasa yang berwarna hijau hal itu wajar karena pegunungan menoreh tampak memanjang bagai benteng yang membatasi kabupaten magelang dengan kulon progo,selain cocok untuk menyaksikan keindahan matahari terbenam puncak suroloyo juga terletak di ujung hamparan pegunungan menoreh yang membatasi provinsi jawa tengah dan daerah istimewa yogyakarta tepatnya kabupaten kulon progo dengan magelang berada di puncak suroloyo seolah sedang berada di atap benteng raksasa yang berwarna hijau hal itu wajar karena pegunungan menoreh tampak memanjang bagai benteng yang membatasi kabupaten magelang dengan kulon progo,"['selain', 'cocok', 'untuk', 'menyaksikan', 'keindahan', 'matahari', 'terbenam', 'puncak', 'suroloyo', 'juga', 'terletak', 'ujung', 'hamparan', 'pegunungan', 'menoreh', 'yang', 'membatasi', 'provinsi', 'jawa', 'tengah', 'dan', 'daerah', 'istimewa', 'yogyakarta', 'tepatnya', 'kabupaten', 'kulon', 'progo', 'dengan', 'magelang', 'berada', 'puncak', 'suroloyo', 'seolah', 'sedang', 'berada', 'atap', 'benteng', 'raksasa', 'yang', 'berwarna', 'hijau', 'hal', 'itu', 'wajar', 'karena', 'pegunungan', 'menoreh', 'tampak', 'memanjang', 'bagai', 'benteng', 'yang', 'membatasi', 'kabupaten', 'magelang', 'dengan', 'kulon', 'progo']",Alam,alam,alam,['alam'],0.0,4.4,,-7.646343961,110.1810727,1105.0,5000.0,5000.0,0.8800000000000001,0.0036231884057971,cagar alam,1,5000.0,184,0,1
dataset2,213,Punthuk Mongkrong,punthuk mongkrong,punthuk mongkrong,"['punthuk', 'mongkrong']",destinasi sunrise populer yang menawarkan panorama gunung merapi dan pegunungan menoreh dari ketinggian terdapat gardu pandang dan spot foto alam yang romantis cocok untuk wisata alam maupun healing singkat,destinasi sunrise populer yang menawarkan panorama gunung merapi dan pegunungan menoreh dari ketinggian terdapat gardu pandang dan spot foto alam yang romantis cocok untuk wisata alam maupun healing singkat,destinasi sunrise populer yang menawarkan panorama gunung merapi dan pegunungan menoreh dari ketinggian terdapat gardu pandang dan spot foto alam yang romantis cocok untuk wisata alam maupun healing singkat,"['destinasi', 'sunrise', 'populer', 'yang', 'menawarkan', 'panorama', 'gunung', 'merapi', 'dan', 'pegunungan', 'menoreh', 'dari', 'ketinggian', 'terdapat', 'gardu', 'pandang', 'dan', 'spot', 'foto', 'alam', 'yang', 'romantis', 'cocok', 'untuk', 'wisata', 'alam', 'maupun', 'healing', 'singkat']",Alam,alam,alam,['alam'],0.0,4.4,,-7.6345,110.174606,426.0,10000.0,10000.0,0.8800000000000001,0.0072463768115942,cagar alam,1,10000.0,185,0,1
dataset2,323,Raharjo Tour,raharjo tour,raharjo tour,"['raharjo', 'tour']",layanan tur yang menawarkan paket perjalanan wisata di yogyakarta dan sekitarnya,layanan tur yang menawarkan paket perjalanan wisata di yogyakarta dan sekitarnya,layanan tur yang menawarkan paket perjalanan wisata di yogyakarta dan sekitarnya,"['layanan', 'tur', 'yang', 'menawarkan', 'paket', 'perjalanan', 'wisata', 'yogyakarta', 'dan', 'sekitarnya']",Agrowisata,agrowisata,agrowisata,['agrowisata'],0.0,5.0,,-7.8266281,110.4077844,3.0,5000.0,5000.0,1.0,0.0036231884057971,lainnya,7,5000.0,186,0,1
dataset2,166,Ramadanu flower garden,ramadanu flower garden,ramadanu flower garden,"['ramadanu', 'flower', 'garden']",nama ramadanu tediri dari dua kata yakni rama dan danu rama digunakan karena taman ini dibuka pada bulan ramadan sementara danu dari nama dusun danurojo,nama ramadanu tediri dari dua kata yakni rama dan danu rama digunakan karena taman ini dibuka pada bulan ramadan sementara danu dari nama dusun danurojo,nama ramadanu tediri dari dua kata yakni rama dan danu rama digunakan karena taman ini dibuka pada bulan ramadan sementara danu dari nama dusun danurojo,"['nama', 'ramadanu', 'tediri', 'dari', 'dua', 'kata', 'yakni', 'rama', 'dan', 'danu', 'rama', 'digunakan', 'karena', 'taman', 'ini', 'dibuka', 'pada', 'bulan', 'ramadan', 'sementara', 'danu', 'dari', 'nama', 'dusun', 'danurojo']",Agrowisata,agrowisata,agrowisata,['agrowisata'],0.0,4.2,,-7.6478607,110.2879467,1087.0,5000.0,5000.0,0.8400000000000001,0.0036231884057971,lainnya,7,5000.0,187,0,1
dataset2,487,Randu Ijo,randu ijo,randu ijo,"['randu', 'ijo']",area wisata dengan konsep agroforestry yang menampilkan pohon randu dan edukasi lingkungan hidup,area wisata dengan konsep agroforestry yang menampilkan pohon randu dan edukasi lingkungan hidup,area wisata dengan konsep agroforestry yang menampilkan pohon randu dan edukasi lingkungan hidup,"['area', 'wisata', 'dengan', 'konsep', 'agroforestry', 'yang', 'menampilkan', 'pohon', 'randu', 'dan', 'edukasi', 'lingkungan', 'hidup']",Alam,alam,alam,['alam'],0.0,4.2,,-7.5657834,110.3686916,187.0,7000.0,15000.0,0.8400000000000001,0.0050724637681159,cagar alam,1,7000.0,188,0,1
dataset2,4,Restoe Boemi Kreo,restoe boemi kreo,restoe boemi kreo,"['restoe', 'boemi', 'kreo']",restoe boemi kreo sebuah rumah makan hasil karya nextdestinxction untuk masyarakat kreo,restoe boemi kreo sebuah rumah makan hasil karya nextdestinxction untuk masyarakat kreo,restoe boemi kreo sebuah rumah makan hasil karya nextdestinxction untuk masyarakat kreo,"['restoe', 'boemi', 'kreo', 'sebuah', 'rumah', 'makan', 'hasil', 'karya', 'nextdestinxction', 'untuk', 'masyarakat', 'kreo']",Alam,alam,alam,['alam'],0.0,4.5,,-7.723671547,110.231514,176.0,0.0,0.0,0.9,0.0,cagar alam,1,0.0,189,0,1
dataset2,477,Sabo Bronggang Argomulyo Cangkringan Sleman,sabo bronggang argomulyo cangkringan sleman,sabo bronggang argomulyo cangkringan sleman,"['sabo', 'bronggang', 'argomulyo', 'cangkringan', 'sleman']",sabo dam ini merupakan bangunan penahan lahar dingin gunung merapi kini juga difungsikan sebagai area edukasi mitigasi bencana dan spot foto berlatar gunung merapi yang megah,sabo dam ini merupakan bangunan penahan lahar dingin gunung merapi kini juga difungsikan sebagai area edukasi mitigasi bencana dan spot foto berlatar gunung merapi yang megah,sabo dam ini merupakan bangunan penahan lahar dingin gunung merapi kini juga difungsikan sebagai area edukasi mitigasi bencana dan spot foto berlatar gunung merapi yang megah,"['sabo', 'dam', 'ini', 'merupakan', 'bangunan', 'penahan', 'lahar', 'dingin', 'gunung', 'merapi', 'kini', 'juga', 'difungsikan', 'sebagai', 'area', 'edukasi', 'mitigasi', 'bencana', 'dan', 'spot', 'foto', 'berlatar', 'gunung', 'merapi', 'yang', 'megah']",Alam,alam,alam,['alam'],0.0,4.5,,-7.6639874,110.4646727,648.0,5000.0,5000.0,0.9,0.0036231884057971,cagar alam,1,5000.0,190,0,1
dataset2,190,Series Mahogany Village Nampurejo,series mahogany village nampurejo,series mahogany village nampurejo,"['series', 'mahogany', 'village', 'nampurejo']",kompleks wisata alam dan edukasi di tengah hutan mahoni menawarkan ketenangan homestay dan kegiatan outdoor ramah lingkungan,kompleks wisata alam dan edukasi di tengah hutan mahoni menawarkan ketenangan homestay dan kegiatan outdoor ramah lingkungan,kompleks wisata alam dan edukasi di tengah hutan mahoni menawarkan ketenangan homestay dan kegiatan outdoor ramah lingkungan,"['kompleks', 'wisata', 'alam', 'dan', 'edukasi', 'tengah', 'hutan', 'mahoni', 'menawarkan', 'ketenangan', 'homestay', 'dan', 'kegiatan', 'outdoor', 'ramah', 'lingkungan']",Agrowisata,agrowisata,agrowisata,['agrowisata'],0.0,4.4,,-7.86489,109.9833922,213.0,0.0,0.0,0.8800000000000001,0.0,lainnya,7,0.0,191,0,1
dataset2,241,Situs Candi Banjaran,situs candi banjaran,situs candi banjaran,"['situs', 'candi', 'banjaran']",reruntuhan candi kecil yang menyimpan cerita sejarah dan spiritual masa lalu,reruntuhan candi kecil yang menyimpan cerita sejarah dan spiritual masa lalu,reruntuhan candi kecil yang menyimpan cerita sejarah dan spiritual masa lalu,"['reruntuhan', 'candi', 'kecil', 'yang', 'menyimpan', 'cerita', 'sejarah', 'dan', 'spiritual', 'masa', 'lalu']",Budaya_Dan_Sejarah,budaya dan sejarah,budaya dan sejarah,"['budaya', 'dan', 'sejarah']",0.0,4.5,,-7.7215546,110.5259585,8.0,25000.0,25000.0,0.9,0.0181159420289855,budaya,2,25000.0,192,1,1
dataset2,432,Snack Wonderland,snack wonderland,snack wonderland,"['snack', 'wonderland']",destinasi wisata kuliner dan edukatif yang menyajikan aneka camilan khas indonesia dalam konsep interaktif dan instagramable cocok untuk wisata keluarga dan anak anak,destinasi wisata kuliner dan edukatif yang menyajikan aneka camilan khas indonesia dalam konsep interaktif dan instagramable cocok untuk wisata keluarga dan anak anak,destinasi wisata kuliner dan edukatif yang menyajikan aneka camilan khas indonesia dalam konsep interaktif dan instagramable cocok untuk wisata keluarga dan anak anak,"['destinasi', 'wisata', 'kuliner', 'dan', 'edukatif', 'yang', 'menyajikan', 'aneka', 'camilan', 'khas', 'indonesia', 'dalam', 'konsep', 'interaktif', 'dan', 'instagramable', 'cocok', 'untuk', 'wisata', 'keluarga', 'dan', 'anak', 'anak']",Buatan,buatan,buatan,['buatan'],0.0,4.1,,-7.7721185,110.4311704,327.0,10000.0,10000.0,0.82,0.0072463768115942,taman hiburan,3,10000.0,193,1,1
dataset2,87,Stasiun Kereta Api Bantul,stasiun kereta api bantul,stasiun kereta api bantul,"['stasiun', 'kereta', 'api', 'bantul']",bangunan stasiun tua yang kini tidak beroperasi namun menjadi titik historis transportasi dan jalur rel di wilayah bantul,bangunan stasiun tua yang kini tidak beroperasi namun menjadi titik historis transportasi dan jalur rel di wilayah bantul,bangunan stasiun tua yang kini tidak beroperasi namun menjadi titik historis transportasi dan jalur rel di wilayah bantul,"['bangunan', 'stasiun', 'tua', 'yang', 'kini', 'tidak', 'beroperasi', 'namun', 'menjadi', 'titik', 'historis', 'transportasi', 'dan', 'jalur', 'rel', 'wilayah', 'bantul']",Kuliner,kuliner,kuliner,['kuliner'],0.0,4.4,,-7.887327,110.329554,199.0,0.0,0.0,0.8800000000000001,0.0,lainnya,7,0.0,194,0,1
dataset2,159,Sumber Kluthuk,sumber kluthuk,sumber kluthuk,"['sumber', 'kluthuk']",mata air alami yang digunakan untuk kebutuhan sehari hari dan kegiatan ritual masyarakat setempat,mata air alami yang digunakan untuk kebutuhan sehari hari dan kegiatan ritual masyarakat setempat,mata air alami yang digunakan untuk kebutuhan sehari hari dan kegiatan ritual masyarakat setempat,"['mata', 'air', 'alami', 'yang', 'digunakan', 'untuk', 'kebutuhan', 'sehari', 'hari', 'dan', 'kegiatan', 'ritual', 'masyarakat', 'setempat']",Agrowisata,agrowisata,agrowisata,['agrowisata'],0.0,5.0,,-7.6655711,110.3521031,2.0,10000.0,10000.0,1.0,0.0072463768115942,lainnya,7,10000.0,195,0,1
dataset2,295,TAMAN GROUNDSILL BENDUNG TEGAL,taman groundsill bendung tegal,taman groundsill bendung tegal,"['taman', 'groundsill', 'bendung', 'tegal']",taman yang terletak di sekitar bendungan menyediakan area rekreasi dan edukasi tentang pengelolaan air,taman yang terletak di sekitar bendungan menyediakan area rekreasi dan edukasi tentang pengelolaan air,taman yang terletak di sekitar bendungan menyediakan area rekreasi dan edukasi tentang pengelolaan air,"['taman', 'yang', 'terletak', 'sekitar', 'bendungan', 'menyediakan', 'area', 'rekreasi', 'dan', 'edukasi', 'tentang', 'pengelolaan', 'air']",Buatan,buatan,buatan,['buatan'],0.0,5.0,,-7.9341898,110.3653539,3.0,10000.0,10000.0,1.0,0.0072463768115942,taman hiburan,3,10000.0,196,1,1
dataset2,212,Taman Kota Wates,taman kota wates,taman kota wates,"['taman', 'kota', 'wates']",ruang terbuka hijau di tengah kota wates yang cocok untuk berolahraga bersantai dan menikmati fasilitas taman kota tempat favorit warga lokal untuk rekreasi harian,ruang terbuka hijau di tengah kota wates yang cocok untuk berolahraga bersantai dan menikmati fasilitas taman kota tempat favorit warga lokal untuk rekreasi harian,ruang terbuka hijau di tengah kota wates yang cocok untuk berolahraga bersantai dan menikmati fasilitas taman kota tempat favorit warga lokal untuk rekreasi harian,"['ruang', 'terbuka', 'hijau', 'tengah', 'kota', 'wates', 'yang', 'cocok', 'untuk', 'berolahraga', 'bersantai', 'dan', 'menikmati', 'fasilitas', 'taman', 'kota', 'tempat', 'favorit', 'warga', 'lokal', 'untuk', 'rekreasi', 'harian']",Buatan,buatan,buatan,['buatan'],0.0,4.5,,-7.8584717,110.1600975,296.0,0.0,0.0,0.9,0.0,taman hiburan,3,0.0,197,1,1
dataset2,152,Taman Rekrasi Lembah Bedog,taman rekrasi lembah bedog,taman rekrasi lembah bedog,"['taman', 'rekrasi', 'lembah', 'bedog']",taman rekreasi yang menawarkan berbagai fasilitas untuk keluarga termasuk area bermain dan piknik,taman rekreasi yang menawarkan berbagai fasilitas untuk keluarga termasuk area bermain dan piknik,taman rekreasi yang menawarkan berbagai fasilitas untuk keluarga termasuk area bermain dan piknik,"['taman', 'rekreasi', 'yang', 'menawarkan', 'berbagai', 'fasilitas', 'untuk', 'keluarga', 'termasuk', 'area', 'bermain', 'dan', 'piknik']",Buatan,buatan,buatan,['buatan'],0.0,4.0,,-7.6800812,110.3545714,2.0,10000.0,10000.0,0.8,0.0072463768115942,taman hiburan,3,10000.0,198,1,1
dataset2,474,Tawangrejo Agro Tourism,tawangrejo agro tourism,tawangrejo agro tourism,"['tawangrejo', 'agro', 'tourism']",destinasi wisata agrowisata yang menyajikan keindahan alam serta pengalaman memetik buah langsung dari kebun,destinasi wisata agrowisata yang menyajikan keindahan alam serta pengalaman memetik buah langsung dari kebun,destinasi wisata agrowisata yang menyajikan keindahan alam serta pengalaman memetik buah langsung dari kebun,"['destinasi', 'wisata', 'agrowisata', 'yang', 'menyajikan', 'keindahan', 'alam', 'serta', 'pengalaman', 'memetik', 'buah', 'langsung', 'dari', 'kebun']",Agrowisata,agrowisata,agrowisata,['agrowisata'],0.0,4.4,,-7.6354887,110.4032545,31.0,30000.0,30000.0,0.8800000000000001,0.0217391304347826,lainnya,7,30000.0,199,0,1
dataset1,104,Tebing Breksi,tebing breksi,tebing breksi,"['tebing', 'breksi']","Tebing Breksi merupakan tempat wisata yang berada di wilayah Kabupaten Sleman. Lokasinya berada di sebelah selatan Candi Prambanan dan berdekatan dengan Candi Ijo serta Kompleks Keraton Boko. Lokasi Wisata Tebing Breksi tepatnya berada di Desa Sambirejo, Prambanan, Kabupaten Sleman, Daerah Istimewa Yogyakarta 55572.","tebing breksi merupakan tempat wisata yang berada di wilayah kabupaten sleman. lokasinya berada di sebelah selatan candi prambanan dan berdekatan dengan candi ijo serta kompleks keraton boko. lokasi wisata tebing breksi tepatnya berada di desa sambirejo, prambanan, kabupaten sleman, daerah istimewa yogyakarta 55572.",tebing breksi merupakan tempat wisata yang berada di wilayah kabupaten sleman lokasinya berada di sebelah selatan candi prambanan dan berdekatan dengan candi ijo serta kompleks keraton boko lokasi wisata tebing breksi tepatnya berada di desa sambirejo prambanan kabupaten sleman daerah istimewa yogyakarta 55572,"['tebing', 'breksi', 'merupakan', 'tempat', 'wisata', 'yang', 'berada', 'wilayah', 'kabupaten', 'sleman', 'lokasinya', 'berada', 'sebelah', 'selatan', 'candi', 'prambanan', 'dan', 'berdekatan', 'dengan', 'candi', 'ijo', 'serta', 'kompleks', 'keraton', 'boko', 'lokasi', 'wisata', 'tebing', 'breksi', 'tepatnya', 'berada', 'desa', 'sambirejo', 'prambanan', 'kabupaten', 'sleman', 'daerah', 'istimewa', 'yogyakarta', '55572']",Budaya,budaya,budaya,['budaya'],20000.0,4.4,,-7.7815714,110.5045827,0.0,0.0,0.0,0.8800000000000001,,budaya,2,20000.0,200,1,0
dataset2,144,TeknoPark Mega Andalan,teknopark mega andalan,teknopark mega andalan,"['teknopark', 'mega', 'andalan']",kawasan industri dan edukasi di kalasan sleman yang fokus pada produksi peralatan medis serta menjadi tempat kunjungan pembelajaran teknologi manufaktur,kawasan industri dan edukasi di kalasan sleman yang fokus pada produksi peralatan medis serta menjadi tempat kunjungan pembelajaran teknologi manufaktur,kawasan industri dan edukasi di kalasan sleman yang fokus pada produksi peralatan medis serta menjadi tempat kunjungan pembelajaran teknologi manufaktur,"['kawasan', 'industri', 'dan', 'edukasi', 'kalasan', 'sleman', 'yang', 'fokus', 'pada', 'produksi', 'peralatan', 'medis', 'serta', 'menjadi', 'tempat', 'kunjungan', 'pembelajaran', 'teknologi', 'manufaktur']",Agrowisata,agrowisata,agrowisata,['agrowisata'],0.0,4.5,,-7.803753,110.4830177,43.0,0.0,0.0,0.9,0.0,lainnya,7,0.0,201,0,1
dataset2,168,Tempat Wisata Mangir,tempat wisata mangir,tempat wisata mangir,"['tempat', 'wisata', 'mangir']",tempat wisata mangir merupakan destinasi bernuansa sejarah dan budaya yang terletak di wilayah pajangan bantul tempat ini menyimpan kisah legenda ki ageng mangir dan memiliki potensi wisata budaya pertanian serta alam pedesaan yang masih alami cocok untuk wisata edukasi dan napak tilas sejarah lokal,tempat wisata mangir merupakan destinasi bernuansa sejarah dan budaya yang terletak di wilayah pajangan bantul tempat ini menyimpan kisah legenda ki ageng mangir dan memiliki potensi wisata budaya pertanian serta alam pedesaan yang masih alami cocok untuk wisata edukasi dan napak tilas sejarah lokal,tempat wisata mangir merupakan destinasi bernuansa sejarah dan budaya yang terletak di wilayah pajangan bantul tempat ini menyimpan kisah legenda ki ageng mangir dan memiliki potensi wisata budaya pertanian serta alam pedesaan yang masih alami cocok untuk wisata edukasi dan napak tilas sejarah lokal,"['tempat', 'wisata', 'mangir', 'merupakan', 'destinasi', 'bernuansa', 'sejarah', 'dan', 'budaya', 'yang', 'terletak', 'wilayah', 'pajangan', 'bantul', 'tempat', 'ini', 'menyimpan', 'kisah', 'legenda', 'ageng', 'mangir', 'dan', 'memiliki', 'potensi', 'wisata', 'budaya', 'pertanian', 'serta', 'alam', 'pedesaan', 'yang', 'masih', 'alami', 'cocok', 'untuk', 'wisata', 'edukasi', 'dan', 'napak', 'tilas', 'sejarah', 'lokal']",Agrowisata,agrowisata,agrowisata,['agrowisata'],0.0,4.4,,-7.9001751,110.2752732,171.0,10000.0,10000.0,0.8800000000000001,0.0072463768115942,lainnya,7,10000.0,202,0,1
dataset2,490,Teras Merapi,teras merapi,teras merapi,"['teras', 'merapi']",destinasi dengan pemandangan langsung ke gunung merapi ideal untuk bersantai dan menikmati kopi,destinasi dengan pemandangan langsung ke gunung merapi ideal untuk bersantai dan menikmati kopi,destinasi dengan pemandangan langsung ke gunung merapi ideal untuk bersantai dan menikmati kopi,"['destinasi', 'dengan', 'pemandangan', 'langsung', 'gunung', 'merapi', 'ideal', 'untuk', 'bersantai', 'dan', 'menikmati', 'kopi']",Alam,alam,alam,['alam'],0.0,4.9,,-7.5876903,110.4558767,13.0,10000.0,10000.0,0.98,0.0072463768115942,cagar alam,1,10000.0,203,0,1
dataset2,482,Tourism Village Bokesan,tourism village bokesan,tourism village bokesan,"['tourism', 'village', 'bokesan']",desa wisata dengan pengalaman berkebun beternak dan edukasi alam,desa wisata dengan pengalaman berkebun beternak dan edukasi alam,desa wisata dengan pengalaman berkebun beternak dan edukasi alam,"['desa', 'wisata', 'dengan', 'pengalaman', 'berkebun', 'beternak', 'dan', 'edukasi', 'alam']",Agrowisata,agrowisata,agrowisata,['agrowisata'],0.0,4.4,,-7.706782,110.4742429,68.0,0.0,0.0,0.8800000000000001,0.0,lainnya,7,0.0,204,0,1
dataset2,458,Tourism Village Display,tourism village display,tourism village display,"['tourism', 'village', 'display']",galeri mini yang menampilkan ragam desa wisata di jogja sebagai inspirasi destinasi,galeri mini yang menampilkan ragam desa wisata di jogja sebagai inspirasi destinasi,galeri mini yang menampilkan ragam desa wisata di jogja sebagai inspirasi destinasi,"['galeri', 'mini', 'yang', 'menampilkan', 'ragam', 'desa', 'wisata', 'jogja', 'sebagai', 'inspirasi', 'destinasi']",Agrowisata,agrowisata,agrowisata,['agrowisata'],0.0,4.3,,-7.71528,110.3655598,128.0,5000.0,5000.0,0.86,0.0036231884057971,lainnya,7,5000.0,205,1,0
dataset2,339,Tourism Village Mina Padi Cibuk Kidul,tourism village mina padi cibuk kidul,tourism village mina padi cibuk kidul,"['tourism', 'village', 'mina', 'padi', 'cibuk', 'kidul']",desa wisata pertanian berbasis mina padi ikan dan padi edukatif dan ramah lingkungan,desa wisata pertanian berbasis mina padi ikan dan padi edukatif dan ramah lingkungan,desa wisata pertanian berbasis mina padi ikan dan padi edukatif dan ramah lingkungan,"['desa', 'wisata', 'pertanian', 'berbasis', 'mina', 'padi', 'ikan', 'dan', 'padi', 'edukatif', 'dan', 'ramah', 'lingkungan']",Agrowisata,agrowisata,agrowisata,['agrowisata'],0.0,4.2,,-7.7555134,110.3099247,147.0,0.0,0.0,0.8400000000000001,0.0,lainnya,7,0.0,206,0,1
dataset2,329,Tourism Village Mlangi,tourism village mlangi,tourism village mlangi,"['tourism', 'village', 'mlangi']",desa religius yang terkenal dengan pondok pesantren cocok untuk wisata religi dan budaya,desa religius yang terkenal dengan pondok pesantren cocok untuk wisata religi dan budaya,desa religius yang terkenal dengan pondok pesantren cocok untuk wisata religi dan budaya,"['desa', 'religius', 'yang', 'terkenal', 'dengan', 'pondok', 'pesantren', 'cocok', 'untuk', 'wisata', 'religi', 'dan', 'budaya']",Agrowisata,agrowisata,agrowisata,['agrowisata'],0.0,4.7,,-7.7622125,110.3313254,114.0,5000.0,5000.0,0.94,0.0036231884057971,lainnya,7,5000.0,207,0,1
dataset2,313,Tugu Ireng (Dusun Putat),tugu ireng dusun putat,tugu ireng dusun putat,"['tugu', 'ireng', 'dusun', 'putat']",tugu unik berwarna hitam yang menjadi penanda sejarah lokal dan spot menarik untuk dikunjungi,tugu unik berwarna hitam yang menjadi penanda sejarah lokal dan spot menarik untuk dikunjungi,tugu unik berwarna hitam yang menjadi penanda sejarah lokal dan spot menarik untuk dikunjungi,"['tugu', 'unik', 'berwarna', 'hitam', 'yang', 'menjadi', 'penanda', 'sejarah', 'lokal', 'dan', 'spot', 'menarik', 'untuk', 'dikunjungi']",Agrowisata,agrowisata,agrowisata,['agrowisata'],0.0,4.8,,-7.9581348,110.5170714,8.0,20000.0,20000.0,0.96,0.0144927536231884,lainnya,7,20000.0,208,0,1
dataset2,93,Tugu Mintoragan,tugu mintoragan,tugu mintoragan,"['tugu', 'mintoragan']",monumen penghargaan dengan nilai sejarah lokal menjadi bagian dari warisan budaya yogyakarta,monumen penghargaan dengan nilai sejarah lokal menjadi bagian dari warisan budaya yogyakarta,monumen penghargaan dengan nilai sejarah lokal menjadi bagian dari warisan budaya yogyakarta,"['monumen', 'penghargaan', 'dengan', 'nilai', 'sejarah', 'lokal', 'menjadi', 'bagian', 'dari', 'warisan', 'budaya', 'yogyakarta']",Buatan,buatan,buatan,['buatan'],0.0,4.7,,-7.8374755,110.4236451,6.0,0.0,0.0,0.94,0.0,taman hiburan,3,0.0,209,1,1
dataset2,202,Tuk Si Bedug,tuk si bedug,tuk si bedug,"['tuk', 'bedug']",sumber mata air alami yang dikeramatkan warga diyakini memiliki energi spiritual,sumber mata air alami yang dikeramatkan warga diyakini memiliki energi spiritual,sumber mata air alami yang dikeramatkan warga diyakini memiliki energi spiritual,"['sumber', 'mata', 'air', 'alami', 'yang', 'dikeramatkan', 'warga', 'diyakini', 'memiliki', 'energi', 'spiritual']",Wisata Air,wisata air,wisata air,"['wisata', 'air']",0.0,4.5,,-7.7343858,110.3004508,67.0,0.0,0.0,0.9,0.0,wisata air,5,0.0,210,0,1
dataset2,118,Vegetalika Faperta UGM,vegetalika faperta ugm,vegetalika faperta ugm,"['vegetalika', 'faperta', 'ugm']",kebun edukatif milik fakultas pertanian ugm yang digunakan untuk pembelajaran dan wisata agro,kebun edukatif milik fakultas pertanian ugm yang digunakan untuk pembelajaran dan wisata agro,kebun edukatif milik fakultas pertanian ugm yang digunakan untuk pembelajaran dan wisata agro,"['kebun', 'edukatif', 'milik', 'fakultas', 'pertanian', 'ugm', 'yang', 'digunakan', 'untuk', 'pembelajaran', 'dan', 'wisata', 'agro']",Pendidikan,pendidikan,pendidikan,['pendidikan'],0.0,4.3,,-7.7678488,110.3818991,3.0,0.0,0.0,0.86,0.0,lainnya,7,0.0,211,0,1
dataset2,35,Waduk Sermo,waduk sermo,waduk sermo,"['waduk', 'sermo']",waduk sermo merupakan sebuah waduk yang berada di kabupaten kulon progo daerah istimewa yogyakarta waduk seluas hektar ini dibangun mulai pada tahun dan diresmikan oleh presiden indonesia ke saat itu yaitu presiden soeharto pada november waduk ini dibangun dengan membendung kali ngrancah di desa hargowilis kecamatan kokap adanya pembangunan waduk ini juga mengahruskan pemerintah melakukan program transmigrasi sebanyak kk di transmigrasikan ke tak toi bengkulu ada banyak hal yang bisa sobat semua lakukan di tempat ini yang pertama yaitu berfoto di spot foto menarik terdapat berbagai macam spot foto menarik yang bisa dimanfaatkan pengunjung di tempat ini selanjutnya bagi sobat semua yang hobi memancing ikan tak ada salahnya mencoba memburu ikan setan merah yaitu ikan predator yang ada di waduk ini ikan merah merupakan primadona dikalangan pemancing di waduk sermo ini,waduk sermo merupakan sebuah waduk yang berada di kabupaten kulon progo daerah istimewa yogyakarta waduk seluas hektar ini dibangun mulai pada tahun dan diresmikan oleh presiden indonesia ke saat itu yaitu presiden soeharto pada november waduk ini dibangun dengan membendung kali ngrancah di desa hargowilis kecamatan kokap adanya pembangunan waduk ini juga mengahruskan pemerintah melakukan program transmigrasi sebanyak kk di transmigrasikan ke tak toi bengkulu ada banyak hal yang bisa sobat semua lakukan di tempat ini yang pertama yaitu berfoto di spot foto menarik terdapat berbagai macam spot foto menarik yang bisa dimanfaatkan pengunjung di tempat ini selanjutnya bagi sobat semua yang hobi memancing ikan tak ada salahnya mencoba memburu ikan setan merah yaitu ikan predator yang ada di waduk ini ikan merah merupakan primadona dikalangan pemancing di waduk sermo ini,waduk sermo merupakan sebuah waduk yang berada di kabupaten kulon progo daerah istimewa yogyakarta waduk seluas hektar ini dibangun mulai pada tahun dan diresmikan oleh presiden indonesia ke saat itu yaitu presiden soeharto pada november waduk ini dibangun dengan membendung kali ngrancah di desa hargowilis kecamatan kokap adanya pembangunan waduk ini juga mengahruskan pemerintah melakukan program transmigrasi sebanyak kk di transmigrasikan ke tak toi bengkulu ada banyak hal yang bisa sobat semua lakukan di tempat ini yang pertama yaitu berfoto di spot foto menarik terdapat berbagai macam spot foto menarik yang bisa dimanfaatkan pengunjung di tempat ini selanjutnya bagi sobat semua yang hobi memancing ikan tak ada salahnya mencoba memburu ikan setan merah yaitu ikan predator yang ada di waduk ini ikan merah merupakan primadona dikalangan pemancing di waduk sermo ini,"['waduk', 'sermo', 'merupakan', 'sebuah', 'waduk', 'yang', 'berada', 'kabupaten', 'kulon', 'progo', 'daerah', 'istimewa', 'yogyakarta', 'waduk', 'seluas', 'hektar', 'ini', 'dibangun', 'mulai', 'pada', 'tahun', 'dan', 'diresmikan', 'oleh', 'presiden', 'indonesia', 'saat', 'itu', 'yaitu', 'presiden', 'soeharto', 'pada', 'november', 'waduk', 'ini', 'dibangun', 'dengan', 'membendung', 'kali', 'ngrancah', 'desa', 'hargowilis', 'kecamatan', 'kokap', 'adanya', 'pembangunan', 'waduk', 'ini', 'juga', 'mengahruskan', 'pemerintah', 'melakukan', 'program', 'transmigrasi', 'sebanyak', 'transmigrasikan', 'tak', 'toi', 'bengkulu', 'ada', 'banyak', 'hal', 'yang', 'bisa', 'sobat', 'semua', 'lakukan', 'tempat', 'ini', 'yang', 'pertama', 'yaitu', 'berfoto', 'spot', 'foto', 'menarik', 'terdapat', 'berbagai', 'macam', 'spot', 'foto', 'menarik', 'yang', 'bisa', 'dimanfaatkan', 'pengunjung', 'tempat', 'ini', 'selanjutnya', 'bagi', 'sobat', 'semua', 'yang', 'hobi', 'memancing', 'ikan', 'tak', 'ada', 'salahnya', 'mencoba', 'memburu', 'ikan', 'setan', 'merah', 'yaitu', 'ikan', 'predator', 'yang', 'ada', 'waduk', 'ini', 'ikan', 'merah', 'merupakan', 'primadona', 'dikalangan', 'pemancing', 'waduk', 'sermo', 'ini']",Buatan,buatan,buatan,['buatan'],0.0,4.5,,-7.821219329,110.1149803,2057.0,5000.0,5000.0,0.9,0.0036231884057971,taman hiburan,3,5000.0,212,1,1
dataset2,437,Wanagama 1000 Selfie (WG1000S),wanagama 1000 selfie wg1000s,wanagama 1000 selfie wg1000s,"['wanagama', '1000', 'selfie', 'wg1000s']",hutan pendidikan wanagama dengan spot foto kekinian yang instagramable di tengah alam hijau,hutan pendidikan wanagama dengan spot foto kekinian yang instagramable di tengah alam hijau,hutan pendidikan wanagama dengan spot foto kekinian yang instagramable di tengah alam hijau,"['hutan', 'pendidikan', 'wanagama', 'dengan', 'spot', 'foto', 'kekinian', 'yang', 'instagramable', 'tengah', 'alam', 'hijau']",Alam,alam,alam,['alam'],0.0,4.5,,-7.8928168,110.5472087,157.0,5000.0,5000.0,0.9,0.0036231884057971,cagar alam,1,5000.0,213,0,1
dataset2,496,WATER PARK DESA SUDIMORO,water park desa sudimoro,water park desa sudimoro,"['water', 'park', 'desa', 'sudimoro']",wahana air desa yang menyenangkan dengan kolam renang dan permainan air untuk keluarga,wahana air desa yang menyenangkan dengan kolam renang dan permainan air untuk keluarga,wahana air desa yang menyenangkan dengan kolam renang dan permainan air untuk keluarga,"['wahana', 'air', 'desa', 'yang', 'menyenangkan', 'dengan', 'kolam', 'renang', 'dan', 'permainan', 'air', 'untuk', 'keluarga']",Wisata Air,wisata air,wisata air,"['wisata', 'air']",0.0,3.7,,-7.6132549,110.3519173,19.0,30000.0,40000.0,0.74,0.0217391304347826,wisata air,5,30000.0,214,0,1
dataset1,122,Watu Goyang,watu goyang,watu goyang,"['watu', 'goyang']","Watu Goyang ini berasal dari Bahasa Jawa yang berarti Batu yang bergoyang. Dulunya di tempat ini terdapat batu yang berada di puncak yang bias bergoyang ketika disentuh maupun didorong. Batu tersebut sudah ada sejak ratuhan tahun yang lalu. Para pengelola menjelaskan bahwa Watu Goyang ini tidak pernah roboh walaupun disetuh bahkan di panjat, tetapi pihak pengelola melarang kesar untuk pengunjung yang mencoba menaiki Watu Goyang tersebut karena akan sangat berbahaya bagi keselamatan. Keunikan dari batu raksasa itu adalah stukturnya yang memuat tonjolan-tonjolan yang unik. Pemandangan alam yang masih hijau dan gunung merapi terlihat sangat alami, sangat cocok bagi para pengunjung untuk menghilangkan rasa bosan dengan aktivitas sehari-hari di perkotaan. Berada di puncak ini pengunjung akan merasakan sejuknya suhu udara, terutama pada pagi hari. Dan ketika di siang hari, meskipun cuaca sedang panas, maka hembusan angin yang menyapa terasa segar dan nyaman.","watu goyang ini berasal dari bahasa jawa yang berarti batu yang bergoyang. dulunya di tempat ini terdapat batu yang berada di puncak yang bias bergoyang ketika disentuh maupun didorong. batu tersebut sudah ada sejak ratuhan tahun yang lalu. para pengelola menjelaskan bahwa watu goyang ini tidak pernah roboh walaupun disetuh bahkan di panjat, tetapi pihak pengelola melarang kesar untuk pengunjung yang mencoba menaiki watu goyang tersebut karena akan sangat berbahaya bagi keselamatan. keunikan dari batu raksasa itu adalah stukturnya yang memuat tonjolan tonjolan yang unik. pemandangan alam yang masih hijau dan gunung merapi terlihat sangat alami, sangat cocok bagi para pengunjung untuk menghilangkan rasa bosan dengan aktivitas sehari hari di perkotaan. berada di puncak ini pengunjung akan merasakan sejuknya suhu udara, terutama pada pagi hari. dan ketika di siang hari, meskipun cuaca sedang panas, maka hembusan angin yang menyapa terasa segar dan nyaman.",watu goyang ini berasal dari bahasa jawa yang berarti batu yang bergoyang dulunya di tempat ini terdapat batu yang berada di puncak yang bias bergoyang ketika disentuh maupun didorong batu tersebut sudah ada sejak ratuhan tahun yang lalu para pengelola menjelaskan bahwa watu goyang ini tidak pernah roboh walaupun disetuh bahkan di panjat tetapi pihak pengelola melarang kesar untuk pengunjung yang mencoba menaiki watu goyang tersebut karena akan sangat berbahaya bagi keselamatan keunikan dari batu raksasa itu adalah stukturnya yang memuat tonjolan tonjolan yang unik pemandangan alam yang masih hijau dan gunung merapi terlihat sangat alami sangat cocok bagi para pengunjung untuk menghilangkan rasa bosan dengan aktivitas sehari hari di perkotaan berada di puncak ini pengunjung akan merasakan sejuknya suhu udara terutama pada pagi hari dan ketika di siang hari meskipun cuaca sedang panas maka hembusan angin yang menyapa terasa segar dan nyaman,"['watu', 'goyang', 'ini', 'berasal', 'dari', 'bahasa', 'jawa', 'yang', 'berarti', 'batu', 'yang', 'bergoyang', 'dulunya', 'tempat', 'ini', 'terdapat', 'batu', 'yang', 'berada', 'puncak', 'yang', 'bias', 'bergoyang', 'ketika', 'disentuh', 'maupun', 'didorong', 'batu', 'tersebut', 'sudah', 'ada', 'sejak', 'ratuhan', 'tahun', 'yang', 'lalu', 'para', 'pengelola', 'menjelaskan', 'bahwa', 'watu', 'goyang', 'ini', 'tidak', 'pernah', 'roboh', 'walaupun', 'disetuh', 'bahkan', 'panjat', 'tetapi', 'pihak', 'pengelola', 'melarang', 'kesar', 'untuk', 'pengunjung', 'yang', 'mencoba', 'menaiki', 'watu', 'goyang', 'tersebut', 'karena', 'akan', 'sangat', 'berbahaya', 'bagi', 'keselamatan', 'keunikan', 'dari', 'batu', 'raksasa', 'itu', 'adalah', 'stukturnya', 'yang', 'memuat', 'tonjolan', 'tonjolan', 'yang', 'unik', 'pemandangan', 'alam', 'yang', 'masih', 'hijau', 'dan', 'gunung', 'merapi', 'terlihat', 'sangat', 'alami', 'sangat', 'cocok', 'bagi', 'para', 'pengunjung', 'untuk', 'menghilangkan', 'rasa', 'bosan', 'dengan', 'aktivitas', 'sehari', 'hari', 'perkotaan', 'berada', 'puncak', 'ini', 'pengunjung', 'akan', 'merasakan', 'sejuknya', 'suhu', 'udara', 'terutama', 'pada', 'pagi', 'hari', 'dan', 'ketika', 'siang', 'hari', 'meskipun', 'cuaca', 'sedang', 'panas', 'maka', 'hembusan', 'angin', 'yang', 'menyapa', 'terasa', 'segar', 'dan', 'nyaman']",Budaya,budaya,budaya,['budaya'],2500.0,4.4,45.0,-7.9274086,110.4120586,0.0,0.0,0.0,0.8800000000000001,,budaya,2,2500.0,215,1,0
dataset2,189,Watu Kendhil,watu kendhil,watu kendhil,"['watu', 'kendhil']",batu besar unik yang menjadi simbol lokal dan kerap dikunjungi untuk meditasi alam,batu besar unik yang menjadi simbol lokal dan kerap dikunjungi untuk meditasi alam,batu besar unik yang menjadi simbol lokal dan kerap dikunjungi untuk meditasi alam,"['batu', 'besar', 'unik', 'yang', 'menjadi', 'simbol', 'lokal', 'dan', 'kerap', 'dikunjungi', 'untuk', 'meditasi', 'alam']",Alam,alam,alam,['alam'],0.0,4.3,,-7.6353212,110.2147341,93.0,5000.0,5000.0,0.86,0.0036231884057971,cagar alam,1,5000.0,216,0,1
dataset1,131,Watu Lumbung,watu lumbung,watu lumbung,"['watu', 'lumbung']","Letak Kampung Edukasi Watu Lumbung yang berada di area perbukitan dipenuhi rerimbunan pohon jati, membuat pemandadangan dari tempat ini sangat indah sekali. Watu Lumbung dikonsep oleh M Boy Rifai sebagai tempat yang mengajarkan nilai-nilai edukasi, di mana Boy Rifai telah berhasil menyulap lahan tandus yang dulunya dibiarkan saja, kini menjadi tempat eksotis untuk menikmati malam maupun melihat sunset dan sunrise. Untuk menjaga keasrian di daerah sekitar tempat wisata pengelolah sengaja membangun area ini sebagai kawasan wisata yang selaras dengan alam.","letak kampung edukasi watu lumbung yang berada di area perbukitan dipenuhi rerimbunan pohon jati, membuat pemandadangan dari tempat ini sangat indah sekali. watu lumbung dikonsep oleh m boy rifai sebagai tempat yang mengajarkan nilai nilai edukasi, di mana boy rifai telah berhasil menyulap lahan tandus yang dulunya dibiarkan saja, kini menjadi tempat eksotis untuk menikmati malam maupun melihat sunset dan sunrise. untuk menjaga keasrian di daerah sekitar tempat wisata pengelolah sengaja membangun area ini sebagai kawasan wisata yang selaras dengan alam.",letak kampung edukasi watu lumbung yang berada di area perbukitan dipenuhi rerimbunan pohon jati membuat pemandadangan dari tempat ini sangat indah sekali watu lumbung dikonsep oleh m boy rifai sebagai tempat yang mengajarkan nilai nilai edukasi di mana boy rifai telah berhasil menyulap lahan tandus yang dulunya dibiarkan saja kini menjadi tempat eksotis untuk menikmati malam maupun melihat sunset dan sunrise untuk menjaga keasrian di daerah sekitar tempat wisata pengelolah sengaja membangun area ini sebagai kawasan wisata yang selaras dengan alam,"['letak', 'kampung', 'edukasi', 'watu', 'lumbung', 'yang', 'berada', 'area', 'perbukitan', 'dipenuhi', 'rerimbunan', 'pohon', 'jati', 'membuat', 'pemandadangan', 'dari', 'tempat', 'ini', 'sangat', 'indah', 'sekali', 'watu', 'lumbung', 'dikonsep', 'oleh', 'boy', 'rifai', 'sebagai', 'tempat', 'yang', 'mengajarkan', 'nilai', 'nilai', 'edukasi', 'mana', 'boy', 'rifai', 'telah', 'berhasil', 'menyulap', 'lahan', 'tandus', 'yang', 'dulunya', 'dibiarkan', 'saja', 'kini', 'menjadi', 'tempat', 'eksotis', 'untuk', 'menikmati', 'malam', 'maupun', 'melihat', 'sunset', 'dan', 'sunrise', 'untuk', 'menjaga', 'keasrian', 'daerah', 'sekitar', 'tempat', 'wisata', 'pengelolah', 'sengaja', 'membangun', 'area', 'ini', 'sebagai', 'kawasan', 'wisata', 'yang', 'selaras', 'dengan', 'alam']",Cagar Alam,cagar alam,cagar alam,"['cagar', 'alam']",5000.0,4.3,30.0,-7.9924379,110.317778,0.0,0.0,0.0,0.86,,cagar alam,1,5000.0,217,0,1
dataset2,183,Watu Tekek,watu tekek,watu tekek,"['watu', 'tekek']",batu besar unik yang menjadi ikon lokal berada di area wisata alam dengan suasana hening,batu besar unik yang menjadi ikon lokal berada di area wisata alam dengan suasana hening,batu besar unik yang menjadi ikon lokal berada di area wisata alam dengan suasana hening,"['batu', 'besar', 'unik', 'yang', 'menjadi', 'ikon', 'lokal', 'berada', 'area', 'wisata', 'alam', 'dengan', 'suasana', 'hening']",Alam,alam,alam,['alam'],0.0,4.1,,-7.6643486,110.2081121,129.0,10000.0,10000.0,0.82,0.0072463768115942,cagar alam,1,10000.0,218,0,1
dataset2,284,Wisata Alam Watu Amben,wisata alam watu amben,wisata alam watu amben,"['wisata', 'alam', 'watu', 'amben']",watu amben jogja merupakan sebuah wisata alam dimana kamu bisa menikmati lampu kota yogyakarta di malam hari salah satu wisata alam unik dari jogja adalah watu amben jogja objek wisata ini tidak hanya memiliki unsur alam namun juga unsur buatan objek wisata ini termasuk ke dalam komplek perbukitan bukit bintang gunung kidul dari atas bukit ini kamu bisa melihat indahnya pemandangan alam dan pemandangan kota jogja apalagi kalau dinikmati pada malam hari kamu bisa melihat kelap kelip lampu kota jogja tempat ini pun menjadi pilihan tempat nongkrong asyk bagi para masyarakat jogja khususnya para anak muda ya karena selain menikmati pemandangan kamu juga bisa menikmati hidangan lezat khas jogja,watu amben jogja merupakan sebuah wisata alam dimana kamu bisa menikmati lampu kota yogyakarta di malam hari salah satu wisata alam unik dari jogja adalah watu amben jogja objek wisata ini tidak hanya memiliki unsur alam namun juga unsur buatan objek wisata ini termasuk ke dalam komplek perbukitan bukit bintang gunung kidul dari atas bukit ini kamu bisa melihat indahnya pemandangan alam dan pemandangan kota jogja apalagi kalau dinikmati pada malam hari kamu bisa melihat kelap kelip lampu kota jogja tempat ini pun menjadi pilihan tempat nongkrong asyk bagi para masyarakat jogja khususnya para anak muda ya karena selain menikmati pemandangan kamu juga bisa menikmati hidangan lezat khas jogja,watu amben jogja merupakan sebuah wisata alam dimana kamu bisa menikmati lampu kota yogyakarta di malam hari salah satu wisata alam unik dari jogja adalah watu amben jogja objek wisata ini tidak hanya memiliki unsur alam namun juga unsur buatan objek wisata ini termasuk ke dalam komplek perbukitan bukit bintang gunung kidul dari atas bukit ini kamu bisa melihat indahnya pemandangan alam dan pemandangan kota jogja apalagi kalau dinikmati pada malam hari kamu bisa melihat kelap kelip lampu kota jogja tempat ini pun menjadi pilihan tempat nongkrong asyk bagi para masyarakat jogja khususnya para anak muda ya karena selain menikmati pemandangan kamu juga bisa menikmati hidangan lezat khas jogja,"['watu', 'amben', 'jogja', 'merupakan', 'sebuah', 'wisata', 'alam', 'dimana', 'kamu', 'bisa', 'menikmati', 'lampu', 'kota', 'yogyakarta', 'malam', 'hari', 'salah', 'satu', 'wisata', 'alam', 'unik', 'dari', 'jogja', 'adalah', 'watu', 'amben', 'jogja', 'objek', 'wisata', 'ini', 'tidak', 'hanya', 'memiliki', 'unsur', 'alam', 'namun', 'juga', 'unsur', 'buatan', 'objek', 'wisata', 'ini', 'termasuk', 'dalam', 'komplek', 'perbukitan', 'bukit', 'bintang', 'gunung', 'kidul', 'dari', 'atas', 'bukit', 'ini', 'kamu', 'bisa', 'melihat', 'indahnya', 'pemandangan', 'alam', 'dan', 'pemandangan', 'kota', 'jogja', 'apalagi', 'kalau', 'dinikmati', 'pada', 'malam', 'hari', 'kamu', 'bisa', 'melihat', 'kelap', 'kelip', 'lampu', 'kota', 'jogja', 'tempat', 'ini', 'pun', 'menjadi', 'pilihan', 'tempat', 'nongkrong', 'asyk', 'bagi', 'para', 'masyarakat', 'jogja', 'khususnya', 'para', 'anak', 'muda', 'karena', 'selain', 'menikmati', 'pemandangan', 'kamu', 'juga', 'bisa', 'menikmati', 'hidangan', 'lezat', 'khas', 'jogja']",Alam,alam,alam,['alam'],0.0,4.4,,-7.8576729,110.4727388,2235.0,0.0,0.0,0.8800000000000001,0.0,cagar alam,1,0.0,219,0,1
dataset2,314,Wisata Jaga Bendung,wisata jaga bendung,wisata jaga bendung,"['wisata', 'jaga', 'bendung']",wisata air dengan suasana alami di sekitar bendungan ideal untuk piknik keluarga atau sekadar bersantai,wisata air dengan suasana alami di sekitar bendungan ideal untuk piknik keluarga atau sekadar bersantai,wisata air dengan suasana alami di sekitar bendungan ideal untuk piknik keluarga atau sekadar bersantai,"['wisata', 'air', 'dengan', 'suasana', 'alami', 'sekitar', 'bendungan', 'ideal', 'untuk', 'piknik', 'keluarga', 'atau', 'sekadar', 'bersantai']",Wisata Air,wisata air,wisata air,"['wisata', 'air']",0.0,5.0,,-7.9087427,110.3797906,3.0,0.0,0.0,1.0,0.0,wisata air,5,0.0,220,0,1
dataset2,187,Wisata Taman Kelinci Borobudur,wisata taman kelinci borobudur,wisata taman kelinci borobudur,"['wisata', 'taman', 'kelinci', 'borobudur']",tempat wisata edukatif di dekat candi borobudur menawarkan interaksi dengan kelinci dan berbagai spot foto menarik,tempat wisata edukatif di dekat candi borobudur menawarkan interaksi dengan kelinci dan berbagai spot foto menarik,tempat wisata edukatif di dekat candi borobudur menawarkan interaksi dengan kelinci dan berbagai spot foto menarik,"['tempat', 'wisata', 'edukatif', 'dekat', 'candi', 'borobudur', 'menawarkan', 'interaksi', 'dengan', 'kelinci', 'dan', 'berbagai', 'spot', 'foto', 'menarik']",Agrowisata,agrowisata,agrowisata,['agrowisata'],0.0,4.8,,-7.6223711,110.2216511,44.0,20000.0,25000.0,0.96,0.0144927536231884,lainnya,7,20000.0,221,0,1
